{
    "file_name": "000000481861.jpg",
    "generator": "convert_to_region_cropper.py",
    "labels": [
        "position",
        "left_eye",
        "right_eye",
        "left_cheek",
        "right_cheek",
        "nose_base",
        "left_mouth",
        "right_mouth",
        "bottom_mouth"
    ],
    "regions": [
        {
            "label": 0,
            "probability": 0.999,
            "rect": {
                "bottom": 0.25,
                "left": 0.3671875,
                "right": 0.47265625,
                "top": 0.12109375
            }
        },
        {
            "label": 2,
            "probability": 0.999,
            "rect": {
                "bottom": 0.19073014,
                "left": 0.41174468,
                "right": 0.41174468,
                "top": 0.19073014
            }
        },
        {
            "label": 3,
            "probability": 0.999,
            "rect": {
                "bottom": 0.19273527,
                "left": 0.38862637,
                "right": 0.38862637,
                "top": 0.19273527
            }
        },
        {
            "label": 7,
            "probability": 0.999,
            "rect": {
                "bottom": 0.22186752,
                "left": 0.39816287,
                "right": 0.39816287,
                "top": 0.22186752
            }
        }
    ]
}