{
    "file_name": "000000549527.jpg",
    "generator": "convert_to_region_cropper.py",
    "labels": [
        "position",
        "left_eye",
        "right_eye",
        "left_cheek",
        "right_cheek",
        "nose_base",
        "left_mouth",
        "right_mouth",
        "bottom_mouth"
    ],
    "regions": [
        {
            "label": 0,
            "probability": 0.999,
            "rect": {
                "bottom": 0.203125,
                "left": 0.3828125,
                "right": 0.48828125,
                "top": 0.0703125
            }
        },
        {
            "label": 2,
            "probability": 0.999,
            "rect": {
                "bottom": 0.14477783,
                "left": 0.4267997,
                "right": 0.4267997,
                "top": 0.14477783
            }
        },
        {
            "label": 3,
            "probability": 0.999,
            "rect": {
                "bottom": 0.15658405,
                "left": 0.40745094,
                "right": 0.40745094,
                "top": 0.15658405
            }
        },
        {
            "label": 7,
            "probability": 0.999,
            "rect": {
                "bottom": 0.17996119,
                "left": 0.42788613,
                "right": 0.42788613,
                "top": 0.17996119
            }
        }
    ]
}