{
  "generator": "convert_to_region_cropper.py",
  "file_name": "000000004714.jpg",
  "regions": [
    {
      "probability": 1.0,
      "label": 0,
      "rect": {
        "left": 0.07792666,
        "top": 0.10296192,
        "right": 0.1784203,
        "bottom": 0.24118477
      }
    },
    {
      "probability": 0.999,
      "label": 0,
      "rect": {
        "left": 0.83203125,
        "top": 0.3046875,
        "right": 0.9296875,
        "bottom": 0.42578125
      }
    }
  ],
  "created_at": "2018-08-27T03:40:22.473"
}