{
    "file_name": "000000014281.jpg",
    "generator": "convert_to_region_cropper.py",
    "labels": [
        "position",
        "left_eye",
        "right_eye",
        "left_cheek",
        "right_cheek",
        "nose_base",
        "left_mouth",
        "right_mouth",
        "bottom_mouth"
    ],
    "regions": [
        {
            "label": 0,
            "probability": 0.999,
            "rect": {
                "bottom": 0.734375,
                "left": 0.1953125,
                "right": 0.73828125,
                "top": 0.05859375
            }
        },
        {
            "label": 1,
            "probability": 0.999,
            "rect": {
                "bottom": 0.40907776,
                "left": 0.5475316,
                "right": 0.5475316,
                "top": 0.40907776
            }
        },
        {
            "label": 2,
            "probability": 0.999,
            "rect": {
                "bottom": 0.44181484,
                "left": 0.42827114,
                "right": 0.42827114,
                "top": 0.44181484
            }
        },
        {
            "label": 4,
            "probability": 0.999,
            "rect": {
                "bottom": 0.4384657,
                "left": 0.6444453,
                "right": 0.6444453,
                "top": 0.4384657
            }
        }
    ]
}