{
    "file_name": "000000276841.jpg",
    "generator": "convert_to_region_cropper.py",
    "labels": [
        "position",
        "left_eye",
        "right_eye",
        "left_cheek",
        "right_cheek",
        "nose_base",
        "left_mouth",
        "right_mouth",
        "bottom_mouth"
    ],
    "regions": [
        {
            "label": 0,
            "probability": 0.999,
            "rect": {
                "bottom": 0.3828125,
                "left": 0.2890625,
                "right": 0.453125,
                "top": 0.17578125
            }
        },
        {
            "label": 1,
            "probability": 0.999,
            "rect": {
                "bottom": 0.28782988,
                "left": 0.39843863,
                "right": 0.39843863,
                "top": 0.28782988
            }
        },
        {
            "label": 2,
            "probability": 0.999,
            "rect": {
                "bottom": 0.2876421,
                "left": 0.34444007,
                "right": 0.34444007,
                "top": 0.2876421
            }
        },
        {
            "label": 3,
            "probability": 0.999,
            "rect": {
                "bottom": 0.3136697,
                "left": 0.3459226,
                "right": 0.3459226,
                "top": 0.3136697
            }
        }
    ]
}