{
    "file_name": "000000277422.jpg",
    "generator": "convert_to_region_cropper.py",
    "labels": [
        "position",
        "left_eye",
        "right_eye",
        "left_cheek",
        "right_cheek",
        "nose_base",
        "left_mouth",
        "right_mouth",
        "bottom_mouth"
    ],
    "regions": [
        {
            "label": 0,
            "probability": 0.999,
            "rect": {
                "bottom": 0.28515625,
                "left": 0.28515625,
                "right": 0.5,
                "top": 0.015625
            }
        },
        {
            "label": 4,
            "probability": 0.999,
            "rect": {
                "bottom": 0.18904537,
                "left": 0.46951163,
                "right": 0.46951163,
                "top": 0.18904537
            }
        },
        {
            "label": 5,
            "probability": 0.999,
            "rect": {
                "bottom": 0.21717888,
                "left": 0.38416454,
                "right": 0.38416454,
                "top": 0.21717888
            }
        },
        {
            "label": 8,
            "probability": 0.999,
            "rect": {
                "bottom": 0.24167524,
                "left": 0.38938338,
                "right": 0.38938338,
                "top": 0.24167524
            }
        }
    ]
}