{
    "file_name": "000000097660.jpg",
    "generator": "convert_to_region_cropper.py",
    "labels": [
        "position",
        "left_eye",
        "right_eye",
        "left_cheek",
        "right_cheek",
        "nose_base",
        "left_mouth",
        "right_mouth",
        "bottom_mouth"
    ],
    "regions": [
        {
            "label": 0,
            "probability": 0.999,
            "rect": {
                "bottom": 0.265625,
                "left": 0.0859375,
                "right": 0.19140625,
                "top": 0.1328125
            }
        },
        {
            "label": 2,
            "probability": 0.999,
            "rect": {
                "bottom": 0.2067552,
                "left": 0.12712337,
                "right": 0.12712337,
                "top": 0.2067552
            }
        },
        {
            "label": 3,
            "probability": 0.999,
            "rect": {
                "bottom": 0.21145384,
                "left": 0.102949195,
                "right": 0.102949195,
                "top": 0.21145384
            }
        },
        {
            "label": 7,
            "probability": 0.999,
            "rect": {
                "bottom": 0.23650366,
                "left": 0.12326344,
                "right": 0.12326344,
                "top": 0.23650366
            }
        }
    ]
}