{
    "file_name": "000000469301.jpg",
    "generator": "convert_to_region_cropper.py",
    "labels": [
        "position",
        "left_eye",
        "right_eye",
        "left_cheek",
        "right_cheek",
        "nose_base",
        "left_mouth",
        "right_mouth",
        "bottom_mouth"
    ],
    "regions": [
        {
            "label": 0,
            "probability": 0.999,
            "rect": {
                "bottom": 0.27734375,
                "left": 0.53125,
                "right": 0.63671875,
                "top": 0.14453125
            }
        },
        {
            "label": 2,
            "probability": 0.999,
            "rect": {
                "bottom": 0.21431889,
                "left": 0.56483006,
                "right": 0.56483006,
                "top": 0.21431889
            }
        },
        {
            "label": 3,
            "probability": 0.999,
            "rect": {
                "bottom": 0.23098621,
                "left": 0.5523805,
                "right": 0.5523805,
                "top": 0.23098621
            }
        },
        {
            "label": 7,
            "probability": 0.999,
            "rect": {
                "bottom": 0.25213516,
                "left": 0.57369775,
                "right": 0.57369775,
                "top": 0.25213516
            }
        }
    ]
}