{
    "file_name": "000000107009.jpg",
    "generator": "convert_to_region_cropper.py",
    "labels": [
        "position",
        "left_eye",
        "right_eye",
        "left_cheek",
        "right_cheek",
        "nose_base",
        "left_mouth",
        "right_mouth",
        "bottom_mouth"
    ],
    "regions": [
        {
            "label": 0,
            "probability": 0.999,
            "rect": {
                "bottom": 0.28515625,
                "left": 0.140625,
                "right": 0.27734375,
                "top": 0.11328125
            }
        },
        {
            "label": 1,
            "probability": 0.999,
            "rect": {
                "bottom": 0.20900746,
                "left": 0.23109894,
                "right": 0.23109894,
                "top": 0.20900746
            }
        },
        {
            "label": 4,
            "probability": 0.999,
            "rect": {
                "bottom": 0.22266813,
                "left": 0.2626198,
                "right": 0.2626198,
                "top": 0.22266813
            }
        },
        {
            "label": 6,
            "probability": 0.999,
            "rect": {
                "bottom": 0.24337664,
                "left": 0.22984928,
                "right": 0.22984928,
                "top": 0.24337664
            }
        }
    ]
}