{
    "file_name": "000000066443.jpg",
    "generator": "convert_to_region_cropper.py",
    "labels": [
        "position",
        "left_eye",
        "right_eye",
        "left_cheek",
        "right_cheek",
        "nose_base",
        "left_mouth",
        "right_mouth",
        "bottom_mouth"
    ],
    "regions": [
        {
            "label": 0,
            "probability": 0.999,
            "rect": {
                "bottom": 0.49609375,
                "left": 0.5078125,
                "right": 0.61328125,
                "top": 0.36328125
            }
        },
        {
            "label": 1,
            "probability": 0.999,
            "rect": {
                "bottom": 0.43738908,
                "left": 0.5772271,
                "right": 0.5772271,
                "top": 0.43738908
            }
        },
        {
            "label": 3,
            "probability": 0.999,
            "rect": {
                "bottom": 0.44531783,
                "left": 0.5342344,
                "right": 0.5342344,
                "top": 0.44531783
            }
        },
        {
            "label": 5,
            "probability": 0.999,
            "rect": {
                "bottom": 0.47112438,
                "left": 0.5695721,
                "right": 0.5695721,
                "top": 0.47112438
            }
        }
    ]
}