{
    "file_name": "000000102765.jpg",
    "generator": "convert_to_region_cropper.py",
    "labels": [
        "position",
        "left_eye",
        "right_eye",
        "left_cheek",
        "right_cheek",
        "nose_base",
        "left_mouth",
        "right_mouth",
        "bottom_mouth"
    ],
    "regions": [
        {
            "label": 0,
            "probability": 0.999,
            "rect": {
                "bottom": 0.30859375,
                "left": 0.6796875,
                "right": 0.78125,
                "top": 0.1796875
            }
        },
        {
            "label": 1,
            "probability": 0.999,
            "rect": {
                "bottom": 0.24864766,
                "left": 0.75166047,
                "right": 0.75166047,
                "top": 0.24864766
            }
        },
        {
            "label": 4,
            "probability": 0.999,
            "rect": {
                "bottom": 0.26187497,
                "left": 0.7715172,
                "right": 0.7715172,
                "top": 0.26187497
            }
        },
        {
            "label": 6,
            "probability": 0.999,
            "rect": {
                "bottom": 0.28259426,
                "left": 0.7538607,
                "right": 0.7538607,
                "top": 0.28259426
            }
        }
    ]
}