{
  "generator": "convert_to_region_cropper.py",
  "file_name": "000000026905.jpg",
  "regions": [
    {
      "probability": 0.999,
      "label": 0,
      "rect": {
        "left": 0.5703125,
        "top": 0.06640625,
        "right": 0.8203125,
        "bottom": 0.375
      }
    },
    {
      "probability": 0.999,
      "label": 1,
      "rect": {
        "left": 0.68485826,
        "top": 0.19831409,
        "right": 0.68485826,
        "bottom": 0.19831409
      }
    },
    {
      "probability": 0.999,
      "label": 6,
      "rect": {
        "left": 0.6726562,
        "top": 0.27264303,
        "right": 0.6726562,
        "bottom": 0.27264303
      }
    },
    {
      "probability": 0.999,
      "label": 4,
      "rect": {
        "left": 0.71917903,
        "top": 0.22859645,
        "right": 0.71917903,
        "bottom": 0.22859645
      }
    }
  ],
  "created_at": "2018-08-27T06:11:41.769"
}