{
  "generator": "convert_to_region_cropper.py",
  "file_name": "000000010125.jpg",
  "regions": [
    {
      "probability": 0.999,
      "label": 5,
      "rect": {
        "left": 0.1540664,
        "top": 0.5235725,
        "right": 0.1540664,
        "bottom": 0.5235725
      }
    },
    {
      "probability": 0.999,
      "label": 8,
      "rect": {
        "left": 0.15063453,
        "top": 0.5279014,
        "right": 0.15063453,
        "bottom": 0.5279014
      }
    }
  ],
  "created_at": "2018-08-27T03:47:10.247"
}