{
    "file_name": "000000203119.jpg",
    "generator": "convert_to_region_cropper.py",
    "labels": [
        "position",
        "left_eye",
        "right_eye",
        "left_cheek",
        "right_cheek",
        "nose_base",
        "left_mouth",
        "right_mouth",
        "bottom_mouth"
    ],
    "regions": [
        {
            "label": 0,
            "probability": 0.999,
            "rect": {
                "bottom": 0.2421875,
                "left": 0.36328125,
                "right": 0.51171875,
                "top": 0.0546875
            }
        },
        {
            "label": 2,
            "probability": 0.999,
            "rect": {
                "bottom": 0.16073787,
                "left": 0.41756845,
                "right": 0.41756845,
                "top": 0.16073787
            }
        },
        {
            "label": 3,
            "probability": 0.999,
            "rect": {
                "bottom": 0.17943412,
                "left": 0.40008745,
                "right": 0.40008745,
                "top": 0.17943412
            }
        },
        {
            "label": 7,
            "probability": 0.999,
            "rect": {
                "bottom": 0.2179153,
                "left": 0.43014827,
                "right": 0.43014827,
                "top": 0.2179153
            }
        }
    ]
}