{
    "file_name": "000000445211.jpg",
    "generator": "convert_to_region_cropper.py",
    "labels": [
        "position",
        "left_eye",
        "right_eye",
        "left_cheek",
        "right_cheek",
        "nose_base",
        "left_mouth",
        "right_mouth",
        "bottom_mouth"
    ],
    "regions": [
        {
            "label": 0,
            "probability": 0.999,
            "rect": {
                "bottom": 0.41796875,
                "left": 0.2109375,
                "right": 0.3359375,
                "top": 0.26171875
            }
        },
        {
            "label": 1,
            "probability": 0.999,
            "rect": {
                "bottom": 0.34213117,
                "left": 0.2875204,
                "right": 0.2875204,
                "top": 0.34213117
            }
        },
        {
            "label": 2,
            "probability": 0.999,
            "rect": {
                "bottom": 0.34342927,
                "left": 0.25205526,
                "right": 0.25205526,
                "top": 0.34342927
            }
        },
        {
            "label": 5,
            "probability": 0.999,
            "rect": {
                "bottom": 0.37593374,
                "left": 0.28004992,
                "right": 0.28004992,
                "top": 0.37593374
            }
        }
    ]
}