{
  "generator": "convert_to_region_cropper.py",
  "file_name": "000000008297.jpg",
  "regions": [
    {
      "probability": 0.999,
      "label": 0,
      "rect": {
        "left": 0.51953125,
        "top": 0.13671875,
        "right": 0.609375,
        "bottom": 0.25
      }
    }
  ],
  "created_at": "2018-08-27T03:44:47.346"
}