{
    "file_name": "000000488682.jpg",
    "generator": "convert_to_region_cropper.py",
    "labels": [
        "position",
        "left_eye",
        "right_eye",
        "left_cheek",
        "right_cheek",
        "nose_base",
        "left_mouth",
        "right_mouth",
        "bottom_mouth"
    ],
    "regions": [
        {
            "label": 0,
            "probability": 0.999,
            "rect": {
                "bottom": 0.16015625,
                "left": 0.25,
                "right": 0.37109375,
                "top": 0.00390625
            }
        },
        {
            "label": 1,
            "probability": 0.999,
            "rect": {
                "bottom": 0.08705202,
                "left": 0.3225241,
                "right": 0.3225241,
                "top": 0.08705202
            }
        },
        {
            "label": 5,
            "probability": 0.999,
            "rect": {
                "bottom": 0.116397046,
                "left": 0.31538227,
                "right": 0.31538227,
                "top": 0.116397046
            }
        },
        {
            "label": 8,
            "probability": 0.999,
            "rect": {
                "bottom": 0.13519865,
                "left": 0.31050137,
                "right": 0.31050137,
                "top": 0.13519865
            }
        }
    ]
}