{
    "file_name": "000000551001.jpg",
    "generator": "convert_to_region_cropper.py",
    "labels": [
        "position",
        "left_eye",
        "right_eye",
        "left_cheek",
        "right_cheek",
        "nose_base",
        "left_mouth",
        "right_mouth",
        "bottom_mouth"
    ],
    "regions": [
        {
            "label": 0,
            "probability": 0.999,
            "rect": {
                "bottom": 0.1328125,
                "left": 0.5390625,
                "right": 0.6328125,
                "top": 0.01171875
            }
        },
        {
            "label": 1,
            "probability": 0.999,
            "rect": {
                "bottom": 0.07904619,
                "left": 0.6041713,
                "right": 0.6041713,
                "top": 0.07904619
            }
        },
        {
            "label": 3,
            "probability": 0.999,
            "rect": {
                "bottom": 0.09064421,
                "left": 0.56915706,
                "right": 0.56915706,
                "top": 0.09064421
            }
        },
        {
            "label": 7,
            "probability": 0.999,
            "rect": {
                "bottom": 0.10339134,
                "left": 0.56927925,
                "right": 0.56927925,
                "top": 0.10339134
            }
        }
    ]
}