{
    "file_name": "000000506231.jpg",
    "generator": "convert_to_region_cropper.py",
    "labels": [
        "position",
        "left_eye",
        "right_eye",
        "left_cheek",
        "right_cheek",
        "nose_base",
        "left_mouth",
        "right_mouth",
        "bottom_mouth"
    ],
    "regions": [
        {
            "label": 0,
            "probability": 0.999,
            "rect": {
                "bottom": 0.58203125,
                "left": 0.83984375,
                "right": 0.9609375,
                "top": 0.4296875
            }
        },
        {
            "label": 1,
            "probability": 0.999,
            "rect": {
                "bottom": 0.51336926,
                "left": 0.9165415,
                "right": 0.9165415,
                "top": 0.51336926
            }
        },
        {
            "label": 4,
            "probability": 0.999,
            "rect": {
                "bottom": 0.5251266,
                "left": 0.94908994,
                "right": 0.94908994,
                "top": 0.5251266
            }
        },
        {
            "label": 5,
            "probability": 0.999,
            "rect": {
                "bottom": 0.5479438,
                "left": 0.8989351,
                "right": 0.8989351,
                "top": 0.5479438
            }
        }
    ]
}