{
  "generator": "convert_to_region_cropper.py",
  "file_name": "000000029706.jpg",
  "regions": [
    {
      "probability": 0.999,
      "label": 2,
      "rect": {
        "left": 0.43158084,
        "top": 0.29935044,
        "right": 0.43158084,
        "bottom": 0.29935044
      }
    },
    {
      "probability": 0.999,
      "label": 0,
      "rect": {
        "left": 0.3783193,
        "top": 0.2265625,
        "right": 0.54930377,
        "bottom": 0.38671875
      }
    },
    {
      "probability": 0.999,
      "label": 1,
      "rect": {
        "left": 0.47400656,
        "top": 0.30091694,
        "right": 0.47400656,
        "bottom": 0.30091694
      }
    }
  ],
  "created_at": "2018-08-27T06:22:24.998"
}