{
    "file_name": "000000145238.jpg",
    "generator": "convert_to_region_cropper.py",
    "labels": [
        "position",
        "left_eye",
        "right_eye",
        "left_cheek",
        "right_cheek",
        "nose_base",
        "left_mouth",
        "right_mouth",
        "bottom_mouth"
    ],
    "regions": [
        {
            "label": 0,
            "probability": 0.999,
            "rect": {
                "bottom": 0.7890625,
                "left": 0.86328125,
                "right": 0.98828125,
                "top": 0.63671875
            }
        },
        {
            "label": 4,
            "probability": 0.999,
            "rect": {
                "bottom": 0.73326427,
                "left": 0.95541066,
                "right": 0.95541066,
                "top": 0.73326427
            }
        },
        {
            "label": 6,
            "probability": 0.999,
            "rect": {
                "bottom": 0.73981524,
                "left": 0.9406972,
                "right": 0.9406972,
                "top": 0.73981524
            }
        },
        {
            "label": 8,
            "probability": 0.999,
            "rect": {
                "bottom": 0.772979,
                "left": 0.9306342,
                "right": 0.9306342,
                "top": 0.772979
            }
        }
    ]
}