{
  "generator": "convert_to_region_cropper.py",
  "file_name": "000000003157.jpg",
  "regions": [
    {
      "probability": 0.999,
      "label": 0,
      "rect": {
        "left": 0.26171875,
        "top": 0.12890625,
        "right": 0.42578125,
        "bottom": 0.328125
      }
    },
    {
      "probability": 0.999,
      "label": 1,
      "rect": {
        "left": 0.31709504,
        "top": 0.20451547,
        "right": 0.31709504,
        "bottom": 0.20451547
      }
    },
    {
      "probability": 0.999,
      "label": 5,
      "rect": {
        "left": 0.29327402,
        "top": 0.24719445,
        "right": 0.29327402,
        "bottom": 0.24719445
      }
    },
    {
      "probability": 0.999,
      "label": 4,
      "rect": {
        "left": 0.3510196,
        "top": 0.22537647,
        "right": 0.3510196,
        "bottom": 0.22537647
      }
    }
  ],
  "created_at": "2018-08-27T03:38:24.250"
}