{
    "file_name": "000000118207.jpg",
    "generator": "convert_to_region_cropper.py",
    "labels": [
        "position",
        "left_eye",
        "right_eye",
        "left_cheek",
        "right_cheek",
        "nose_base",
        "left_mouth",
        "right_mouth",
        "bottom_mouth"
    ],
    "regions": [
        {
            "label": 0,
            "probability": 0.999,
            "rect": {
                "bottom": 0.33984375,
                "left": 0.453125,
                "right": 0.58984375,
                "top": 0.16796875
            }
        },
        {
            "label": 1,
            "probability": 0.999,
            "rect": {
                "bottom": 0.2593113,
                "left": 0.5429604,
                "right": 0.5429604,
                "top": 0.2593113
            }
        },
        {
            "label": 4,
            "probability": 0.999,
            "rect": {
                "bottom": 0.28538346,
                "left": 0.55084795,
                "right": 0.55084795,
                "top": 0.28538346
            }
        },
        {
            "label": 5,
            "probability": 0.999,
            "rect": {
                "bottom": 0.2932893,
                "left": 0.5176404,
                "right": 0.5176404,
                "top": 0.2932893
            }
        }
    ]
}