{
    "file_name": "000000553503.jpg",
    "generator": "convert_to_region_cropper.py",
    "labels": [
        "position",
        "left_eye",
        "right_eye",
        "left_cheek",
        "right_cheek",
        "nose_base",
        "left_mouth",
        "right_mouth",
        "bottom_mouth"
    ],
    "regions": [
        {
            "label": 0,
            "probability": 0.999,
            "rect": {
                "bottom": 0.47976878,
                "left": 0.58203125,
                "right": 0.76953125,
                "top": 0.13872832
            }
        },
        {
            "label": 1,
            "probability": 0.999,
            "rect": {
                "bottom": 0.32106072,
                "left": 0.7025622,
                "right": 0.7025622,
                "top": 0.32106072
            }
        },
        {
            "label": 4,
            "probability": 0.999,
            "rect": {
                "bottom": 0.35136613,
                "left": 0.7421178,
                "right": 0.7421178,
                "top": 0.35136613
            }
        },
        {
            "label": 6,
            "probability": 0.999,
            "rect": {
                "bottom": 0.4137999,
                "left": 0.7045674,
                "right": 0.7045674,
                "top": 0.4137999
            }
        }
    ]
}