{
    "file_name": "000000377412.jpg",
    "generator": "convert_to_region_cropper.py",
    "labels": [
        "position",
        "left_eye",
        "right_eye",
        "left_cheek",
        "right_cheek",
        "nose_base",
        "left_mouth",
        "right_mouth",
        "bottom_mouth"
    ],
    "regions": [
        {
            "label": 0,
            "probability": 0.999,
            "rect": {
                "bottom": 0.30078125,
                "left": 0.109375,
                "right": 0.2890625,
                "top": 0.07421875
            }
        },
        {
            "label": 1,
            "probability": 0.999,
            "rect": {
                "bottom": 0.20360978,
                "left": 0.21759082,
                "right": 0.21759082,
                "top": 0.20360978
            }
        },
        {
            "label": 7,
            "probability": 0.999,
            "rect": {
                "bottom": 0.27768826,
                "left": 0.15451033,
                "right": 0.15451033,
                "top": 0.27768826
            }
        },
        {
            "label": 8,
            "probability": 0.999,
            "rect": {
                "bottom": 0.28561568,
                "left": 0.18752211,
                "right": 0.18752211,
                "top": 0.28561568
            }
        }
    ]
}