{
    "file_name": "000000314190.jpg",
    "generator": "convert_to_region_cropper.py",
    "labels": [
        "position",
        "left_eye",
        "right_eye",
        "left_cheek",
        "right_cheek",
        "nose_base",
        "left_mouth",
        "right_mouth",
        "bottom_mouth"
    ],
    "regions": [
        {
            "label": 0,
            "probability": 0.999,
            "rect": {
                "bottom": 0.3125,
                "left": 0.68359375,
                "right": 0.82421875,
                "top": 0.140625
            }
        },
        {
            "label": 6,
            "probability": 0.999,
            "rect": {
                "bottom": 0.2865229,
                "left": 0.76386285,
                "right": 0.76386285,
                "top": 0.2865229
            }
        },
        {
            "label": 8,
            "probability": 0.999,
            "rect": {
                "bottom": 0.28530577,
                "left": 0.74600095,
                "right": 0.74600095,
                "top": 0.28530577
            }
        },
        {
            "label": 0,
            "probability": 0.999,
            "rect": {
                "bottom": 0.3359375,
                "left": 0.01953125,
                "right": 0.11328125,
                "top": 0.21484375
            }
        }
    ]
}