{
    "file_name": "000000552672.jpg",
    "generator": "convert_to_region_cropper.py",
    "labels": [
        "position",
        "left_eye",
        "right_eye",
        "left_cheek",
        "right_cheek",
        "nose_base",
        "left_mouth",
        "right_mouth",
        "bottom_mouth"
    ],
    "regions": [
        {
            "label": 0,
            "probability": 0.999,
            "rect": {
                "bottom": 0.25390625,
                "left": 0.38671875,
                "right": 0.49609375,
                "top": 0.1171875
            }
        },
        {
            "label": 1,
            "probability": 0.999,
            "rect": {
                "bottom": 0.19242878,
                "left": 0.4519279,
                "right": 0.4519279,
                "top": 0.19242878
            }
        },
        {
            "label": 4,
            "probability": 0.999,
            "rect": {
                "bottom": 0.20055658,
                "left": 0.47781923,
                "right": 0.47781923,
                "top": 0.20055658
            }
        },
        {
            "label": 6,
            "probability": 0.999,
            "rect": {
                "bottom": 0.22103232,
                "left": 0.45858866,
                "right": 0.45858866,
                "top": 0.22103232
            }
        }
    ]
}