{
    "file_name": "000000307611.jpg",
    "generator": "convert_to_region_cropper.py",
    "labels": [
        "position",
        "left_eye",
        "right_eye",
        "left_cheek",
        "right_cheek",
        "nose_base",
        "left_mouth",
        "right_mouth",
        "bottom_mouth"
    ],
    "regions": [
        {
            "label": 0,
            "probability": 0.999,
            "rect": {
                "bottom": 0.76608187,
                "left": 0.32421875,
                "right": 0.42578125,
                "top": 0.57894737
            }
        },
        {
            "label": 2,
            "probability": 0.999,
            "rect": {
                "bottom": 0.68161887,
                "left": 0.36289307,
                "right": 0.36289307,
                "top": 0.68161887
            }
        },
        {
            "label": 4,
            "probability": 0.999,
            "rect": {
                "bottom": 0.699951,
                "left": 0.40365392,
                "right": 0.40365392,
                "top": 0.699951
            }
        },
        {
            "label": 5,
            "probability": 0.999,
            "rect": {
                "bottom": 0.73153174,
                "left": 0.3683392,
                "right": 0.3683392,
                "top": 0.73153174
            }
        }
    ]
}