{
    "file_name": "000000334609.jpg",
    "generator": "convert_to_region_cropper.py",
    "labels": [
        "position",
        "left_eye",
        "right_eye",
        "left_cheek",
        "right_cheek",
        "nose_base",
        "left_mouth",
        "right_mouth",
        "bottom_mouth"
    ],
    "regions": [
        {
            "label": 0,
            "probability": 0.999,
            "rect": {
                "bottom": 0.2890625,
                "left": 0.33854166,
                "right": 0.46354166,
                "top": 0.171875
            }
        },
        {
            "label": 4,
            "probability": 0.999,
            "rect": {
                "bottom": 0.25198138,
                "left": 0.43749273,
                "right": 0.43749273,
                "top": 0.25198138
            }
        },
        {
            "label": 6,
            "probability": 0.999,
            "rect": {
                "bottom": 0.26679623,
                "left": 0.40152645,
                "right": 0.40152645,
                "top": 0.26679623
            }
        },
        {
            "label": 8,
            "probability": 0.999,
            "rect": {
                "bottom": 0.25121853,
                "left": 0.38778713,
                "right": 0.38778713,
                "top": 0.25121853
            }
        }
    ]
}