{
    "file_name": "000000220571.jpg",
    "generator": "convert_to_region_cropper.py",
    "labels": [
        "position",
        "left_eye",
        "right_eye",
        "left_cheek",
        "right_cheek",
        "nose_base",
        "left_mouth",
        "right_mouth",
        "bottom_mouth"
    ],
    "regions": [
        {
            "label": 0,
            "probability": 0.999,
            "rect": {
                "bottom": 0.5572917,
                "left": 0.42578125,
                "right": 0.62109375,
                "top": 0.22916667
            }
        },
        {
            "label": 1,
            "probability": 0.999,
            "rect": {
                "bottom": 0.40994635,
                "left": 0.5519745,
                "right": 0.5519745,
                "top": 0.40994635
            }
        },
        {
            "label": 4,
            "probability": 0.999,
            "rect": {
                "bottom": 0.46670294,
                "left": 0.5859169,
                "right": 0.5859169,
                "top": 0.46670294
            }
        },
        {
            "label": 5,
            "probability": 0.999,
            "rect": {
                "bottom": 0.44233203,
                "left": 0.5046001,
                "right": 0.5046001,
                "top": 0.44233203
            }
        }
    ]
}