{
    "file_name": "000000147060.jpg",
    "generator": "convert_to_region_cropper.py",
    "labels": [
        "position",
        "left_eye",
        "right_eye",
        "left_cheek",
        "right_cheek",
        "nose_base",
        "left_mouth",
        "right_mouth",
        "bottom_mouth"
    ],
    "regions": [
        {
            "label": 0,
            "probability": 0.999,
            "rect": {
                "bottom": 0.3203125,
                "left": 0.53125,
                "right": 0.67578125,
                "top": 0.13671875
            }
        },
        {
            "label": 1,
            "probability": 0.999,
            "rect": {
                "bottom": 0.23008175,
                "left": 0.62194604,
                "right": 0.62194604,
                "top": 0.23008175
            }
        },
        {
            "label": 4,
            "probability": 0.999,
            "rect": {
                "bottom": 0.2527598,
                "left": 0.65352845,
                "right": 0.65352845,
                "top": 0.2527598
            }
        },
        {
            "label": 6,
            "probability": 0.999,
            "rect": {
                "bottom": 0.28470963,
                "left": 0.6270159,
                "right": 0.6270159,
                "top": 0.28470963
            }
        }
    ]
}