{
    "file_name": "000000499788.jpg",
    "generator": "convert_to_region_cropper.py",
    "labels": [
        "position",
        "left_eye",
        "right_eye",
        "left_cheek",
        "right_cheek",
        "nose_base",
        "left_mouth",
        "right_mouth",
        "bottom_mouth"
    ],
    "regions": [
        {
            "label": 0,
            "probability": 0.999,
            "rect": {
                "bottom": 0.2578125,
                "left": 0.08984375,
                "right": 0.265625,
                "top": 0.03515625
            }
        },
        {
            "label": 1,
            "probability": 0.999,
            "rect": {
                "bottom": 0.15265934,
                "left": 0.21654403,
                "right": 0.21654403,
                "top": 0.15265934
            }
        },
        {
            "label": 2,
            "probability": 0.999,
            "rect": {
                "bottom": 0.15344326,
                "left": 0.15790431,
                "right": 0.15790431,
                "top": 0.15344326
            }
        },
        {
            "label": 5,
            "probability": 0.999,
            "rect": {
                "bottom": 0.18629077,
                "left": 0.19075184,
                "right": 0.19075184,
                "top": 0.18629077
            }
        }
    ]
}