{
    "file_name": "000000538859.jpg",
    "generator": "convert_to_region_cropper.py",
    "labels": [
        "position",
        "left_eye",
        "right_eye",
        "left_cheek",
        "right_cheek",
        "nose_base",
        "left_mouth",
        "right_mouth",
        "bottom_mouth"
    ],
    "regions": [
        {
            "label": 0,
            "probability": 0.999,
            "rect": {
                "bottom": 0.203125,
                "left": 0.52734375,
                "right": 0.66796875,
                "top": 0.02734375
            }
        },
        {
            "label": 1,
            "probability": 0.999,
            "rect": {
                "bottom": 0.12139458,
                "left": 0.62097657,
                "right": 0.62097657,
                "top": 0.12139458
            }
        },
        {
            "label": 6,
            "probability": 0.999,
            "rect": {
                "bottom": 0.16302031,
                "left": 0.6234984,
                "right": 0.6234984,
                "top": 0.16302031
            }
        },
        {
            "label": 8,
            "probability": 0.999,
            "rect": {
                "bottom": 0.17178203,
                "left": 0.6042116,
                "right": 0.6042116,
                "top": 0.17178203
            }
        }
    ]
}