{
  "generator": "convert_to_region_cropper.py",
  "file_name": "000000002562.jpg",
  "regions": [
    {
      "probability": 0.999,
      "label": 0,
      "rect": {
        "left": 0.48828125,
        "top": 0.03515625,
        "right": 0.62890625,
        "bottom": 0.20703125
      }
    },
    {
      "probability": 0.999,
      "label": 1,
      "rect": {
        "left": 0.56352717,
        "top": 0.09429974,
        "right": 0.56352717,
        "bottom": 0.09429974
      }
    },
    {
      "probability": 0.999,
      "label": 4,
      "rect": {
        "left": 0.5822917,
        "top": 0.106150486,
        "right": 0.5822917,
        "bottom": 0.106150486
      }
    }
  ],
  "created_at": "2018-08-27T03:37:21.77"
}