{
    "file_name": "000000283835.jpg",
    "generator": "convert_to_region_cropper.py",
    "labels": [
        "position",
        "left_eye",
        "right_eye",
        "left_cheek",
        "right_cheek",
        "nose_base",
        "left_mouth",
        "right_mouth",
        "bottom_mouth"
    ],
    "regions": [
        {
            "label": 0,
            "probability": 0.999,
            "rect": {
                "bottom": 0.23831776,
                "left": 0.48828125,
                "right": 0.61328125,
                "top": 0.05140187
            }
        },
        {
            "label": 1,
            "probability": 0.999,
            "rect": {
                "bottom": 0.1501433,
                "left": 0.57997054,
                "right": 0.57997054,
                "top": 0.1501433
            }
        },
        {
            "label": 2,
            "probability": 0.999,
            "rect": {
                "bottom": 0.15496248,
                "left": 0.5349508,
                "right": 0.5349508,
                "top": 0.15496248
            }
        },
        {
            "label": 8,
            "probability": 0.999,
            "rect": {
                "bottom": 0.20700173,
                "left": 0.56355953,
                "right": 0.56355953,
                "top": 0.20700173
            }
        }
    ]
}