{
    "file_name": "000000421955.jpg",
    "generator": "convert_to_region_cropper.py",
    "labels": [
        "position",
        "left_eye",
        "right_eye",
        "left_cheek",
        "right_cheek",
        "nose_base",
        "left_mouth",
        "right_mouth",
        "bottom_mouth"
    ],
    "regions": [
        {
            "label": 0,
            "probability": 0.999,
            "rect": {
                "bottom": 0.26171875,
                "left": 0.5078125,
                "right": 0.609375,
                "top": 0.1328125
            }
        },
        {
            "label": 1,
            "probability": 0.999,
            "rect": {
                "bottom": 0.20295088,
                "left": 0.57408875,
                "right": 0.57408875,
                "top": 0.20295088
            }
        },
        {
            "label": 4,
            "probability": 0.999,
            "rect": {
                "bottom": 0.22149694,
                "left": 0.5753554,
                "right": 0.5753554,
                "top": 0.22149694
            }
        },
        {
            "label": 6,
            "probability": 0.999,
            "rect": {
                "bottom": 0.24055907,
                "left": 0.5743548,
                "right": 0.5743548,
                "top": 0.24055907
            }
        }
    ]
}