{
    "file_name": "000000037956.jpg",
    "generator": "convert_to_region_cropper.py",
    "labels": [
        "position",
        "left_eye",
        "right_eye",
        "left_cheek",
        "right_cheek",
        "nose_base",
        "left_mouth",
        "right_mouth",
        "bottom_mouth"
    ],
    "regions": [
        {
            "label": 0,
            "probability": 0.999,
            "rect": {
                "bottom": 0.234375,
                "left": 0.48046875,
                "right": 0.609375,
                "top": 0.06640625
            }
        },
        {
            "label": 1,
            "probability": 0.999,
            "rect": {
                "bottom": 0.15613219,
                "left": 0.56140625,
                "right": 0.56140625,
                "top": 0.15613219
            }
        },
        {
            "label": 4,
            "probability": 0.999,
            "rect": {
                "bottom": 0.17629617,
                "left": 0.5843017,
                "right": 0.5843017,
                "top": 0.17629617
            }
        },
        {
            "label": 8,
            "probability": 0.999,
            "rect": {
                "bottom": 0.20182607,
                "left": 0.53398395,
                "right": 0.53398395,
                "top": 0.20182607
            }
        }
    ]
}