{
    "file_name": "000000046441.jpg",
    "generator": "convert_to_region_cropper.py",
    "labels": [
        "position",
        "left_eye",
        "right_eye",
        "left_cheek",
        "right_cheek",
        "nose_base",
        "left_mouth",
        "right_mouth",
        "bottom_mouth"
    ],
    "regions": [
        {
            "label": 0,
            "probability": 0.999,
            "rect": {
                "bottom": 0.3828125,
                "left": 0.3041237,
                "right": 0.53608245,
                "top": 0.16015625
            }
        },
        {
            "label": 1,
            "probability": 0.999,
            "rect": {
                "bottom": 0.27370855,
                "left": 0.44835207,
                "right": 0.44835207,
                "top": 0.27370855
            }
        },
        {
            "label": 2,
            "probability": 0.999,
            "rect": {
                "bottom": 0.2784492,
                "left": 0.36433524,
                "right": 0.36433524,
                "top": 0.2784492
            }
        },
        {
            "label": 4,
            "probability": 0.999,
            "rect": {
                "bottom": 0.29838532,
                "left": 0.4546766,
                "right": 0.4546766,
                "top": 0.29838532
            }
        }
    ]
}