{
    "file_name": "000000504566.jpg",
    "generator": "convert_to_region_cropper.py",
    "labels": [
        "position",
        "left_eye",
        "right_eye",
        "left_cheek",
        "right_cheek",
        "nose_base",
        "left_mouth",
        "right_mouth",
        "bottom_mouth"
    ],
    "regions": [
        {
            "label": 0,
            "probability": 0.999,
            "rect": {
                "bottom": 0.38671875,
                "left": 0.37890625,
                "right": 0.5078125,
                "top": 0.2265625
            }
        },
        {
            "label": 1,
            "probability": 0.999,
            "rect": {
                "bottom": 0.3128503,
                "left": 0.46102205,
                "right": 0.46102205,
                "top": 0.3128503
            }
        },
        {
            "label": 2,
            "probability": 0.999,
            "rect": {
                "bottom": 0.3130788,
                "left": 0.43387783,
                "right": 0.43387783,
                "top": 0.3130788
            }
        },
        {
            "label": 4,
            "probability": 0.999,
            "rect": {
                "bottom": 0.30874735,
                "left": 0.48724982,
                "right": 0.48724982,
                "top": 0.30874735
            }
        }
    ]
}