{
    "file_name": "000000443248.jpg",
    "generator": "convert_to_region_cropper.py",
    "labels": [
        "position",
        "left_eye",
        "right_eye",
        "left_cheek",
        "right_cheek",
        "nose_base",
        "left_mouth",
        "right_mouth",
        "bottom_mouth"
    ],
    "regions": [
        {
            "label": 0,
            "probability": 0.999,
            "rect": {
                "bottom": 0.62890625,
                "left": 0.515625,
                "right": 0.64453125,
                "top": 0.46875
            }
        },
        {
            "label": 1,
            "probability": 0.999,
            "rect": {
                "bottom": 0.5583878,
                "left": 0.60316056,
                "right": 0.60316056,
                "top": 0.5583878
            }
        },
        {
            "label": 2,
            "probability": 0.999,
            "rect": {
                "bottom": 0.5643266,
                "left": 0.56095695,
                "right": 0.56095695,
                "top": 0.5643266
            }
        },
        {
            "label": 4,
            "probability": 0.999,
            "rect": {
                "bottom": 0.57779217,
                "left": 0.61798847,
                "right": 0.61798847,
                "top": 0.57779217
            }
        }
    ]
}