{
  "generator": "convert_to_region_cropper.py",
  "file_name": "000000001561.jpg",
  "regions": [
    {
      "probability": 0.999,
      "label": 1,
      "rect": {
        "left": 0.45410037,
        "top": 0.30228677,
        "right": 0.45410037,
        "bottom": 0.30228677
      }
    },
    {
      "probability": 0.999,
      "label": 5,
      "rect": {
        "left": 0.45071873,
        "top": 0.32750478,
        "right": 0.45071873,
        "bottom": 0.32750478
      }
    },
    {
      "probability": 0.999,
      "label": 4,
      "rect": {
        "left": 0.48031554,
        "top": 0.3200935,
        "right": 0.48031554,
        "bottom": 0.3200935
      }
    },
    {
      "probability": 0.999,
      "label": 6,
      "rect": {
        "left": 0.45570624,
        "top": 0.36465707,
        "right": 0.45570624,
        "bottom": 0.36465707
      }
    }
  ],
  "created_at": "2018-08-27T03:36:19.702"
}