{
    "file_name": "000000065404.jpg",
    "generator": "convert_to_region_cropper.py",
    "labels": [
        "position",
        "left_eye",
        "right_eye",
        "left_cheek",
        "right_cheek",
        "nose_base",
        "left_mouth",
        "right_mouth",
        "bottom_mouth"
    ],
    "regions": [
        {
            "label": 0,
            "probability": 0.999,
            "rect": {
                "bottom": 0.28515625,
                "left": 0.38671875,
                "right": 0.49609375,
                "top": 0.1484375
            }
        },
        {
            "label": 1,
            "probability": 0.999,
            "rect": {
                "bottom": 0.22110817,
                "left": 0.45424807,
                "right": 0.45424807,
                "top": 0.22110817
            }
        },
        {
            "label": 2,
            "probability": 0.999,
            "rect": {
                "bottom": 0.21908444,
                "left": 0.42451432,
                "right": 0.42451432,
                "top": 0.21908444
            }
        },
        {
            "label": 7,
            "probability": 0.999,
            "rect": {
                "bottom": 0.25366655,
                "left": 0.42542,
                "right": 0.42542,
                "top": 0.25366655
            }
        }
    ]
}