{
    "file_name": "000000198492.jpg",
    "generator": "convert_to_region_cropper.py",
    "labels": [
        "position",
        "left_eye",
        "right_eye",
        "left_cheek",
        "right_cheek",
        "nose_base",
        "left_mouth",
        "right_mouth",
        "bottom_mouth"
    ],
    "regions": [
        {
            "label": 0,
            "probability": 0.999,
            "rect": {
                "bottom": 0.46484375,
                "left": 0.3984375,
                "right": 0.5390625,
                "top": 0.2890625
            }
        },
        {
            "label": 1,
            "probability": 0.999,
            "rect": {
                "bottom": 0.3822056,
                "left": 0.49065685,
                "right": 0.49065685,
                "top": 0.3822056
            }
        },
        {
            "label": 4,
            "probability": 0.999,
            "rect": {
                "bottom": 0.39797303,
                "left": 0.5330281,
                "right": 0.5330281,
                "top": 0.39797303
            }
        },
        {
            "label": 5,
            "probability": 0.999,
            "rect": {
                "bottom": 0.41462547,
                "left": 0.46286726,
                "right": 0.46286726,
                "top": 0.41462547
            }
        }
    ]
}