{
  "generator": "convert_to_region_cropper.py",
  "file_name": "000000026800.jpg",
  "regions": [
    {
      "probability": 0.999,
      "label": 2,
      "rect": {
        "left": 0.41730043,
        "top": 0.39788404,
        "right": 0.41730043,
        "bottom": 0.39788404
      }
    },
    {
      "probability": 0.999,
      "label": 1,
      "rect": {
        "left": 0.46183464,
        "top": 0.40067804,
        "right": 0.46183464,
        "bottom": 0.40067804
      }
    },
    {
      "probability": 0.999,
      "label": 8,
      "rect": {
        "left": 0.4495136,
        "top": 0.4450753,
        "right": 0.4495136,
        "bottom": 0.4450753
      }
    },
    {
      "probability": 0.999,
      "label": 5,
      "rect": {
        "left": 0.45288506,
        "top": 0.44273338,
        "right": 0.45288506,
        "bottom": 0.44273338
      }
    }
  ],
  "created_at": "2018-08-27T06:11:27.522"
}