{
    "file_name": "000000304765.jpg",
    "generator": "convert_to_region_cropper.py",
    "labels": [
        "position",
        "left_eye",
        "right_eye",
        "left_cheek",
        "right_cheek",
        "nose_base",
        "left_mouth",
        "right_mouth",
        "bottom_mouth"
    ],
    "regions": [
        {
            "label": 0,
            "probability": 0.999,
            "rect": {
                "bottom": 0.44921875,
                "left": 0.453125,
                "right": 0.5703125,
                "top": 0.30078125
            }
        },
        {
            "label": 2,
            "probability": 0.999,
            "rect": {
                "bottom": 0.38276374,
                "left": 0.49318856,
                "right": 0.49318856,
                "top": 0.38276374
            }
        },
        {
            "label": 3,
            "probability": 0.999,
            "rect": {
                "bottom": 0.3971055,
                "left": 0.47244698,
                "right": 0.47244698,
                "top": 0.3971055
            }
        },
        {
            "label": 7,
            "probability": 0.999,
            "rect": {
                "bottom": 0.42503932,
                "left": 0.4999928,
                "right": 0.4999928,
                "top": 0.42503932
            }
        }
    ]
}