{
    "file_name": "000000428140.jpg",
    "generator": "convert_to_region_cropper.py",
    "labels": [
        "position",
        "left_eye",
        "right_eye",
        "left_cheek",
        "right_cheek",
        "nose_base",
        "left_mouth",
        "right_mouth",
        "bottom_mouth"
    ],
    "regions": [
        {
            "label": 0,
            "probability": 0.999,
            "rect": {
                "bottom": 0.4140625,
                "left": 0.20703125,
                "right": 0.3515625,
                "top": 0.234375
            }
        },
        {
            "label": 1,
            "probability": 0.999,
            "rect": {
                "bottom": 0.33070618,
                "left": 0.30861104,
                "right": 0.30861104,
                "top": 0.33070618
            }
        },
        {
            "label": 2,
            "probability": 0.999,
            "rect": {
                "bottom": 0.3306776,
                "left": 0.2668505,
                "right": 0.2668505,
                "top": 0.3306776
            }
        },
        {
            "label": 3,
            "probability": 0.999,
            "rect": {
                "bottom": 0.35894418,
                "left": 0.2603271,
                "right": 0.2603271,
                "top": 0.35894418
            }
        }
    ]
}