{
    "file_name": "000000518034.jpg",
    "generator": "convert_to_region_cropper.py",
    "labels": [
        "position",
        "left_eye",
        "right_eye",
        "left_cheek",
        "right_cheek",
        "nose_base",
        "left_mouth",
        "right_mouth",
        "bottom_mouth"
    ],
    "regions": [
        {
            "label": 0,
            "probability": 0.999,
            "rect": {
                "bottom": 0.69154227,
                "left": 0.37109375,
                "right": 0.73046875,
                "top": 0.11940298
            }
        },
        {
            "label": 1,
            "probability": 0.999,
            "rect": {
                "bottom": 0.42413843,
                "left": 0.60603285,
                "right": 0.60603285,
                "top": 0.42413843
            }
        },
        {
            "label": 4,
            "probability": 0.999,
            "rect": {
                "bottom": 0.48129824,
                "left": 0.68599254,
                "right": 0.68599254,
                "top": 0.48129824
            }
        },
        {
            "label": 6,
            "probability": 0.999,
            "rect": {
                "bottom": 0.58804566,
                "left": 0.6015929,
                "right": 0.6015929,
                "top": 0.58804566
            }
        }
    ]
}