{
  "generator": "convert_to_region_cropper.py",
  "file_name": "000000011661.jpg",
  "regions": [
    {
      "probability": 0.999,
      "label": 3,
      "rect": {
        "left": 0.44516546,
        "top": 0.34931928,
        "right": 0.44516546,
        "bottom": 0.34931928
      }
    },
    {
      "probability": 0.999,
      "label": 2,
      "rect": {
        "left": 0.49970233,
        "top": 0.31189385,
        "right": 0.49970233,
        "bottom": 0.31189385
      }
    },
    {
      "probability": 0.999,
      "label": 0,
      "rect": {
        "left": 0.38671875,
        "top": 0.12109375,
        "right": 0.66796875,
        "bottom": 0.609375
      }
    },
    {
      "probability": 0.999,
      "label": 1,
      "rect": {
        "left": 0.5578641,
        "top": 0.32040104,
        "right": 0.5578641,
        "bottom": 0.32040104
      }
    }
  ],
  "created_at": "2018-08-27T03:49:27.54"
}