{
  "generator": "convert_to_region_cropper.py",
  "file_name": "000000020414.jpg",
  "regions": [
    {
      "probability": 0.999,
      "label": 0,
      "rect": {
        "left": 0.453125,
        "top": 0.35546875,
        "right": 0.56640625,
        "bottom": 0.49609375
      }
    },
    {
      "probability": 0.999,
      "label": 8,
      "rect": {
        "left": 0.48837283,
        "top": 0.45251074,
        "right": 0.48837283,
        "bottom": 0.45251074
      }
    },
    {
      "probability": 0.999,
      "label": 6,
      "rect": {
        "left": 0.5027379,
        "top": 0.45447284,
        "right": 0.5027379,
        "bottom": 0.45447284
      }
    },
    {
      "probability": 0.999,
      "label": 4,
      "rect": {
        "left": 0.52815825,
        "top": 0.43460977,
        "right": 0.52815825,
        "bottom": 0.43460977
      }
    }
  ],
  "created_at": "2018-08-27T05:53:31.985"
}