{
    "file_name": "000000578332.jpg",
    "generator": "convert_to_region_cropper.py",
    "labels": [
        "position",
        "left_eye",
        "right_eye",
        "left_cheek",
        "right_cheek",
        "nose_base",
        "left_mouth",
        "right_mouth",
        "bottom_mouth"
    ],
    "regions": [
        {
            "label": 0,
            "probability": 0.999,
            "rect": {
                "bottom": 0.54296875,
                "left": 0.3359375,
                "right": 0.42578125,
                "top": 0.4296875
            }
        },
        {
            "label": 1,
            "probability": 0.999,
            "rect": {
                "bottom": 0.48965827,
                "left": 0.39416027,
                "right": 0.39416027,
                "top": 0.48965827
            }
        },
        {
            "label": 4,
            "probability": 0.999,
            "rect": {
                "bottom": 0.5084454,
                "left": 0.40024486,
                "right": 0.40024486,
                "top": 0.5084454
            }
        },
        {
            "label": 6,
            "probability": 0.999,
            "rect": {
                "bottom": 0.52070916,
                "left": 0.39768282,
                "right": 0.39768282,
                "top": 0.52070916
            }
        }
    ]
}