{
    "file_name": "000000246589.jpg",
    "generator": "convert_to_region_cropper.py",
    "labels": [
        "position",
        "left_eye",
        "right_eye",
        "left_cheek",
        "right_cheek",
        "nose_base",
        "left_mouth",
        "right_mouth",
        "bottom_mouth"
    ],
    "regions": [
        {
            "label": 0,
            "probability": 0.999,
            "rect": {
                "bottom": 0.16796875,
                "left": 0.8828125,
                "right": 0.9921875,
                "top": 0.03125
            }
        },
        {
            "label": 1,
            "probability": 0.999,
            "rect": {
                "bottom": 0.10918181,
                "left": 0.95070785,
                "right": 0.95070785,
                "top": 0.10918181
            }
        },
        {
            "label": 2,
            "probability": 0.999,
            "rect": {
                "bottom": 0.106341325,
                "left": 0.9215473,
                "right": 0.9215473,
                "top": 0.106341325
            }
        },
        {
            "label": 3,
            "probability": 0.999,
            "rect": {
                "bottom": 0.11603106,
                "left": 0.90018207,
                "right": 0.90018207,
                "top": 0.11603106
            }
        }
    ]
}