{
    "file_name": "000000428241.jpg",
    "generator": "convert_to_region_cropper.py",
    "labels": [
        "position",
        "left_eye",
        "right_eye",
        "left_cheek",
        "right_cheek",
        "nose_base",
        "left_mouth",
        "right_mouth",
        "bottom_mouth"
    ],
    "regions": [
        {
            "label": 0,
            "probability": 0.999,
            "rect": {
                "bottom": 0.25390625,
                "left": 0.43359375,
                "right": 0.56640625,
                "top": 0.0859375
            }
        },
        {
            "label": 1,
            "probability": 0.999,
            "rect": {
                "bottom": 0.17729059,
                "left": 0.5121116,
                "right": 0.5121116,
                "top": 0.17729059
            }
        },
        {
            "label": 2,
            "probability": 0.999,
            "rect": {
                "bottom": 0.18922094,
                "left": 0.48464805,
                "right": 0.48464805,
                "top": 0.18922094
            }
        },
        {
            "label": 4,
            "probability": 0.999,
            "rect": {
                "bottom": 0.17048721,
                "left": 0.53306913,
                "right": 0.53306913,
                "top": 0.17048721
            }
        }
    ]
}