{
  "generator": "convert_to_region_cropper.py",
  "file_name": "000000005038.jpg",
  "regions": [
    {
      "probability": 0.999,
      "label": 0,
      "rect": {
        "left": 0.640625,
        "top": 0.34375,
        "right": 0.73046875,
        "bottom": 0.45703125
      }
    }
  ],
  "created_at": "2018-08-27T03:41:09.528"
}