{
    "file_name": "000000416875.jpg",
    "generator": "convert_to_region_cropper.py",
    "labels": [
        "position",
        "left_eye",
        "right_eye",
        "left_cheek",
        "right_cheek",
        "nose_base",
        "left_mouth",
        "right_mouth",
        "bottom_mouth"
    ],
    "regions": [
        {
            "label": 0,
            "probability": 0.999,
            "rect": {
                "bottom": 0.1796875,
                "left": 0.72265625,
                "right": 0.83203125,
                "top": 0.04296875
            }
        },
        {
            "label": 1,
            "probability": 0.999,
            "rect": {
                "bottom": 0.11730067,
                "left": 0.79207414,
                "right": 0.79207414,
                "top": 0.11730067
            }
        },
        {
            "label": 2,
            "probability": 0.999,
            "rect": {
                "bottom": 0.12244876,
                "left": 0.7631185,
                "right": 0.7631185,
                "top": 0.12244876
            }
        },
        {
            "label": 0,
            "probability": 0.999,
            "rect": {
                "bottom": 0.15625,
                "left": 0.640625,
                "right": 0.73828125,
                "top": 0.0390625
            }
        }
    ]
}