{
  "generator": "convert_to_region_cropper.py",
  "file_name": "000000026967.jpg",
  "regions": [
    {
      "probability": 0.999,
      "label": 2,
      "rect": {
        "left": 0.74531555,
        "top": 0.14698248,
        "right": 0.74531555,
        "bottom": 0.14698248
      }
    },
    {
      "probability": 0.999,
      "label": 0,
      "rect": {
        "left": 0.71875,
        "top": 0.08984375,
        "right": 0.81640625,
        "bottom": 0.21484375
      }
    }
  ],
  "created_at": "2018-08-27T06:11:51.21"
}