{
  "generator": "convert_to_region_cropper.py",
  "file_name": "000000010393.jpg",
  "regions": [
    {
      "probability": 0.999,
      "label": 0,
      "rect": {
        "left": 0.3984375,
        "top": 0.1015625,
        "right": 0.52734375,
        "bottom": 0.265625
      }
    },
    {
      "probability": 0.999,
      "label": 1,
      "rect": {
        "left": 0.4559609,
        "top": 0.17505799,
        "right": 0.4559609,
        "bottom": 0.17505799
      }
    },
    {
      "probability": 0.999,
      "label": 4,
      "rect": {
        "left": 0.4889665,
        "top": 0.17462623,
        "right": 0.4889665,
        "bottom": 0.17462623
      }
    }
  ],
  "created_at": "2018-08-27T03:47:35.225"
}