{
    "file_name": "000000098043.jpg",
    "generator": "convert_to_region_cropper.py",
    "labels": [
        "position",
        "left_eye",
        "right_eye",
        "left_cheek",
        "right_cheek",
        "nose_base",
        "left_mouth",
        "right_mouth",
        "bottom_mouth"
    ],
    "regions": [
        {
            "label": 0,
            "probability": 0.999,
            "rect": {
                "bottom": 0.4921875,
                "left": 0.27734375,
                "right": 0.41015625,
                "top": 0.328125
            }
        },
        {
            "label": 1,
            "probability": 0.999,
            "rect": {
                "bottom": 0.42365175,
                "left": 0.35618111,
                "right": 0.35618111,
                "top": 0.42365175
            }
        },
        {
            "label": 2,
            "probability": 0.999,
            "rect": {
                "bottom": 0.42049575,
                "left": 0.32720104,
                "right": 0.32720104,
                "top": 0.42049575
            }
        },
        {
            "label": 7,
            "probability": 0.999,
            "rect": {
                "bottom": 0.46342713,
                "left": 0.31837958,
                "right": 0.31837958,
                "top": 0.46342713
            }
        }
    ]
}