{
    "file_name": "000000499979.jpg",
    "generator": "convert_to_region_cropper.py",
    "labels": [
        "position",
        "left_eye",
        "right_eye",
        "left_cheek",
        "right_cheek",
        "nose_base",
        "left_mouth",
        "right_mouth",
        "bottom_mouth"
    ],
    "regions": [
        {
            "label": 0,
            "probability": 0.999,
            "rect": {
                "bottom": 0.51953125,
                "left": 0.6015625,
                "right": 0.7109375,
                "top": 0.3828125
            }
        },
        {
            "label": 1,
            "probability": 0.999,
            "rect": {
                "bottom": 0.45712346,
                "left": 0.6688836,
                "right": 0.6688836,
                "top": 0.45712346
            }
        },
        {
            "label": 4,
            "probability": 0.999,
            "rect": {
                "bottom": 0.46543854,
                "left": 0.69253886,
                "right": 0.69253886,
                "top": 0.46543854
            }
        },
        {
            "label": 6,
            "probability": 0.999,
            "rect": {
                "bottom": 0.49047163,
                "left": 0.67313695,
                "right": 0.67313695,
                "top": 0.49047163
            }
        }
    ]
}