{
  "generator": "convert_to_region_cropper.py",
  "file_name": "000000022816.jpg",
  "regions": [
    {
      "probability": 0.999,
      "label": 0,
      "rect": {
        "left": 0.421875,
        "top": 0.08984375,
        "right": 0.55859375,
        "bottom": 0.2578125
      }
    },
    {
      "probability": 0.999,
      "label": 1,
      "rect": {
        "left": 0.5209643,
        "top": 0.16793922,
        "right": 0.5209643,
        "bottom": 0.16793922
      }
    },
    {
      "probability": 0.999,
      "label": 4,
      "rect": {
        "left": 0.5218044,
        "top": 0.1911913,
        "right": 0.5218044,
        "bottom": 0.1911913
      }
    }
  ],
  "created_at": "2018-08-27T06:00:49.911"
}