{
    "file_name": "000000190499.jpg",
    "generator": "convert_to_region_cropper.py",
    "labels": [
        "position",
        "left_eye",
        "right_eye",
        "left_cheek",
        "right_cheek",
        "nose_base",
        "left_mouth",
        "right_mouth",
        "bottom_mouth"
    ],
    "regions": [
        {
            "label": 0,
            "probability": 0.999,
            "rect": {
                "bottom": 0.56640625,
                "left": 0.609375,
                "right": 0.76953125,
                "top": 0.3671875
            }
        },
        {
            "label": 1,
            "probability": 0.999,
            "rect": {
                "bottom": 0.4735068,
                "left": 0.71261847,
                "right": 0.71261847,
                "top": 0.4735068
            }
        },
        {
            "label": 2,
            "probability": 0.999,
            "rect": {
                "bottom": 0.47721222,
                "left": 0.6710927,
                "right": 0.6710927,
                "top": 0.47721222
            }
        },
        {
            "label": 4,
            "probability": 0.999,
            "rect": {
                "bottom": 0.48723915,
                "left": 0.74630773,
                "right": 0.74630773,
                "top": 0.48723915
            }
        }
    ]
}