{
    "file_name": "000000536920.jpg",
    "generator": "convert_to_region_cropper.py",
    "labels": [
        "position",
        "left_eye",
        "right_eye",
        "left_cheek",
        "right_cheek",
        "nose_base",
        "left_mouth",
        "right_mouth",
        "bottom_mouth"
    ],
    "regions": [
        {
            "label": 0,
            "probability": 0.999,
            "rect": {
                "bottom": 0.5618557,
                "left": 0.2265625,
                "right": 0.359375,
                "top": 0.34536082
            }
        },
        {
            "label": 2,
            "probability": 0.999,
            "rect": {
                "bottom": 0.46352974,
                "left": 0.28180456,
                "right": 0.28180456,
                "top": 0.46352974
            }
        },
        {
            "label": 3,
            "probability": 0.999,
            "rect": {
                "bottom": 0.4774038,
                "left": 0.24523589,
                "right": 0.24523589,
                "top": 0.4774038
            }
        },
        {
            "label": 7,
            "probability": 0.999,
            "rect": {
                "bottom": 0.5068802,
                "left": 0.28370064,
                "right": 0.28370064,
                "top": 0.5068802
            }
        }
    ]
}