{
    "file_name": "000000472828.jpg",
    "generator": "convert_to_region_cropper.py",
    "labels": [
        "position",
        "left_eye",
        "right_eye",
        "left_cheek",
        "right_cheek",
        "nose_base",
        "left_mouth",
        "right_mouth",
        "bottom_mouth"
    ],
    "regions": [
        {
            "label": 0,
            "probability": 0.999,
            "rect": {
                "bottom": 0.7109375,
                "left": 0.72265625,
                "right": 0.84375,
                "top": 0.55859375
            }
        },
        {
            "label": 1,
            "probability": 0.999,
            "rect": {
                "bottom": 0.6401601,
                "left": 0.80498916,
                "right": 0.80498916,
                "top": 0.6401601
            }
        },
        {
            "label": 4,
            "probability": 0.999,
            "rect": {
                "bottom": 0.6594214,
                "left": 0.82403564,
                "right": 0.82403564,
                "top": 0.6594214
            }
        },
        {
            "label": 6,
            "probability": 0.999,
            "rect": {
                "bottom": 0.67729735,
                "left": 0.79716283,
                "right": 0.79716283,
                "top": 0.67729735
            }
        }
    ]
}