{
    "file_name": "000000163991.jpg",
    "generator": "convert_to_region_cropper.py",
    "labels": [
        "position",
        "left_eye",
        "right_eye",
        "left_cheek",
        "right_cheek",
        "nose_base",
        "left_mouth",
        "right_mouth",
        "bottom_mouth"
    ],
    "regions": [
        {
            "label": 0,
            "probability": 0.999,
            "rect": {
                "bottom": 0.79296875,
                "left": 0.58984375,
                "right": 0.69140625,
                "top": 0.6640625
            }
        },
        {
            "label": 1,
            "probability": 0.999,
            "rect": {
                "bottom": 0.7317307,
                "left": 0.65128887,
                "right": 0.65128887,
                "top": 0.7317307
            }
        },
        {
            "label": 4,
            "probability": 0.999,
            "rect": {
                "bottom": 0.7405245,
                "left": 0.67626065,
                "right": 0.67626065,
                "top": 0.7405245
            }
        },
        {
            "label": 6,
            "probability": 0.999,
            "rect": {
                "bottom": 0.76626134,
                "left": 0.65715814,
                "right": 0.65715814,
                "top": 0.76626134
            }
        }
    ]
}