{
    "file_name": "000000339468.jpg",
    "generator": "convert_to_region_cropper.py",
    "labels": [
        "position",
        "left_eye",
        "right_eye",
        "left_cheek",
        "right_cheek",
        "nose_base",
        "left_mouth",
        "right_mouth",
        "bottom_mouth"
    ],
    "regions": [
        {
            "label": 0,
            "probability": 0.999,
            "rect": {
                "bottom": 0.49609375,
                "left": 0.3203125,
                "right": 0.55859375,
                "top": 0.203125
            }
        },
        {
            "label": 2,
            "probability": 0.999,
            "rect": {
                "bottom": 0.36367905,
                "left": 0.41223657,
                "right": 0.41223657,
                "top": 0.36367905
            }
        },
        {
            "label": 3,
            "probability": 0.999,
            "rect": {
                "bottom": 0.38729566,
                "left": 0.35964406,
                "right": 0.35964406,
                "top": 0.38729566
            }
        },
        {
            "label": 7,
            "probability": 0.999,
            "rect": {
                "bottom": 0.45938876,
                "left": 0.40771425,
                "right": 0.40771425,
                "top": 0.45938876
            }
        }
    ]
}