{
  "generator": "convert_to_region_cropper.py",
  "file_name": "000000020962.jpg",
  "regions": [
    {
      "probability": 0.999,
      "label": 2,
      "rect": {
        "left": 0.2566123,
        "top": 0.21858847,
        "right": 0.2566123,
        "bottom": 0.21858847
      }
    },
    {
      "probability": 0.999,
      "label": 0,
      "rect": {
        "left": 0.21484375,
        "top": 0.15234375,
        "right": 0.34765625,
        "bottom": 0.28125
      }
    },
    {
      "probability": 0.999,
      "label": 1,
      "rect": {
        "left": 0.28735295,
        "top": 0.21924317,
        "right": 0.28735295,
        "bottom": 0.21924317
      }
    },
    {
      "probability": 0.999,
      "label": 4,
      "rect": {
        "left": 0.31024382,
        "top": 0.22781743,
        "right": 0.31024382,
        "bottom": 0.22781743
      }
    }
  ],
  "created_at": "2018-08-27T05:54:53.625"
}