{
    "file_name": "000000468825.jpg",
    "generator": "convert_to_region_cropper.py",
    "labels": [
        "position",
        "left_eye",
        "right_eye",
        "left_cheek",
        "right_cheek",
        "nose_base",
        "left_mouth",
        "right_mouth",
        "bottom_mouth"
    ],
    "regions": [
        {
            "label": 0,
            "probability": 0.999,
            "rect": {
                "bottom": 0.28654972,
                "left": 0.484375,
                "right": 0.5859375,
                "top": 0.09356725
            }
        },
        {
            "label": 1,
            "probability": 0.999,
            "rect": {
                "bottom": 0.20015953,
                "left": 0.5454121,
                "right": 0.5454121,
                "top": 0.20015953
            }
        },
        {
            "label": 4,
            "probability": 0.999,
            "rect": {
                "bottom": 0.21512303,
                "left": 0.5673798,
                "right": 0.5673798,
                "top": 0.21512303
            }
        },
        {
            "label": 5,
            "probability": 0.999,
            "rect": {
                "bottom": 0.2445036,
                "left": 0.54847425,
                "right": 0.54847425,
                "top": 0.2445036
            }
        }
    ]
}