{
    "file_name": "000000108620.jpg",
    "generator": "convert_to_region_cropper.py",
    "labels": [
        "position",
        "left_eye",
        "right_eye",
        "left_cheek",
        "right_cheek",
        "nose_base",
        "left_mouth",
        "right_mouth",
        "bottom_mouth"
    ],
    "regions": [
        {
            "label": 0,
            "probability": 0.999,
            "rect": {
                "bottom": 0.45945945,
                "left": 0.22265625,
                "right": 0.359375,
                "top": 0.16216215
            }
        },
        {
            "label": 1,
            "probability": 0.999,
            "rect": {
                "bottom": 0.31820303,
                "left": 0.31164753,
                "right": 0.31164753,
                "top": 0.31820303
            }
        },
        {
            "label": 5,
            "probability": 0.999,
            "rect": {
                "bottom": 0.36531353,
                "left": 0.28716895,
                "right": 0.28716895,
                "top": 0.36531353
            }
        },
        {
            "label": 7,
            "probability": 0.999,
            "rect": {
                "bottom": 0.39538997,
                "left": 0.265533,
                "right": 0.265533,
                "top": 0.39538997
            }
        }
    ]
}