{
    "file_name": "000000534112.jpg",
    "generator": "convert_to_region_cropper.py",
    "labels": [
        "position",
        "left_eye",
        "right_eye",
        "left_cheek",
        "right_cheek",
        "nose_base",
        "left_mouth",
        "right_mouth",
        "bottom_mouth"
    ],
    "regions": [
        {
            "label": 0,
            "probability": 0.999,
            "rect": {
                "bottom": 0.4296875,
                "left": 0.6875,
                "right": 0.796875,
                "top": 0.2890625
            }
        },
        {
            "label": 1,
            "probability": 0.999,
            "rect": {
                "bottom": 0.36776286,
                "left": 0.74385065,
                "right": 0.74385065,
                "top": 0.36776286
            }
        },
        {
            "label": 4,
            "probability": 0.999,
            "rect": {
                "bottom": 0.37352523,
                "left": 0.76555073,
                "right": 0.76555073,
                "top": 0.37352523
            }
        },
        {
            "label": 5,
            "probability": 0.999,
            "rect": {
                "bottom": 0.39165998,
                "left": 0.7488491,
                "right": 0.7488491,
                "top": 0.39165998
            }
        }
    ]
}