{
  "generator": "convert_to_region_cropper.py",
  "file_name": "000000007946.jpg",
  "regions": [
    {
      "probability": 0.999,
      "label": 0,
      "rect": {
        "left": 0.2734375,
        "top": 0.0,
        "right": 0.51171875,
        "bottom": 0.3046875
      }
    },
    {
      "probability": 0.999,
      "label": 1,
      "rect": {
        "left": 0.35168242,
        "top": 0.11776075,
        "right": 0.35168242,
        "bottom": 0.11776075
      }
    },
    {
      "probability": 0.999,
      "label": 4,
      "rect": {
        "left": 0.4177028,
        "top": 0.10963264,
        "right": 0.4177028,
        "bottom": 0.10963264
      }
    }
  ],
  "created_at": "2018-08-27T03:44:37.879"
}