{
    "file_name": "000000281177.jpg",
    "generator": "convert_to_region_cropper.py",
    "labels": [
        "position",
        "left_eye",
        "right_eye",
        "left_cheek",
        "right_cheek",
        "nose_base",
        "left_mouth",
        "right_mouth",
        "bottom_mouth"
    ],
    "regions": [
        {
            "label": 0,
            "probability": 0.999,
            "rect": {
                "bottom": 0.43529412,
                "left": 0.33984375,
                "right": 0.4375,
                "top": 0.25882354
            }
        },
        {
            "label": 4,
            "probability": 0.999,
            "rect": {
                "bottom": 0.3665603,
                "left": 0.42163414,
                "right": 0.42163414,
                "top": 0.3665603
            }
        },
        {
            "label": 0,
            "probability": 0.999,
            "rect": {
                "bottom": 0.7764706,
                "left": 0.41015625,
                "right": 0.51171875,
                "top": 0.5882353
            }
        },
        {
            "label": 4,
            "probability": 0.999,
            "rect": {
                "bottom": 0.6985233,
                "left": 0.49489912,
                "right": 0.49489912,
                "top": 0.6985233
            }
        }
    ]
}