{
    "file_name": "000000370233.jpg",
    "generator": "convert_to_region_cropper.py",
    "labels": [
        "position",
        "left_eye",
        "right_eye",
        "left_cheek",
        "right_cheek",
        "nose_base",
        "left_mouth",
        "right_mouth",
        "bottom_mouth"
    ],
    "regions": [
        {
            "label": 0,
            "probability": 0.999,
            "rect": {
                "bottom": 0.390625,
                "left": 0.21484375,
                "right": 0.30859375,
                "top": 0.26953125
            }
        },
        {
            "label": 1,
            "probability": 0.999,
            "rect": {
                "bottom": 0.34397534,
                "left": 0.2846199,
                "right": 0.2846199,
                "top": 0.34397534
            }
        },
        {
            "label": 7,
            "probability": 0.999,
            "rect": {
                "bottom": 0.36685896,
                "left": 0.24361621,
                "right": 0.24361621,
                "top": 0.36685896
            }
        },
        {
            "label": 8,
            "probability": 0.999,
            "rect": {
                "bottom": 0.3832885,
                "left": 0.25730702,
                "right": 0.25730702,
                "top": 0.3832885
            }
        }
    ]
}