{
    "file_name": "000000316671.jpg",
    "generator": "convert_to_region_cropper.py",
    "labels": [
        "position",
        "left_eye",
        "right_eye",
        "left_cheek",
        "right_cheek",
        "nose_base",
        "left_mouth",
        "right_mouth",
        "bottom_mouth"
    ],
    "regions": [
        {
            "label": 0,
            "probability": 0.999,
            "rect": {
                "bottom": 0.46484375,
                "left": 0.44921875,
                "right": 0.6796875,
                "top": 0.1796875
            }
        },
        {
            "label": 1,
            "probability": 0.999,
            "rect": {
                "bottom": 0.34601533,
                "left": 0.599677,
                "right": 0.599677,
                "top": 0.34601533
            }
        },
        {
            "label": 2,
            "probability": 0.999,
            "rect": {
                "bottom": 0.34837884,
                "left": 0.5393443,
                "right": 0.5393443,
                "top": 0.34837884
            }
        },
        {
            "label": 5,
            "probability": 0.999,
            "rect": {
                "bottom": 0.3796706,
                "left": 0.55459213,
                "right": 0.55459213,
                "top": 0.3796706
            }
        }
    ]
}