{
    "file_name": "000000045516.jpg",
    "generator": "convert_to_region_cropper.py",
    "labels": [
        "position",
        "left_eye",
        "right_eye",
        "left_cheek",
        "right_cheek",
        "nose_base",
        "left_mouth",
        "right_mouth",
        "bottom_mouth"
    ],
    "regions": [
        {
            "label": 0,
            "probability": 0.999,
            "rect": {
                "bottom": 0.55078125,
                "left": 0.2421875,
                "right": 0.4453125,
                "top": 0.30078125
            }
        },
        {
            "label": 1,
            "probability": 0.999,
            "rect": {
                "bottom": 0.43943062,
                "left": 0.35913607,
                "right": 0.35913607,
                "top": 0.43943062
            }
        },
        {
            "label": 2,
            "probability": 0.999,
            "rect": {
                "bottom": 0.4270256,
                "left": 0.31665364,
                "right": 0.31665364,
                "top": 0.4270256
            }
        },
        {
            "label": 5,
            "probability": 0.999,
            "rect": {
                "bottom": 0.47227687,
                "left": 0.35768148,
                "right": 0.35768148,
                "top": 0.47227687
            }
        }
    ]
}