{
    "file_name": "000000418717.jpg",
    "generator": "convert_to_region_cropper.py",
    "labels": [
        "position",
        "left_eye",
        "right_eye",
        "left_cheek",
        "right_cheek",
        "nose_base",
        "left_mouth",
        "right_mouth",
        "bottom_mouth"
    ],
    "regions": [
        {
            "label": 0,
            "probability": 0.999,
            "rect": {
                "bottom": 0.33203125,
                "left": 0.2421875,
                "right": 0.41796875,
                "top": 0.11328125
            }
        },
        {
            "label": 2,
            "probability": 0.999,
            "rect": {
                "bottom": 0.2342342,
                "left": 0.32215828,
                "right": 0.32215828,
                "top": 0.2342342
            }
        },
        {
            "label": 3,
            "probability": 0.999,
            "rect": {
                "bottom": 0.24275601,
                "left": 0.28638697,
                "right": 0.28638697,
                "top": 0.24275601
            }
        },
        {
            "label": 7,
            "probability": 0.999,
            "rect": {
                "bottom": 0.2893271,
                "left": 0.30458805,
                "right": 0.30458805,
                "top": 0.2893271
            }
        }
    ]
}