{
    "file_name": "000000256087.jpg",
    "generator": "convert_to_region_cropper.py",
    "labels": [
        "position",
        "left_eye",
        "right_eye",
        "left_cheek",
        "right_cheek",
        "nose_base",
        "left_mouth",
        "right_mouth",
        "bottom_mouth"
    ],
    "regions": [
        {
            "label": 0,
            "probability": 0.999,
            "rect": {
                "bottom": 0.3828125,
                "left": 0.40234375,
                "right": 0.703125,
                "top": 0.0078125
            }
        },
        {
            "label": 6,
            "probability": 0.999,
            "rect": {
                "bottom": 0.29343674,
                "left": 0.60433906,
                "right": 0.60433906,
                "top": 0.29343674
            }
        },
        {
            "label": 7,
            "probability": 0.999,
            "rect": {
                "bottom": 0.29466766,
                "left": 0.51903576,
                "right": 0.51903576,
                "top": 0.29466766
            }
        },
        {
            "label": 8,
            "probability": 0.999,
            "rect": {
                "bottom": 0.3069752,
                "left": 0.56574684,
                "right": 0.56574684,
                "top": 0.3069752
            }
        }
    ]
}