{
    "file_name": "000000008781.jpg",
    "generator": "convert_to_region_cropper.py",
    "labels": [
        "position",
        "left_eye",
        "right_eye",
        "left_cheek",
        "right_cheek",
        "nose_base",
        "left_mouth",
        "right_mouth",
        "bottom_mouth"
    ],
    "regions": [
        {
            "label": 0,
            "probability": 0.999,
            "rect": {
                "bottom": 0.265625,
                "left": 0.578125,
                "right": 0.69921875,
                "top": 0.1171875
            }
        },
        {
            "label": 2,
            "probability": 0.999,
            "rect": {
                "bottom": 0.19689515,
                "left": 0.6229153,
                "right": 0.6229153,
                "top": 0.19689515
            }
        },
        {
            "label": 3,
            "probability": 0.999,
            "rect": {
                "bottom": 0.21386349,
                "left": 0.6036115,
                "right": 0.6036115,
                "top": 0.21386349
            }
        },
        {
            "label": 7,
            "probability": 0.999,
            "rect": {
                "bottom": 0.23567054,
                "left": 0.62512445,
                "right": 0.62512445,
                "top": 0.23567054
            }
        }
    ]
}