{
    "file_name": "000000548723.jpg",
    "generator": "convert_to_region_cropper.py",
    "labels": [
        "position",
        "left_eye",
        "right_eye",
        "left_cheek",
        "right_cheek",
        "nose_base",
        "left_mouth",
        "right_mouth",
        "bottom_mouth"
    ],
    "regions": [
        {
            "label": 0,
            "probability": 0.999,
            "rect": {
                "bottom": 0.36328125,
                "left": 0.5625,
                "right": 0.69140625,
                "top": 0.19921875
            }
        },
        {
            "label": 1,
            "probability": 0.999,
            "rect": {
                "bottom": 0.28737465,
                "left": 0.6447794,
                "right": 0.6447794,
                "top": 0.28737465
            }
        },
        {
            "label": 4,
            "probability": 0.999,
            "rect": {
                "bottom": 0.30229402,
                "left": 0.6746985,
                "right": 0.6746985,
                "top": 0.30229402
            }
        },
        {
            "label": 6,
            "probability": 0.999,
            "rect": {
                "bottom": 0.32717344,
                "left": 0.64046144,
                "right": 0.64046144,
                "top": 0.32717344
            }
        }
    ]
}