{
    "file_name": "000000159763.jpg",
    "generator": "convert_to_region_cropper.py",
    "labels": [
        "position",
        "left_eye",
        "right_eye",
        "left_cheek",
        "right_cheek",
        "nose_base",
        "left_mouth",
        "right_mouth",
        "bottom_mouth"
    ],
    "regions": [
        {
            "label": 0,
            "probability": 0.999,
            "rect": {
                "bottom": 0.30078125,
                "left": 0.28323698,
                "right": 0.46242774,
                "top": 0.15234375
            }
        },
        {
            "label": 1,
            "probability": 0.999,
            "rect": {
                "bottom": 0.23388445,
                "left": 0.40139312,
                "right": 0.40139312,
                "top": 0.23388445
            }
        },
        {
            "label": 2,
            "probability": 0.999,
            "rect": {
                "bottom": 0.23572642,
                "left": 0.35836738,
                "right": 0.35836738,
                "top": 0.23572642
            }
        },
        {
            "label": 4,
            "probability": 0.999,
            "rect": {
                "bottom": 0.24435227,
                "left": 0.43782136,
                "right": 0.43782136,
                "top": 0.24435227
            }
        }
    ]
}