{
    "file_name": "000000359168.jpg",
    "generator": "convert_to_region_cropper.py",
    "labels": [
        "position",
        "left_eye",
        "right_eye",
        "left_cheek",
        "right_cheek",
        "nose_base",
        "left_mouth",
        "right_mouth",
        "bottom_mouth"
    ],
    "regions": [
        {
            "label": 0,
            "probability": 0.999,
            "rect": {
                "bottom": 0.52734375,
                "left": 0.5212121,
                "right": 0.90909094,
                "top": 0.21875
            }
        },
        {
            "label": 1,
            "probability": 0.999,
            "rect": {
                "bottom": 0.38795578,
                "left": 0.7404553,
                "right": 0.7404553,
                "top": 0.38795578
            }
        },
        {
            "label": 4,
            "probability": 0.999,
            "rect": {
                "bottom": 0.41095763,
                "left": 0.83604115,
                "right": 0.83604115,
                "top": 0.41095763
            }
        },
        {
            "label": 6,
            "probability": 0.999,
            "rect": {
                "bottom": 0.4614082,
                "left": 0.76637197,
                "right": 0.76637197,
                "top": 0.4614082
            }
        }
    ]
}