{
  "generator": "convert_to_region_cropper.py",
  "file_name": "000000009895.jpg",
  "regions": [
    {
      "probability": 1.0,
      "label": 0,
      "rect": {
        "left": 0.2733824,
        "top": 0.4696756,
        "right": 0.3195081,
        "bottom": 0.54019743
      }
    },
    {
      "probability": 0.999,
      "label": 0,
      "rect": {
        "left": 0.734375,
        "top": 0.32331732,
        "right": 0.828125,
        "bottom": 0.48815247
      }
    },
    {
      "probability": 0.999,
      "label": 6,
      "rect": {
        "left": 0.7719477,
        "top": 0.44081777,
        "right": 0.7719477,
        "bottom": 0.44081777
      }
    },
    {
      "probability": 0.999,
      "label": 4,
      "rect": {
        "left": 0.79874057,
        "top": 0.41633087,
        "right": 0.79874057,
        "bottom": 0.41633087
      }
    }
  ],
  "created_at": "2018-08-27T03:46:41.497"
}