{
  "generator": "convert_to_region_cropper.py",
  "file_name": "000000006996.jpg",
  "regions": [
    {
      "probability": 0.999,
      "label": 3,
      "rect": {
        "left": 0.41649085,
        "top": 0.22421558,
        "right": 0.41649085,
        "bottom": 0.22421558
      }
    },
    {
      "probability": 0.999,
      "label": 2,
      "rect": {
        "left": 0.43366677,
        "top": 0.2073486,
        "right": 0.43366677,
        "bottom": 0.2073486
      }
    },
    {
      "probability": 0.999,
      "label": 0,
      "rect": {
        "left": 0.40234375,
        "top": 0.140625,
        "right": 0.5,
        "bottom": 0.265625
      }
    },
    {
      "probability": 1.0,
      "label": 0,
      "rect": {
        "left": 0.42141375,
        "top": 0.33568406,
        "right": 0.5530988,
        "bottom": 0.43300423
      }
    }
  ],
  "created_at": "2018-08-27T03:43:57.367"
}