{
    "file_name": "000000081809.jpg",
    "generator": "convert_to_region_cropper.py",
    "labels": [
        "position",
        "left_eye",
        "right_eye",
        "left_cheek",
        "right_cheek",
        "nose_base",
        "left_mouth",
        "right_mouth",
        "bottom_mouth"
    ],
    "regions": [
        {
            "label": 0,
            "probability": 0.999,
            "rect": {
                "bottom": 0.65048546,
                "left": 0.3515625,
                "right": 0.6953125,
                "top": 0.116504855
            }
        },
        {
            "label": 1,
            "probability": 0.999,
            "rect": {
                "bottom": 0.41123536,
                "left": 0.5513707,
                "right": 0.5513707,
                "top": 0.41123536
            }
        },
        {
            "label": 2,
            "probability": 0.999,
            "rect": {
                "bottom": 0.39646253,
                "left": 0.4729162,
                "right": 0.4729162,
                "top": 0.39646253
            }
        },
        {
            "label": 5,
            "probability": 0.999,
            "rect": {
                "bottom": 0.5112561,
                "left": 0.5310924,
                "right": 0.5310924,
                "top": 0.5112561
            }
        }
    ]
}