{
    "file_name": "000000083601.jpg",
    "generator": "convert_to_region_cropper.py",
    "labels": [
        "position",
        "left_eye",
        "right_eye",
        "left_cheek",
        "right_cheek",
        "nose_base",
        "left_mouth",
        "right_mouth",
        "bottom_mouth"
    ],
    "regions": [
        {
            "label": 0,
            "probability": 0.999,
            "rect": {
                "bottom": 0.36979166,
                "left": 0.38671875,
                "right": 0.49609375,
                "top": 0.1875
            }
        },
        {
            "label": 1,
            "probability": 0.999,
            "rect": {
                "bottom": 0.28726742,
                "left": 0.46010566,
                "right": 0.46010566,
                "top": 0.28726742
            }
        },
        {
            "label": 2,
            "probability": 0.999,
            "rect": {
                "bottom": 0.2918067,
                "left": 0.43193632,
                "right": 0.43193632,
                "top": 0.2918067
            }
        },
        {
            "label": 4,
            "probability": 0.999,
            "rect": {
                "bottom": 0.3025045,
                "left": 0.48376617,
                "right": 0.48376617,
                "top": 0.3025045
            }
        }
    ]
}