{
    "file_name": "000000421360.jpg",
    "generator": "convert_to_region_cropper.py",
    "labels": [
        "position",
        "left_eye",
        "right_eye",
        "left_cheek",
        "right_cheek",
        "nose_base",
        "left_mouth",
        "right_mouth",
        "bottom_mouth"
    ],
    "regions": [
        {
            "label": 0,
            "probability": 0.999,
            "rect": {
                "bottom": 0.61403507,
                "left": 0.2578125,
                "right": 0.37890625,
                "top": 0.39181286
            }
        },
        {
            "label": 1,
            "probability": 0.999,
            "rect": {
                "bottom": 0.51434225,
                "left": 0.3319288,
                "right": 0.3319288,
                "top": 0.51434225
            }
        },
        {
            "label": 2,
            "probability": 0.999,
            "rect": {
                "bottom": 0.51146495,
                "left": 0.30434692,
                "right": 0.30434692,
                "top": 0.51146495
            }
        },
        {
            "label": 7,
            "probability": 0.999,
            "rect": {
                "bottom": 0.5729148,
                "left": 0.30458504,
                "right": 0.30458504,
                "top": 0.5729148
            }
        }
    ]
}