{
  "generator": "convert_to_region_cropper.py",
  "file_name": "000000000839.jpg",
  "regions": [
    {
      "probability": 0.999,
      "label": 0,
      "rect": {
        "left": 0.3515625,
        "top": 0.19921875,
        "right": 0.44921875,
        "bottom": 0.3203125
      }
    },
    {
      "probability": 0.999,
      "label": 3,
      "rect": {
        "left": 0.40493312,
        "top": 0.25996393,
        "right": 0.40493312,
        "bottom": 0.25996393
      }
    },
    {
      "probability": 1.0,
      "label": 0,
      "rect": {
        "left": 0.7648426,
        "top": 0.13399154,
        "right": 0.86621785,
        "bottom": 0.22849083
      }
    }
  ],
  "created_at": "2018-08-27T03:35:27.678"
}