{
  "generator": "convert_to_region_cropper.py",
  "file_name": "000000023737.jpg",
  "regions": [
    {
      "probability": 0.999,
      "label": 2,
      "rect": {
        "left": 0.23231128,
        "top": 0.36530715,
        "right": 0.23231128,
        "bottom": 0.36530715
      }
    },
    {
      "probability": 0.999,
      "label": 0,
      "rect": {
        "left": 0.1796875,
        "top": 0.296875,
        "right": 0.29296875,
        "bottom": 0.421875
      }
    },
    {
      "probability": 0.999,
      "label": 7,
      "rect": {
        "left": 0.2244896,
        "top": 0.3920364,
        "right": 0.2244896,
        "bottom": 0.3920364
      }
    }
  ],
  "created_at": "2018-08-27T06:01:49.220"
}