{
    "file_name": "000000402711.jpg",
    "generator": "convert_to_region_cropper.py",
    "labels": [
        "position",
        "left_eye",
        "right_eye",
        "left_cheek",
        "right_cheek",
        "nose_base",
        "left_mouth",
        "right_mouth",
        "bottom_mouth"
    ],
    "regions": [
        {
            "label": 0,
            "probability": 0.999,
            "rect": {
                "bottom": 0.22222222,
                "left": 0.53515625,
                "right": 0.63671875,
                "top": 0.029239766
            }
        },
        {
            "label": 4,
            "probability": 0.999,
            "rect": {
                "bottom": 0.14603664,
                "left": 0.61866707,
                "right": 0.61866707,
                "top": 0.14603664
            }
        },
        {
            "label": 6,
            "probability": 0.999,
            "rect": {
                "bottom": 0.17817625,
                "left": 0.6000502,
                "right": 0.6000502,
                "top": 0.17817625
            }
        },
        {
            "label": 8,
            "probability": 0.999,
            "rect": {
                "bottom": 0.17244467,
                "left": 0.5908378,
                "right": 0.5908378,
                "top": 0.17244467
            }
        }
    ]
}