{
    "file_name": "000000432626.jpg",
    "generator": "convert_to_region_cropper.py",
    "labels": [
        "position",
        "left_eye",
        "right_eye",
        "left_cheek",
        "right_cheek",
        "nose_base",
        "left_mouth",
        "right_mouth",
        "bottom_mouth"
    ],
    "regions": [
        {
            "label": 0,
            "probability": 0.999,
            "rect": {
                "bottom": 0.2890625,
                "left": 0.2421875,
                "right": 0.35546875,
                "top": 0.1484375
            }
        },
        {
            "label": 1,
            "probability": 0.999,
            "rect": {
                "bottom": 0.2311772,
                "left": 0.3162349,
                "right": 0.3162349,
                "top": 0.2311772
            }
        },
        {
            "label": 2,
            "probability": 0.999,
            "rect": {
                "bottom": 0.22442456,
                "left": 0.2889099,
                "right": 0.2889099,
                "top": 0.22442456
            }
        },
        {
            "label": 3,
            "probability": 0.999,
            "rect": {
                "bottom": 0.23386613,
                "left": 0.26357713,
                "right": 0.26357713,
                "top": 0.23386613
            }
        }
    ]
}