{
    "file_name": "000000260134.jpg",
    "generator": "convert_to_region_cropper.py",
    "labels": [
        "position",
        "left_eye",
        "right_eye",
        "left_cheek",
        "right_cheek",
        "nose_base",
        "left_mouth",
        "right_mouth",
        "bottom_mouth"
    ],
    "regions": [
        {
            "label": 0,
            "probability": 0.999,
            "rect": {
                "bottom": 0.296875,
                "left": 0.19140625,
                "right": 0.29296875,
                "top": 0.171875
            }
        },
        {
            "label": 1,
            "probability": 0.999,
            "rect": {
                "bottom": 0.23987639,
                "left": 0.26209193,
                "right": 0.26209193,
                "top": 0.23987639
            }
        },
        {
            "label": 3,
            "probability": 0.999,
            "rect": {
                "bottom": 0.25661328,
                "left": 0.23357621,
                "right": 0.23357621,
                "top": 0.25661328
            }
        },
        {
            "label": 4,
            "probability": 0.999,
            "rect": {
                "bottom": 0.25619853,
                "left": 0.26302865,
                "right": 0.26302865,
                "top": 0.25619853
            }
        }
    ]
}