{
    "file_name": "000000407810.jpg",
    "generator": "convert_to_region_cropper.py",
    "labels": [
        "position",
        "left_eye",
        "right_eye",
        "left_cheek",
        "right_cheek",
        "nose_base",
        "left_mouth",
        "right_mouth",
        "bottom_mouth"
    ],
    "regions": [
        {
            "label": 0,
            "probability": 0.999,
            "rect": {
                "bottom": 0.3515625,
                "left": 0.2748538,
                "right": 0.47953215,
                "top": 0.1796875
            }
        },
        {
            "label": 1,
            "probability": 0.999,
            "rect": {
                "bottom": 0.27561998,
                "left": 0.39751127,
                "right": 0.39751127,
                "top": 0.27561998
            }
        },
        {
            "label": 4,
            "probability": 0.999,
            "rect": {
                "bottom": 0.28574058,
                "left": 0.44933867,
                "right": 0.44933867,
                "top": 0.28574058
            }
        },
        {
            "label": 6,
            "probability": 0.999,
            "rect": {
                "bottom": 0.31289265,
                "left": 0.40153614,
                "right": 0.40153614,
                "top": 0.31289265
            }
        }
    ]
}