{
    "file_name": "000000557219.jpg",
    "generator": "convert_to_region_cropper.py",
    "labels": [
        "position",
        "left_eye",
        "right_eye",
        "left_cheek",
        "right_cheek",
        "nose_base",
        "left_mouth",
        "right_mouth",
        "bottom_mouth"
    ],
    "regions": [
        {
            "label": 0,
            "probability": 0.999,
            "rect": {
                "bottom": 0.4140625,
                "left": 0.44140625,
                "right": 0.59375,
                "top": 0.22265625
            }
        },
        {
            "label": 1,
            "probability": 0.999,
            "rect": {
                "bottom": 0.32726774,
                "left": 0.53670317,
                "right": 0.53670317,
                "top": 0.32726774
            }
        },
        {
            "label": 2,
            "probability": 0.999,
            "rect": {
                "bottom": 0.32840455,
                "left": 0.50239265,
                "right": 0.50239265,
                "top": 0.32840455
            }
        },
        {
            "label": 3,
            "probability": 0.999,
            "rect": {
                "bottom": 0.34749907,
                "left": 0.4793232,
                "right": 0.4793232,
                "top": 0.34749907
            }
        }
    ]
}