{
    "file_name": "000000428336.jpg",
    "generator": "convert_to_region_cropper.py",
    "labels": [
        "position",
        "left_eye",
        "right_eye",
        "left_cheek",
        "right_cheek",
        "nose_base",
        "left_mouth",
        "right_mouth",
        "bottom_mouth"
    ],
    "regions": [
        {
            "label": 0,
            "probability": 0.999,
            "rect": {
                "bottom": 0.16796875,
                "left": 0.4453125,
                "right": 0.54296875,
                "top": 0.04296875
            }
        },
        {
            "label": 1,
            "probability": 0.999,
            "rect": {
                "bottom": 0.107988596,
                "left": 0.50907713,
                "right": 0.50907713,
                "top": 0.107988596
            }
        },
        {
            "label": 4,
            "probability": 0.999,
            "rect": {
                "bottom": 0.12753731,
                "left": 0.5088321,
                "right": 0.5088321,
                "top": 0.12753731
            }
        },
        {
            "label": 5,
            "probability": 0.999,
            "rect": {
                "bottom": 0.13143396,
                "left": 0.4936037,
                "right": 0.4936037,
                "top": 0.13143396
            }
        }
    ]
}