{
  "generator": "convert_to_region_cropper.py",
  "file_name": "000000007713.jpg",
  "regions": [
    {
      "probability": 0.999,
      "label": 4,
      "rect": {
        "left": 0.45362064,
        "top": 0.65277433,
        "right": 0.45362064,
        "bottom": 0.65277433
      }
    }
  ],
  "created_at": "2018-08-27T03:44:18.705"
}