{
    "file_name": "000000525678.jpg",
    "generator": "convert_to_region_cropper.py",
    "labels": [
        "position",
        "left_eye",
        "right_eye",
        "left_cheek",
        "right_cheek",
        "nose_base",
        "left_mouth",
        "right_mouth",
        "bottom_mouth"
    ],
    "regions": [
        {
            "label": 0,
            "probability": 0.999,
            "rect": {
                "bottom": 0.35416666,
                "left": 0.515625,
                "right": 0.61328125,
                "top": 0.19270833
            }
        },
        {
            "label": 1,
            "probability": 0.999,
            "rect": {
                "bottom": 0.27977422,
                "left": 0.58316934,
                "right": 0.58316934,
                "top": 0.27977422
            }
        },
        {
            "label": 0,
            "probability": 0.999,
            "rect": {
                "bottom": 0.22395833,
                "left": 0.41796875,
                "right": 0.51171875,
                "top": 0.067708336
            }
        },
        {
            "label": 4,
            "probability": 0.999,
            "rect": {
                "bottom": 0.17103042,
                "left": 0.4834946,
                "right": 0.4834946,
                "top": 0.17103042
            }
        }
    ]
}