{
  "generator": "convert_to_region_cropper.py",
  "file_name": "000000004616.jpg",
  "regions": [
    {
      "probability": 1.0,
      "label": 0,
      "rect": {
        "left": 0.33921015,
        "top": 0.48660085,
        "right": 0.48942173,
        "bottom": 0.67983073
      }
    },
    {
      "probability": 0.999,
      "label": 5,
      "rect": {
        "left": 0.6769312,
        "top": 0.6425965,
        "right": 0.6769312,
        "bottom": 0.6425965
      }
    },
    {
      "probability": 0.999,
      "label": 0,
      "rect": {
        "left": 0.60546875,
        "top": 0.4921875,
        "right": 0.8046875,
        "bottom": 0.7421875
      }
    },
    {
      "probability": 0.999,
      "label": 4,
      "rect": {
        "left": 0.7679486,
        "top": 0.643845,
        "right": 0.7679486,
        "bottom": 0.643845
      }
    }
  ],
  "created_at": "2018-08-27T03:40:11.652"
}