{
    "file_name": "000000198234.jpg",
    "generator": "convert_to_region_cropper.py",
    "labels": [
        "position",
        "left_eye",
        "right_eye",
        "left_cheek",
        "right_cheek",
        "nose_base",
        "left_mouth",
        "right_mouth",
        "bottom_mouth"
    ],
    "regions": [
        {
            "label": 0,
            "probability": 0.999,
            "rect": {
                "bottom": 0.3515625,
                "left": 0.34765625,
                "right": 0.4609375,
                "top": 0.2109375
            }
        },
        {
            "label": 2,
            "probability": 0.999,
            "rect": {
                "bottom": 0.28663427,
                "left": 0.39577493,
                "right": 0.39577493,
                "top": 0.28663427
            }
        },
        {
            "label": 3,
            "probability": 0.999,
            "rect": {
                "bottom": 0.30065963,
                "left": 0.37286308,
                "right": 0.37286308,
                "top": 0.30065963
            }
        },
        {
            "label": 7,
            "probability": 0.999,
            "rect": {
                "bottom": 0.3243151,
                "left": 0.3954313,
                "right": 0.3954313,
                "top": 0.3243151
            }
        }
    ]
}