{
    "file_name": "000000473706.jpg",
    "generator": "convert_to_region_cropper.py",
    "labels": [
        "position",
        "left_eye",
        "right_eye",
        "left_cheek",
        "right_cheek",
        "nose_base",
        "left_mouth",
        "right_mouth",
        "bottom_mouth"
    ],
    "regions": [
        {
            "label": 0,
            "probability": 0.999,
            "rect": {
                "bottom": 0.421875,
                "left": 0.5989583,
                "right": 0.7239583,
                "top": 0.3046875
            }
        },
        {
            "label": 2,
            "probability": 0.999,
            "rect": {
                "bottom": 0.36752734,
                "left": 0.6420459,
                "right": 0.6420459,
                "top": 0.36752734
            }
        },
        {
            "label": 3,
            "probability": 0.999,
            "rect": {
                "bottom": 0.38372096,
                "left": 0.63755566,
                "right": 0.63755566,
                "top": 0.38372096
            }
        },
        {
            "label": 4,
            "probability": 0.999,
            "rect": {
                "bottom": 0.38458684,
                "left": 0.6865757,
                "right": 0.6865757,
                "top": 0.38458684
            }
        }
    ]
}