{
  "generator": "convert_to_region_cropper.py",
  "file_name": "000000023914.jpg",
  "regions": [
    {
      "probability": 0.999,
      "label": 3,
      "rect": {
        "left": 0.082172036,
        "top": 0.22603486,
        "right": 0.082172036,
        "bottom": 0.22603486
      }
    },
    {
      "probability": 0.999,
      "label": 0,
      "rect": {
        "left": 0.0,
        "top": 0.0703125,
        "right": 0.2421875,
        "bottom": 0.3671875
      }
    },
    {
      "probability": 0.999,
      "label": 7,
      "rect": {
        "left": 0.12417332,
        "top": 0.28283527,
        "right": 0.12417332,
        "bottom": 0.28283527
      }
    }
  ],
  "created_at": "2018-08-27T06:01:54.278"
}