{
    "file_name": "000000273653.jpg",
    "generator": "convert_to_region_cropper.py",
    "labels": [
        "position",
        "left_eye",
        "right_eye",
        "left_cheek",
        "right_cheek",
        "nose_base",
        "left_mouth",
        "right_mouth",
        "bottom_mouth"
    ],
    "regions": [
        {
            "label": 0,
            "probability": 0.999,
            "rect": {
                "bottom": 0.7890625,
                "left": 0.3046875,
                "right": 0.40234375,
                "top": 0.66796875
            }
        },
        {
            "label": 2,
            "probability": 0.999,
            "rect": {
                "bottom": 0.7286189,
                "left": 0.3374126,
                "right": 0.3374126,
                "top": 0.7286189
            }
        },
        {
            "label": 3,
            "probability": 0.999,
            "rect": {
                "bottom": 0.7441157,
                "left": 0.3345085,
                "right": 0.3345085,
                "top": 0.7441157
            }
        },
        {
            "label": 7,
            "probability": 0.999,
            "rect": {
                "bottom": 0.76364696,
                "left": 0.33841473,
                "right": 0.33841473,
                "top": 0.76364696
            }
        }
    ]
}