{
    "file_name": "000000283534.jpg",
    "generator": "convert_to_region_cropper.py",
    "labels": [
        "position",
        "left_eye",
        "right_eye",
        "left_cheek",
        "right_cheek",
        "nose_base",
        "left_mouth",
        "right_mouth",
        "bottom_mouth"
    ],
    "regions": [
        {
            "label": 0,
            "probability": 0.999,
            "rect": {
                "bottom": 0.38671875,
                "left": 0.35546875,
                "right": 0.45703125,
                "top": 0.2578125
            }
        },
        {
            "label": 4,
            "probability": 0.999,
            "rect": {
                "bottom": 0.34439266,
                "left": 0.44249785,
                "right": 0.44249785,
                "top": 0.34439266
            }
        },
        {
            "label": 5,
            "probability": 0.999,
            "rect": {
                "bottom": 0.35703462,
                "left": 0.39862537,
                "right": 0.39862537,
                "top": 0.35703462
            }
        },
        {
            "label": 6,
            "probability": 0.999,
            "rect": {
                "bottom": 0.36423013,
                "left": 0.4130345,
                "right": 0.4130345,
                "top": 0.36423013
            }
        }
    ]
}