{
    "file_name": "000000106199.jpg",
    "generator": "convert_to_region_cropper.py",
    "labels": [
        "position",
        "left_eye",
        "right_eye",
        "left_cheek",
        "right_cheek",
        "nose_base",
        "left_mouth",
        "right_mouth",
        "bottom_mouth"
    ],
    "regions": [
        {
            "label": 0,
            "probability": 0.999,
            "rect": {
                "bottom": 0.234375,
                "left": 0.515625,
                "right": 0.62109375,
                "top": 0.10546875
            }
        },
        {
            "label": 2,
            "probability": 0.999,
            "rect": {
                "bottom": 0.1721895,
                "left": 0.5526599,
                "right": 0.5526599,
                "top": 0.1721895
            }
        },
        {
            "label": 3,
            "probability": 0.999,
            "rect": {
                "bottom": 0.18192224,
                "left": 0.5287977,
                "right": 0.5287977,
                "top": 0.18192224
            }
        },
        {
            "label": 7,
            "probability": 0.999,
            "rect": {
                "bottom": 0.20369925,
                "left": 0.54996693,
                "right": 0.54996693,
                "top": 0.20369925
            }
        }
    ]
}