{
    "file_name": "000000070913.jpg",
    "generator": "convert_to_region_cropper.py",
    "labels": [
        "position",
        "left_eye",
        "right_eye",
        "left_cheek",
        "right_cheek",
        "nose_base",
        "left_mouth",
        "right_mouth",
        "bottom_mouth"
    ],
    "regions": [
        {
            "label": 0,
            "probability": 0.999,
            "rect": {
                "bottom": 0.21875,
                "left": 0.37109375,
                "right": 0.484375,
                "top": 0.078125
            }
        },
        {
            "label": 2,
            "probability": 0.999,
            "rect": {
                "bottom": 0.15616325,
                "left": 0.42411667,
                "right": 0.42411667,
                "top": 0.15616325
            }
        },
        {
            "label": 3,
            "probability": 0.999,
            "rect": {
                "bottom": 0.16490205,
                "left": 0.40224984,
                "right": 0.40224984,
                "top": 0.16490205
            }
        },
        {
            "label": 5,
            "probability": 0.999,
            "rect": {
                "bottom": 0.18035598,
                "left": 0.42536253,
                "right": 0.42536253,
                "top": 0.18035598
            }
        }
    ]
}