{
    "file_name": "000000245096.jpg",
    "generator": "convert_to_region_cropper.py",
    "labels": [
        "position",
        "left_eye",
        "right_eye",
        "left_cheek",
        "right_cheek",
        "nose_base",
        "left_mouth",
        "right_mouth",
        "bottom_mouth"
    ],
    "regions": [
        {
            "label": 0,
            "probability": 0.999,
            "rect": {
                "bottom": 0.53801167,
                "left": 0.15625,
                "right": 0.42578125,
                "top": 0.03508772
            }
        },
        {
            "label": 2,
            "probability": 0.999,
            "rect": {
                "bottom": 0.30839464,
                "left": 0.2681426,
                "right": 0.2681426,
                "top": 0.30839464
            }
        },
        {
            "label": 3,
            "probability": 0.999,
            "rect": {
                "bottom": 0.34156963,
                "left": 0.21258502,
                "right": 0.21258502,
                "top": 0.34156963
            }
        },
        {
            "label": 7,
            "probability": 0.999,
            "rect": {
                "bottom": 0.41862047,
                "left": 0.2703252,
                "right": 0.2703252,
                "top": 0.41862047
            }
        }
    ]
}