{
    "file_name": "000000249453.jpg",
    "generator": "convert_to_region_cropper.py",
    "labels": [
        "position",
        "left_eye",
        "right_eye",
        "left_cheek",
        "right_cheek",
        "nose_base",
        "left_mouth",
        "right_mouth",
        "bottom_mouth"
    ],
    "regions": [
        {
            "label": 0,
            "probability": 0.999,
            "rect": {
                "bottom": 0.3671875,
                "left": 0.25390625,
                "right": 0.4296875,
                "top": 0.1484375
            }
        },
        {
            "label": 1,
            "probability": 0.999,
            "rect": {
                "bottom": 0.27214706,
                "left": 0.3775513,
                "right": 0.3775513,
                "top": 0.27214706
            }
        },
        {
            "label": 2,
            "probability": 0.999,
            "rect": {
                "bottom": 0.26459205,
                "left": 0.33228952,
                "right": 0.33228952,
                "top": 0.26459205
            }
        },
        {
            "label": 3,
            "probability": 0.999,
            "rect": {
                "bottom": 0.2702219,
                "left": 0.2859877,
                "right": 0.2859877,
                "top": 0.2702219
            }
        }
    ]
}