{
    "file_name": "000000356950.jpg",
    "generator": "convert_to_region_cropper.py",
    "labels": [
        "position",
        "left_eye",
        "right_eye",
        "left_cheek",
        "right_cheek",
        "nose_base",
        "left_mouth",
        "right_mouth",
        "bottom_mouth"
    ],
    "regions": [
        {
            "label": 0,
            "probability": 0.999,
            "rect": {
                "bottom": 0.21484375,
                "left": 0.27734375,
                "right": 0.41015625,
                "top": 0.046875
            }
        },
        {
            "label": 1,
            "probability": 0.999,
            "rect": {
                "bottom": 0.13764003,
                "left": 0.36047944,
                "right": 0.36047944,
                "top": 0.13764003
            }
        },
        {
            "label": 2,
            "probability": 0.999,
            "rect": {
                "bottom": 0.1366241,
                "left": 0.33108363,
                "right": 0.33108363,
                "top": 0.1366241
            }
        },
        {
            "label": 6,
            "probability": 0.999,
            "rect": {
                "bottom": 0.17376396,
                "left": 0.35962585,
                "right": 0.35962585,
                "top": 0.17376396
            }
        }
    ]
}