{
    "file_name": "000000117867.jpg",
    "generator": "convert_to_region_cropper.py",
    "labels": [
        "position",
        "left_eye",
        "right_eye",
        "left_cheek",
        "right_cheek",
        "nose_base",
        "left_mouth",
        "right_mouth",
        "bottom_mouth"
    ],
    "regions": [
        {
            "label": 0,
            "probability": 0.999,
            "rect": {
                "bottom": 0.5859375,
                "left": 0.24609375,
                "right": 0.4140625,
                "top": 0.375
            }
        },
        {
            "label": 1,
            "probability": 0.999,
            "rect": {
                "bottom": 0.48037314,
                "left": 0.35064456,
                "right": 0.35064456,
                "top": 0.48037314
            }
        },
        {
            "label": 2,
            "probability": 0.999,
            "rect": {
                "bottom": 0.49300256,
                "left": 0.31165656,
                "right": 0.31165656,
                "top": 0.49300256
            }
        },
        {
            "label": 3,
            "probability": 0.999,
            "rect": {
                "bottom": 0.51848847,
                "left": 0.28096685,
                "right": 0.28096685,
                "top": 0.51848847
            }
        }
    ]
}