{
    "file_name": "000000375016.jpg",
    "generator": "convert_to_region_cropper.py",
    "labels": [
        "position",
        "left_eye",
        "right_eye",
        "left_cheek",
        "right_cheek",
        "nose_base",
        "left_mouth",
        "right_mouth",
        "bottom_mouth"
    ],
    "regions": [
        {
            "label": 0,
            "probability": 0.999,
            "rect": {
                "bottom": 0.51953125,
                "left": 0.5463415,
                "right": 0.702439,
                "top": 0.3671875
            }
        },
        {
            "label": 1,
            "probability": 0.999,
            "rect": {
                "bottom": 0.45074373,
                "left": 0.64972305,
                "right": 0.64972305,
                "top": 0.45074373
            }
        },
        {
            "label": 4,
            "probability": 0.999,
            "rect": {
                "bottom": 0.46729797,
                "left": 0.6801995,
                "right": 0.6801995,
                "top": 0.46729797
            }
        },
        {
            "label": 6,
            "probability": 0.999,
            "rect": {
                "bottom": 0.48458502,
                "left": 0.6417346,
                "right": 0.6417346,
                "top": 0.48458502
            }
        }
    ]
}