{
    "file_name": "000000538163.jpg",
    "generator": "convert_to_region_cropper.py",
    "labels": [
        "position",
        "left_eye",
        "right_eye",
        "left_cheek",
        "right_cheek",
        "nose_base",
        "left_mouth",
        "right_mouth",
        "bottom_mouth"
    ],
    "regions": [
        {
            "label": 0,
            "probability": 0.999,
            "rect": {
                "bottom": 0.19140625,
                "left": 0.28515625,
                "right": 0.4140625,
                "top": 0.03125
            }
        },
        {
            "label": 2,
            "probability": 0.999,
            "rect": {
                "bottom": 0.122688405,
                "left": 0.34852198,
                "right": 0.34852198,
                "top": 0.122688405
            }
        },
        {
            "label": 5,
            "probability": 0.999,
            "rect": {
                "bottom": 0.14960906,
                "left": 0.3400737,
                "right": 0.3400737,
                "top": 0.14960906
            }
        },
        {
            "label": 7,
            "probability": 0.999,
            "rect": {
                "bottom": 0.16304177,
                "left": 0.33543986,
                "right": 0.33543986,
                "top": 0.16304177
            }
        }
    ]
}