{
  "generator": "convert_to_region_cropper.py",
  "file_name": "000000029431.jpg",
  "regions": [
    {
      "probability": 0.999,
      "label": 0,
      "rect": {
        "left": 0.37109375,
        "top": 0.1875,
        "right": 0.46484375,
        "bottom": 0.34895834
      }
    }
  ],
  "created_at": "2018-08-27T06:21:54.548"
}