{
    "file_name": "000000154008.jpg",
    "generator": "convert_to_region_cropper.py",
    "labels": [
        "position",
        "left_eye",
        "right_eye",
        "left_cheek",
        "right_cheek",
        "nose_base",
        "left_mouth",
        "right_mouth",
        "bottom_mouth"
    ],
    "regions": [
        {
            "label": 0,
            "probability": 0.999,
            "rect": {
                "bottom": 0.38671875,
                "left": 0.265625,
                "right": 0.35546875,
                "top": 0.27734375
            }
        },
        {
            "label": 5,
            "probability": 0.999,
            "rect": {
                "bottom": 0.3603763,
                "left": 0.31384048,
                "right": 0.31384048,
                "top": 0.3603763
            }
        },
        {
            "label": 7,
            "probability": 0.999,
            "rect": {
                "bottom": 0.36428255,
                "left": 0.30212173,
                "right": 0.30212173,
                "top": 0.36428255
            }
        },
        {
            "label": 8,
            "probability": 0.999,
            "rect": {
                "bottom": 0.3826639,
                "left": 0.31087974,
                "right": 0.31087974,
                "top": 0.3826639
            }
        }
    ]
}