{
    "file_name": "000000376384.jpg",
    "generator": "convert_to_region_cropper.py",
    "labels": [
        "position",
        "left_eye",
        "right_eye",
        "left_cheek",
        "right_cheek",
        "nose_base",
        "left_mouth",
        "right_mouth",
        "bottom_mouth"
    ],
    "regions": [
        {
            "label": 0,
            "probability": 0.999,
            "rect": {
                "bottom": 0.58984375,
                "left": 0.26953125,
                "right": 0.37890625,
                "top": 0.453125
            }
        },
        {
            "label": 1,
            "probability": 0.999,
            "rect": {
                "bottom": 0.52472043,
                "left": 0.34642482,
                "right": 0.34642482,
                "top": 0.52472043
            }
        },
        {
            "label": 4,
            "probability": 0.999,
            "rect": {
                "bottom": 0.5362437,
                "left": 0.36611727,
                "right": 0.36611727,
                "top": 0.5362437
            }
        },
        {
            "label": 6,
            "probability": 0.999,
            "rect": {
                "bottom": 0.5559452,
                "left": 0.342986,
                "right": 0.342986,
                "top": 0.5559452
            }
        }
    ]
}