{
    "file_name": "000000029241.jpg",
    "generator": "convert_to_region_cropper.py",
    "labels": [
        "position",
        "left_eye",
        "right_eye",
        "left_cheek",
        "right_cheek",
        "nose_base",
        "left_mouth",
        "right_mouth",
        "bottom_mouth"
    ],
    "regions": [
        {
            "label": 0,
            "probability": 0.999,
            "rect": {
                "bottom": 0.19921875,
                "left": 0.40625,
                "right": 0.51171875,
                "top": 0.06640625
            }
        },
        {
            "label": 2,
            "probability": 0.999,
            "rect": {
                "bottom": 0.13916728,
                "left": 0.4558721,
                "right": 0.4558721,
                "top": 0.13916728
            }
        },
        {
            "label": 3,
            "probability": 0.999,
            "rect": {
                "bottom": 0.14462802,
                "left": 0.43053213,
                "right": 0.43053213,
                "top": 0.14462802
            }
        },
        {
            "label": 7,
            "probability": 0.999,
            "rect": {
                "bottom": 0.1695874,
                "left": 0.44283372,
                "right": 0.44283372,
                "top": 0.1695874
            }
        }
    ]
}