{
    "file_name": "000000541486.jpg",
    "generator": "convert_to_region_cropper.py",
    "labels": [
        "position",
        "left_eye",
        "right_eye",
        "left_cheek",
        "right_cheek",
        "nose_base",
        "left_mouth",
        "right_mouth",
        "bottom_mouth"
    ],
    "regions": [
        {
            "label": 0,
            "probability": 0.999,
            "rect": {
                "bottom": 0.24609375,
                "left": 0.58203125,
                "right": 0.69140625,
                "top": 0.109375
            }
        },
        {
            "label": 1,
            "probability": 0.999,
            "rect": {
                "bottom": 0.19133674,
                "left": 0.63430834,
                "right": 0.63430834,
                "top": 0.19133674
            }
        },
        {
            "label": 4,
            "probability": 0.999,
            "rect": {
                "bottom": 0.1833713,
                "left": 0.6543175,
                "right": 0.6543175,
                "top": 0.1833713
            }
        },
        {
            "label": 5,
            "probability": 0.999,
            "rect": {
                "bottom": 0.21805583,
                "left": 0.6449019,
                "right": 0.6449019,
                "top": 0.21805583
            }
        }
    ]
}