{
    "file_name": "000000485149.jpg",
    "generator": "convert_to_region_cropper.py",
    "labels": [
        "position",
        "left_eye",
        "right_eye",
        "left_cheek",
        "right_cheek",
        "nose_base",
        "left_mouth",
        "right_mouth",
        "bottom_mouth"
    ],
    "regions": [
        {
            "label": 0,
            "probability": 0.999,
            "rect": {
                "bottom": 0.36328125,
                "left": 0.359375,
                "right": 0.5104167,
                "top": 0.22265625
            }
        },
        {
            "label": 1,
            "probability": 0.999,
            "rect": {
                "bottom": 0.29939976,
                "left": 0.4543341,
                "right": 0.4543341,
                "top": 0.29939976
            }
        },
        {
            "label": 4,
            "probability": 0.999,
            "rect": {
                "bottom": 0.30644128,
                "left": 0.48983684,
                "right": 0.48983684,
                "top": 0.30644128
            }
        },
        {
            "label": 6,
            "probability": 0.999,
            "rect": {
                "bottom": 0.32969406,
                "left": 0.46889985,
                "right": 0.46889985,
                "top": 0.32969406
            }
        }
    ]
}