{
    "file_name": "000000315487.jpg",
    "generator": "convert_to_region_cropper.py",
    "labels": [
        "position",
        "left_eye",
        "right_eye",
        "left_cheek",
        "right_cheek",
        "nose_base",
        "left_mouth",
        "right_mouth",
        "bottom_mouth"
    ],
    "regions": [
        {
            "label": 0,
            "probability": 0.999,
            "rect": {
                "bottom": 0.36328125,
                "left": 0.42578125,
                "right": 0.58203125,
                "top": 0.171875
            }
        },
        {
            "label": 5,
            "probability": 0.999,
            "rect": {
                "bottom": 0.3373574,
                "left": 0.49783105,
                "right": 0.49783105,
                "top": 0.3373574
            }
        },
        {
            "label": 6,
            "probability": 0.999,
            "rect": {
                "bottom": 0.32343042,
                "left": 0.52033585,
                "right": 0.52033585,
                "top": 0.32343042
            }
        },
        {
            "label": 8,
            "probability": 0.999,
            "rect": {
                "bottom": 0.3309186,
                "left": 0.4986243,
                "right": 0.4986243,
                "top": 0.3309186
            }
        }
    ]
}