{
    "file_name": "000000549297.jpg",
    "generator": "convert_to_region_cropper.py",
    "labels": [
        "position",
        "left_eye",
        "right_eye",
        "left_cheek",
        "right_cheek",
        "nose_base",
        "left_mouth",
        "right_mouth",
        "bottom_mouth"
    ],
    "regions": [
        {
            "label": 0,
            "probability": 0.999,
            "rect": {
                "bottom": 0.41796875,
                "left": 0.21875,
                "right": 0.33203125,
                "top": 0.27734375
            }
        },
        {
            "label": 1,
            "probability": 0.999,
            "rect": {
                "bottom": 0.3534059,
                "left": 0.2934708,
                "right": 0.2934708,
                "top": 0.3534059
            }
        },
        {
            "label": 4,
            "probability": 0.999,
            "rect": {
                "bottom": 0.37063742,
                "left": 0.31063718,
                "right": 0.31063718,
                "top": 0.37063742
            }
        },
        {
            "label": 6,
            "probability": 0.999,
            "rect": {
                "bottom": 0.39102194,
                "left": 0.28574178,
                "right": 0.28574178,
                "top": 0.39102194
            }
        }
    ]
}