{
  "generator": "convert_to_region_cropper.py",
  "file_name": "000000001089.jpg",
  "regions": [
    {
      "probability": 0.999,
      "label": 2,
      "rect": {
        "left": 0.41519406,
        "top": 0.36431873,
        "right": 0.41519406,
        "bottom": 0.36431873
      }
    },
    {
      "probability": 0.999,
      "label": 0,
      "rect": {
        "left": 0.32421875,
        "top": 0.1796875,
        "right": 0.640625,
        "bottom": 0.57421875
      }
    },
    {
      "probability": 0.999,
      "label": 1,
      "rect": {
        "left": 0.492622,
        "top": 0.34510183,
        "right": 0.492622,
        "bottom": 0.34510183
      }
    },
    {
      "probability": 0.999,
      "label": 4,
      "rect": {
        "left": 0.54775184,
        "top": 0.39619756,
        "right": 0.54775184,
        "bottom": 0.39619756
      }
    }
  ],
  "created_at": "2018-08-27T03:35:41.61"
}