{
  "generator": "convert_to_region_cropper.py",
  "file_name": "000000019123.jpg",
  "regions": [
    {
      "probability": 0.999,
      "label": 1,
      "rect": {
        "left": 0.6021427,
        "top": 0.21764545,
        "right": 0.6021427,
        "bottom": 0.21764545
      }
    },
    {
      "probability": 0.999,
      "label": 0,
      "rect": {
        "left": 0.54296875,
        "top": 0.15625,
        "right": 0.66015625,
        "bottom": 0.30078125
      }
    },
    {
      "probability": 1.0,
      "label": 0,
      "rect": {
        "left": 0.27809122,
        "top": 0.5909732,
        "right": 0.45110485,
        "bottom": 0.7376587
      }
    },
    {
      "probability": 1.0,
      "label": 0,
      "rect": {
        "left": 0.5338505,
        "top": 0.58674186,
        "right": 0.7219088,
        "bottom": 0.7320169
      }
    }
  ],
  "created_at": "2018-08-27T03:56:53.734"
}