{
  "generator": "convert_to_region_cropper.py",
  "file_name": "000000020641.jpg",
  "regions": [
    {
      "probability": 0.999,
      "label": 7,
      "rect": {
        "left": 0.4818133,
        "top": 0.22940442,
        "right": 0.4818133,
        "bottom": 0.22940442
      }
    },
    {
      "probability": 0.999,
      "label": 0,
      "rect": {
        "left": 0.4375,
        "top": 0.09375,
        "right": 0.59375,
        "bottom": 0.29296875
      }
    },
    {
      "probability": 0.999,
      "label": 8,
      "rect": {
        "left": 0.4952017,
        "top": 0.24182329,
        "right": 0.4952017,
        "bottom": 0.24182329
      }
    }
  ],
  "created_at": "2018-08-27T05:53:59.1"
}