{
    "file_name": "000000097530.jpg",
    "generator": "convert_to_region_cropper.py",
    "labels": [
        "position",
        "left_eye",
        "right_eye",
        "left_cheek",
        "right_cheek",
        "nose_base",
        "left_mouth",
        "right_mouth",
        "bottom_mouth"
    ],
    "regions": [
        {
            "label": 0,
            "probability": 0.999,
            "rect": {
                "bottom": 0.296875,
                "left": 0.35546875,
                "right": 0.44921875,
                "top": 0.17578125
            }
        },
        {
            "label": 1,
            "probability": 0.999,
            "rect": {
                "bottom": 0.24433489,
                "left": 0.42148146,
                "right": 0.42148146,
                "top": 0.24433489
            }
        },
        {
            "label": 2,
            "probability": 0.999,
            "rect": {
                "bottom": 0.24497782,
                "left": 0.3934661,
                "right": 0.3934661,
                "top": 0.24497782
            }
        },
        {
            "label": 4,
            "probability": 0.999,
            "rect": {
                "bottom": 0.25104246,
                "left": 0.43937746,
                "right": 0.43937746,
                "top": 0.25104246
            }
        }
    ]
}