{
    "file_name": "000000095308.jpg",
    "generator": "convert_to_region_cropper.py",
    "labels": [
        "position",
        "left_eye",
        "right_eye",
        "left_cheek",
        "right_cheek",
        "nose_base",
        "left_mouth",
        "right_mouth",
        "bottom_mouth"
    ],
    "regions": [
        {
            "label": 0,
            "probability": 0.999,
            "rect": {
                "bottom": 0.35546875,
                "left": 0.625,
                "right": 0.7890625,
                "top": 0.15234375
            }
        },
        {
            "label": 1,
            "probability": 0.999,
            "rect": {
                "bottom": 0.2594774,
                "left": 0.73728114,
                "right": 0.73728114,
                "top": 0.2594774
            }
        },
        {
            "label": 4,
            "probability": 0.999,
            "rect": {
                "bottom": 0.29268417,
                "left": 0.7709467,
                "right": 0.7709467,
                "top": 0.29268417
            }
        },
        {
            "label": 6,
            "probability": 0.999,
            "rect": {
                "bottom": 0.32817024,
                "left": 0.72984356,
                "right": 0.72984356,
                "top": 0.32817024
            }
        }
    ]
}