{
    "file_name": "000000412681.jpg",
    "generator": "convert_to_region_cropper.py",
    "labels": [
        "position",
        "left_eye",
        "right_eye",
        "left_cheek",
        "right_cheek",
        "nose_base",
        "left_mouth",
        "right_mouth",
        "bottom_mouth"
    ],
    "regions": [
        {
            "label": 0,
            "probability": 0.999,
            "rect": {
                "bottom": 0.53515625,
                "left": 0.51953125,
                "right": 0.69921875,
                "top": 0.30859375
            }
        },
        {
            "label": 1,
            "probability": 0.999,
            "rect": {
                "bottom": 0.42466265,
                "left": 0.6434694,
                "right": 0.6434694,
                "top": 0.42466265
            }
        },
        {
            "label": 4,
            "probability": 0.999,
            "rect": {
                "bottom": 0.46323204,
                "left": 0.6727334,
                "right": 0.6727334,
                "top": 0.46323204
            }
        },
        {
            "label": 6,
            "probability": 0.999,
            "rect": {
                "bottom": 0.47922006,
                "left": 0.6270952,
                "right": 0.6270952,
                "top": 0.47922006
            }
        }
    ]
}