{
    "file_name": "000000533451.jpg",
    "generator": "convert_to_region_cropper.py",
    "labels": [
        "position",
        "left_eye",
        "right_eye",
        "left_cheek",
        "right_cheek",
        "nose_base",
        "left_mouth",
        "right_mouth",
        "bottom_mouth"
    ],
    "regions": [
        {
            "label": 0,
            "probability": 0.999,
            "rect": {
                "bottom": 0.56640625,
                "left": 0.81640625,
                "right": 0.921875,
                "top": 0.4375
            }
        },
        {
            "label": 1,
            "probability": 0.999,
            "rect": {
                "bottom": 0.51010525,
                "left": 0.88762724,
                "right": 0.88762724,
                "top": 0.51010525
            }
        },
        {
            "label": 4,
            "probability": 0.999,
            "rect": {
                "bottom": 0.52436703,
                "left": 0.9044774,
                "right": 0.9044774,
                "top": 0.52436703
            }
        },
        {
            "label": 6,
            "probability": 0.999,
            "rect": {
                "bottom": 0.5435702,
                "left": 0.87968236,
                "right": 0.87968236,
                "top": 0.5435702
            }
        }
    ]
}