{
    "file_name": "000000269311.jpg",
    "generator": "convert_to_region_cropper.py",
    "labels": [
        "position",
        "left_eye",
        "right_eye",
        "left_cheek",
        "right_cheek",
        "nose_base",
        "left_mouth",
        "right_mouth",
        "bottom_mouth"
    ],
    "regions": [
        {
            "label": 0,
            "probability": 0.999,
            "rect": {
                "bottom": 0.67578125,
                "left": 0.34302327,
                "right": 0.49418604,
                "top": 0.546875
            }
        },
        {
            "label": 1,
            "probability": 0.999,
            "rect": {
                "bottom": 0.6125809,
                "left": 0.440201,
                "right": 0.440201,
                "top": 0.6125809
            }
        },
        {
            "label": 4,
            "probability": 0.999,
            "rect": {
                "bottom": 0.62450016,
                "left": 0.47589985,
                "right": 0.47589985,
                "top": 0.62450016
            }
        },
        {
            "label": 6,
            "probability": 0.999,
            "rect": {
                "bottom": 0.6469352,
                "left": 0.44218382,
                "right": 0.44218382,
                "top": 0.6469352
            }
        }
    ]
}