{
    "file_name": "000000367085.jpg",
    "generator": "convert_to_region_cropper.py",
    "labels": [
        "position",
        "left_eye",
        "right_eye",
        "left_cheek",
        "right_cheek",
        "nose_base",
        "left_mouth",
        "right_mouth",
        "bottom_mouth"
    ],
    "regions": [
        {
            "label": 0,
            "probability": 0.999,
            "rect": {
                "bottom": 0.4765625,
                "left": 0.3359375,
                "right": 0.63671875,
                "top": 0.10546875
            }
        },
        {
            "label": 1,
            "probability": 0.999,
            "rect": {
                "bottom": 0.29269043,
                "left": 0.52113825,
                "right": 0.52113825,
                "top": 0.29269043
            }
        },
        {
            "label": 2,
            "probability": 0.999,
            "rect": {
                "bottom": 0.29263616,
                "left": 0.43534935,
                "right": 0.43534935,
                "top": 0.29263616
            }
        },
        {
            "label": 4,
            "probability": 0.999,
            "rect": {
                "bottom": 0.32428935,
                "left": 0.57440865,
                "right": 0.57440865,
                "top": 0.32428935
            }
        }
    ]
}