{
    "file_name": "000000094179.jpg",
    "generator": "convert_to_region_cropper.py",
    "labels": [
        "position",
        "left_eye",
        "right_eye",
        "left_cheek",
        "right_cheek",
        "nose_base",
        "left_mouth",
        "right_mouth",
        "bottom_mouth"
    ],
    "regions": [
        {
            "label": 0,
            "probability": 0.999,
            "rect": {
                "bottom": 0.23046875,
                "left": 0.25390625,
                "right": 0.3984375,
                "top": 0.046875
            }
        },
        {
            "label": 2,
            "probability": 0.999,
            "rect": {
                "bottom": 0.15120749,
                "left": 0.3168716,
                "right": 0.3168716,
                "top": 0.15120749
            }
        },
        {
            "label": 3,
            "probability": 0.999,
            "rect": {
                "bottom": 0.16354892,
                "left": 0.27450758,
                "right": 0.27450758,
                "top": 0.16354892
            }
        },
        {
            "label": 7,
            "probability": 0.999,
            "rect": {
                "bottom": 0.19068006,
                "left": 0.31462434,
                "right": 0.31462434,
                "top": 0.19068006
            }
        }
    ]
}