{
    "file_name": "000000303520.jpg",
    "generator": "convert_to_region_cropper.py",
    "labels": [
        "position",
        "left_eye",
        "right_eye",
        "left_cheek",
        "right_cheek",
        "nose_base",
        "left_mouth",
        "right_mouth",
        "bottom_mouth"
    ],
    "regions": [
        {
            "label": 0,
            "probability": 0.999,
            "rect": {
                "bottom": 0.19270833,
                "left": 0.11328125,
                "right": 0.2421875,
                "top": 0.0
            }
        },
        {
            "label": 1,
            "probability": 0.999,
            "rect": {
                "bottom": 0.092173584,
                "left": 0.19139943,
                "right": 0.19139943,
                "top": 0.092173584
            }
        },
        {
            "label": 4,
            "probability": 0.999,
            "rect": {
                "bottom": 0.10862529,
                "left": 0.22267903,
                "right": 0.22267903,
                "top": 0.10862529
            }
        },
        {
            "label": 6,
            "probability": 0.999,
            "rect": {
                "bottom": 0.1440693,
                "left": 0.19513355,
                "right": 0.19513355,
                "top": 0.1440693
            }
        }
    ]
}