{
    "file_name": "000000410380.jpg",
    "generator": "convert_to_region_cropper.py",
    "labels": [
        "position",
        "left_eye",
        "right_eye",
        "left_cheek",
        "right_cheek",
        "nose_base",
        "left_mouth",
        "right_mouth",
        "bottom_mouth"
    ],
    "regions": [
        {
            "label": 0,
            "probability": 0.999,
            "rect": {
                "bottom": 0.41015625,
                "left": 0.40234375,
                "right": 0.609375,
                "top": 0.1484375
            }
        },
        {
            "label": 1,
            "probability": 0.999,
            "rect": {
                "bottom": 0.27177456,
                "left": 0.5373806,
                "right": 0.5373806,
                "top": 0.27177456
            }
        },
        {
            "label": 2,
            "probability": 0.999,
            "rect": {
                "bottom": 0.28445163,
                "left": 0.49434903,
                "right": 0.49434903,
                "top": 0.28445163
            }
        },
        {
            "label": 5,
            "probability": 0.999,
            "rect": {
                "bottom": 0.3151265,
                "left": 0.5179122,
                "right": 0.5179122,
                "top": 0.3151265
            }
        }
    ]
}