{
    "file_name": "000000414828.jpg",
    "generator": "convert_to_region_cropper.py",
    "labels": [
        "position",
        "left_eye",
        "right_eye",
        "left_cheek",
        "right_cheek",
        "nose_base",
        "left_mouth",
        "right_mouth",
        "bottom_mouth"
    ],
    "regions": [
        {
            "label": 0,
            "probability": 0.999,
            "rect": {
                "bottom": 0.20703125,
                "left": 0.3515625,
                "right": 0.47265625,
                "top": 0.05859375
            }
        },
        {
            "label": 1,
            "probability": 0.999,
            "rect": {
                "bottom": 0.14167526,
                "left": 0.4280778,
                "right": 0.4280778,
                "top": 0.14167526
            }
        },
        {
            "label": 4,
            "probability": 0.999,
            "rect": {
                "bottom": 0.14770214,
                "left": 0.4514246,
                "right": 0.4514246,
                "top": 0.14770214
            }
        },
        {
            "label": 8,
            "probability": 0.999,
            "rect": {
                "bottom": 0.19636276,
                "left": 0.42417154,
                "right": 0.42417154,
                "top": 0.19636276
            }
        }
    ]
}