{
    "file_name": "000000369976.jpg",
    "generator": "convert_to_region_cropper.py",
    "labels": [
        "position",
        "left_eye",
        "right_eye",
        "left_cheek",
        "right_cheek",
        "nose_base",
        "left_mouth",
        "right_mouth",
        "bottom_mouth"
    ],
    "regions": [
        {
            "label": 0,
            "probability": 0.999,
            "rect": {
                "bottom": 0.2109375,
                "left": 0.79296875,
                "right": 0.9140625,
                "top": 0.0625
            }
        },
        {
            "label": 1,
            "probability": 0.999,
            "rect": {
                "bottom": 0.14072269,
                "left": 0.86600554,
                "right": 0.86600554,
                "top": 0.14072269
            }
        },
        {
            "label": 4,
            "probability": 0.999,
            "rect": {
                "bottom": 0.14405698,
                "left": 0.8950053,
                "right": 0.8950053,
                "top": 0.14405698
            }
        },
        {
            "label": 6,
            "probability": 0.999,
            "rect": {
                "bottom": 0.16881591,
                "left": 0.8729013,
                "right": 0.8729013,
                "top": 0.16881591
            }
        }
    ]
}