{
    "file_name": "000000400832.jpg",
    "generator": "convert_to_region_cropper.py",
    "labels": [
        "position",
        "left_eye",
        "right_eye",
        "left_cheek",
        "right_cheek",
        "nose_base",
        "left_mouth",
        "right_mouth",
        "bottom_mouth"
    ],
    "regions": [
        {
            "label": 0,
            "probability": 0.999,
            "rect": {
                "bottom": 0.39453125,
                "left": 0.41796875,
                "right": 0.51953125,
                "top": 0.26953125
            }
        },
        {
            "label": 1,
            "probability": 0.999,
            "rect": {
                "bottom": 0.33964708,
                "left": 0.47681767,
                "right": 0.47681767,
                "top": 0.33964708
            }
        },
        {
            "label": 2,
            "probability": 0.999,
            "rect": {
                "bottom": 0.3359566,
                "left": 0.45539808,
                "right": 0.45539808,
                "top": 0.3359566
            }
        },
        {
            "label": 3,
            "probability": 0.999,
            "rect": {
                "bottom": 0.3550095,
                "left": 0.4316625,
                "right": 0.4316625,
                "top": 0.3550095
            }
        }
    ]
}