{
    "file_name": "000000340841.jpg",
    "generator": "convert_to_region_cropper.py",
    "labels": [
        "position",
        "left_eye",
        "right_eye",
        "left_cheek",
        "right_cheek",
        "nose_base",
        "left_mouth",
        "right_mouth",
        "bottom_mouth"
    ],
    "regions": [
        {
            "label": 0,
            "probability": 0.999,
            "rect": {
                "bottom": 0.3671875,
                "left": 0.4609375,
                "right": 0.69921875,
                "top": 0.0703125
            }
        },
        {
            "label": 4,
            "probability": 0.999,
            "rect": {
                "bottom": 0.24633285,
                "left": 0.65527785,
                "right": 0.65527785,
                "top": 0.24633285
            }
        },
        {
            "label": 5,
            "probability": 0.999,
            "rect": {
                "bottom": 0.28563988,
                "left": 0.569379,
                "right": 0.569379,
                "top": 0.28563988
            }
        },
        {
            "label": 6,
            "probability": 0.999,
            "rect": {
                "bottom": 0.30153948,
                "left": 0.60881686,
                "right": 0.60881686,
                "top": 0.30153948
            }
        }
    ]
}