{
    "file_name": "000000153231.jpg",
    "generator": "convert_to_region_cropper.py",
    "labels": [
        "position",
        "left_eye",
        "right_eye",
        "left_cheek",
        "right_cheek",
        "nose_base",
        "left_mouth",
        "right_mouth",
        "bottom_mouth"
    ],
    "regions": [
        {
            "label": 0,
            "probability": 0.999,
            "rect": {
                "bottom": 0.65625,
                "left": 0.421875,
                "right": 0.5234375,
                "top": 0.52734375
            }
        },
        {
            "label": 1,
            "probability": 0.999,
            "rect": {
                "bottom": 0.59351045,
                "left": 0.48854023,
                "right": 0.48854023,
                "top": 0.59351045
            }
        },
        {
            "label": 2,
            "probability": 0.999,
            "rect": {
                "bottom": 0.59534496,
                "left": 0.46158537,
                "right": 0.46158537,
                "top": 0.59534496
            }
        },
        {
            "label": 4,
            "probability": 0.999,
            "rect": {
                "bottom": 0.61358315,
                "left": 0.5054204,
                "right": 0.5054204,
                "top": 0.61358315
            }
        }
    ]
}