{
  "generator": "convert_to_region_cropper.py",
  "file_name": "000000001014.jpg",
  "regions": [
    {
      "probability": 1.0,
      "label": 0,
      "rect": {
        "left": 0.41960508,
        "top": 0.4358251,
        "right": 0.5116361,
        "bottom": 0.5458392
      }
    },
    {
      "probability": 0.999,
      "label": 0,
      "rect": {
        "left": 0.515625,
        "top": 0.38671875,
        "right": 0.61328125,
        "bottom": 0.51171875
      }
    }
  ],
  "created_at": "2018-08-27T03:35:33.962"
}