{
  "generator": "convert_to_region_cropper.py",
  "file_name": "000000026783.jpg",
  "regions": [
    {
      "probability": 1.0,
      "label": 0,
      "rect": {
        "left": 0.112834975,
        "top": 0.1932299,
        "right": 0.2651622,
        "bottom": 0.38504937
      }
    },
    {
      "probability": 0.999,
      "label": 0,
      "rect": {
        "left": 0.72265625,
        "top": 0.0703125,
        "right": 0.875,
        "bottom": 0.26171875
      }
    }
  ],
  "created_at": "2018-08-27T06:11:22.450"
}