{
  "generator": "convert_to_region_cropper.py",
  "file_name": "000000015496.jpg",
  "regions": [
    {
      "probability": 1.0,
      "label": 0,
      "rect": {
        "left": 0.058885753,
        "top": 0.39633286,
        "right": 0.14456981,
        "bottom": 0.5105783
      }
    },
    {
      "probability": 0.999,
      "label": 0,
      "rect": {
        "left": 0.81640625,
        "top": 0.234375,
        "right": 0.92578125,
        "bottom": 0.41666666
      }
    }
  ],
  "created_at": "2018-08-27T03:53:14.546"
}