{
    "file_name": "000000351968.jpg",
    "generator": "convert_to_region_cropper.py",
    "labels": [
        "position",
        "left_eye",
        "right_eye",
        "left_cheek",
        "right_cheek",
        "nose_base",
        "left_mouth",
        "right_mouth",
        "bottom_mouth"
    ],
    "regions": [
        {
            "label": 0,
            "probability": 0.999,
            "rect": {
                "bottom": 0.35546875,
                "left": 0.5859375,
                "right": 0.69140625,
                "top": 0.2265625
            }
        },
        {
            "label": 1,
            "probability": 0.999,
            "rect": {
                "bottom": 0.29532397,
                "left": 0.65383136,
                "right": 0.65383136,
                "top": 0.29532397
            }
        },
        {
            "label": 4,
            "probability": 0.999,
            "rect": {
                "bottom": 0.30969957,
                "left": 0.674195,
                "right": 0.674195,
                "top": 0.30969957
            }
        },
        {
            "label": 8,
            "probability": 0.999,
            "rect": {
                "bottom": 0.32051978,
                "left": 0.61992216,
                "right": 0.61992216,
                "top": 0.32051978
            }
        }
    ]
}