{
    "file_name": "000000279929.jpg",
    "generator": "convert_to_region_cropper.py",
    "labels": [
        "position",
        "left_eye",
        "right_eye",
        "left_cheek",
        "right_cheek",
        "nose_base",
        "left_mouth",
        "right_mouth",
        "bottom_mouth"
    ],
    "regions": [
        {
            "label": 0,
            "probability": 0.999,
            "rect": {
                "bottom": 0.42578125,
                "left": 0.50390625,
                "right": 0.7421875,
                "top": 0.12890625
            }
        },
        {
            "label": 1,
            "probability": 0.999,
            "rect": {
                "bottom": 0.29996645,
                "left": 0.6047339,
                "right": 0.6047339,
                "top": 0.29996645
            }
        },
        {
            "label": 5,
            "probability": 0.999,
            "rect": {
                "bottom": 0.33733687,
                "left": 0.62518716,
                "right": 0.62518716,
                "top": 0.33733687
            }
        },
        {
            "label": 6,
            "probability": 0.999,
            "rect": {
                "bottom": 0.36052847,
                "left": 0.6444714,
                "right": 0.6444714,
                "top": 0.36052847
            }
        }
    ]
}