{
    "file_name": "000000162046.jpg",
    "generator": "convert_to_region_cropper.py",
    "labels": [
        "position",
        "left_eye",
        "right_eye",
        "left_cheek",
        "right_cheek",
        "nose_base",
        "left_mouth",
        "right_mouth",
        "bottom_mouth"
    ],
    "regions": [
        {
            "label": 0,
            "probability": 0.999,
            "rect": {
                "bottom": 0.375,
                "left": 0.33203125,
                "right": 0.4296875,
                "top": 0.25390625
            }
        },
        {
            "label": 3,
            "probability": 0.999,
            "rect": {
                "bottom": 0.33078474,
                "left": 0.35364038,
                "right": 0.35364038,
                "top": 0.33078474
            }
        },
        {
            "label": 7,
            "probability": 0.999,
            "rect": {
                "bottom": 0.35257614,
                "left": 0.36570263,
                "right": 0.36570263,
                "top": 0.35257614
            }
        },
        {
            "label": 8,
            "probability": 0.999,
            "rect": {
                "bottom": 0.36072448,
                "left": 0.39075467,
                "right": 0.39075467,
                "top": 0.36072448
            }
        }
    ]
}