{
    "file_name": "000000577083.jpg",
    "generator": "convert_to_region_cropper.py",
    "labels": [
        "position",
        "left_eye",
        "right_eye",
        "left_cheek",
        "right_cheek",
        "nose_base",
        "left_mouth",
        "right_mouth",
        "bottom_mouth"
    ],
    "regions": [
        {
            "label": 0,
            "probability": 0.999,
            "rect": {
                "bottom": 0.25390625,
                "left": 0.08984375,
                "right": 0.19140625,
                "top": 0.125
            }
        },
        {
            "label": 2,
            "probability": 0.999,
            "rect": {
                "bottom": 0.19672082,
                "left": 0.14231,
                "right": 0.14231,
                "top": 0.19672082
            }
        },
        {
            "label": 3,
            "probability": 0.999,
            "rect": {
                "bottom": 0.19849356,
                "left": 0.122134365,
                "right": 0.122134365,
                "top": 0.19849356
            }
        },
        {
            "label": 5,
            "probability": 0.999,
            "rect": {
                "bottom": 0.21575712,
                "left": 0.13722876,
                "right": 0.13722876,
                "top": 0.21575712
            }
        }
    ]
}