{
    "file_name": "000000120159.jpg",
    "generator": "convert_to_region_cropper.py",
    "labels": [
        "position",
        "left_eye",
        "right_eye",
        "left_cheek",
        "right_cheek",
        "nose_base",
        "left_mouth",
        "right_mouth",
        "bottom_mouth"
    ],
    "regions": [
        {
            "label": 0,
            "probability": 0.999,
            "rect": {
                "bottom": 0.28515625,
                "left": 0.36328125,
                "right": 0.57421875,
                "top": 0.02734375
            }
        },
        {
            "label": 2,
            "probability": 0.999,
            "rect": {
                "bottom": 0.16660002,
                "left": 0.4296103,
                "right": 0.4296103,
                "top": 0.16660002
            }
        },
        {
            "label": 3,
            "probability": 0.999,
            "rect": {
                "bottom": 0.19050777,
                "left": 0.42829233,
                "right": 0.42829233,
                "top": 0.19050777
            }
        },
        {
            "label": 7,
            "probability": 0.999,
            "rect": {
                "bottom": 0.21697196,
                "left": 0.44162348,
                "right": 0.44162348,
                "top": 0.21697196
            }
        }
    ]
}