{
    "file_name": "000000166985.jpg",
    "generator": "convert_to_region_cropper.py",
    "labels": [
        "position",
        "left_eye",
        "right_eye",
        "left_cheek",
        "right_cheek",
        "nose_base",
        "left_mouth",
        "right_mouth",
        "bottom_mouth"
    ],
    "regions": [
        {
            "label": 0,
            "probability": 0.999,
            "rect": {
                "bottom": 0.46484375,
                "left": 0.2734375,
                "right": 0.36328125,
                "top": 0.3515625
            }
        },
        {
            "label": 1,
            "probability": 0.999,
            "rect": {
                "bottom": 0.4173294,
                "left": 0.34316424,
                "right": 0.34316424,
                "top": 0.4173294
            }
        },
        {
            "label": 2,
            "probability": 0.999,
            "rect": {
                "bottom": 0.41769996,
                "left": 0.3041035,
                "right": 0.3041035,
                "top": 0.41769996
            }
        },
        {
            "label": 3,
            "probability": 0.999,
            "rect": {
                "bottom": 0.43332422,
                "left": 0.3042517,
                "right": 0.3042517,
                "top": 0.43332422
            }
        }
    ]
}