{
  "generator": "convert_to_region_cropper.py",
  "file_name": "000000017399.jpg",
  "regions": [
    {
      "probability": 0.999,
      "label": 4,
      "rect": {
        "left": 0.39750752,
        "top": 0.15227272,
        "right": 0.39750752,
        "bottom": 0.15227272
      }
    }
  ],
  "created_at": "2018-08-27T03:55:02.500"
}