{
    "file_name": "000000162088.jpg",
    "generator": "convert_to_region_cropper.py",
    "labels": [
        "position",
        "left_eye",
        "right_eye",
        "left_cheek",
        "right_cheek",
        "nose_base",
        "left_mouth",
        "right_mouth",
        "bottom_mouth"
    ],
    "regions": [
        {
            "label": 0,
            "probability": 0.999,
            "rect": {
                "bottom": 0.65234375,
                "left": 0.1796875,
                "right": 0.3359375,
                "top": 0.44921875
            }
        },
        {
            "label": 2,
            "probability": 0.999,
            "rect": {
                "bottom": 0.5596865,
                "left": 0.23708548,
                "right": 0.23708548,
                "top": 0.5596865
            }
        },
        {
            "label": 3,
            "probability": 0.999,
            "rect": {
                "bottom": 0.58777535,
                "left": 0.21109824,
                "right": 0.21109824,
                "top": 0.58777535
            }
        },
        {
            "label": 7,
            "probability": 0.999,
            "rect": {
                "bottom": 0.61282533,
                "left": 0.24999972,
                "right": 0.24999972,
                "top": 0.61282533
            }
        }
    ]
}