{
    "file_name": "000000407097.jpg",
    "generator": "convert_to_region_cropper.py",
    "labels": [
        "position",
        "left_eye",
        "right_eye",
        "left_cheek",
        "right_cheek",
        "nose_base",
        "left_mouth",
        "right_mouth",
        "bottom_mouth"
    ],
    "regions": [
        {
            "label": 0,
            "probability": 0.999,
            "rect": {
                "bottom": 0.35546875,
                "left": 0.13671875,
                "right": 0.26171875,
                "top": 0.19921875
            }
        },
        {
            "label": 1,
            "probability": 0.999,
            "rect": {
                "bottom": 0.28138003,
                "left": 0.22077936,
                "right": 0.22077936,
                "top": 0.28138003
            }
        },
        {
            "label": 4,
            "probability": 0.999,
            "rect": {
                "bottom": 0.3036646,
                "left": 0.24566849,
                "right": 0.24566849,
                "top": 0.3036646
            }
        },
        {
            "label": 6,
            "probability": 0.999,
            "rect": {
                "bottom": 0.32810614,
                "left": 0.2194893,
                "right": 0.2194893,
                "top": 0.32810614
            }
        }
    ]
}