{
    "file_name": "000000495776.jpg",
    "generator": "convert_to_region_cropper.py",
    "labels": [
        "position",
        "left_eye",
        "right_eye",
        "left_cheek",
        "right_cheek",
        "nose_base",
        "left_mouth",
        "right_mouth",
        "bottom_mouth"
    ],
    "regions": [
        {
            "label": 0,
            "probability": 0.999,
            "rect": {
                "bottom": 0.45703125,
                "left": 0.48046875,
                "right": 0.72265625,
                "top": 0.15625
            }
        },
        {
            "label": 1,
            "probability": 0.999,
            "rect": {
                "bottom": 0.31444985,
                "left": 0.63235456,
                "right": 0.63235456,
                "top": 0.31444985
            }
        },
        {
            "label": 4,
            "probability": 0.999,
            "rect": {
                "bottom": 0.33734995,
                "left": 0.6813471,
                "right": 0.6813471,
                "top": 0.33734995
            }
        },
        {
            "label": 5,
            "probability": 0.999,
            "rect": {
                "bottom": 0.36830983,
                "left": 0.635471,
                "right": 0.635471,
                "top": 0.36830983
            }
        }
    ]
}