{
    "file_name": "000000516313.jpg",
    "generator": "convert_to_region_cropper.py",
    "labels": [
        "position",
        "left_eye",
        "right_eye",
        "left_cheek",
        "right_cheek",
        "nose_base",
        "left_mouth",
        "right_mouth",
        "bottom_mouth"
    ],
    "regions": [
        {
            "label": 0,
            "probability": 0.999,
            "rect": {
                "bottom": 0.30588236,
                "left": 0.6640625,
                "right": 0.78515625,
                "top": 0.07647059
            }
        },
        {
            "label": 1,
            "probability": 0.999,
            "rect": {
                "bottom": 0.19831152,
                "left": 0.73474854,
                "right": 0.73474854,
                "top": 0.19831152
            }
        },
        {
            "label": 4,
            "probability": 0.999,
            "rect": {
                "bottom": 0.20681222,
                "left": 0.76192343,
                "right": 0.76192343,
                "top": 0.20681222
            }
        },
        {
            "label": 6,
            "probability": 0.999,
            "rect": {
                "bottom": 0.2533784,
                "left": 0.74240017,
                "right": 0.74240017,
                "top": 0.2533784
            }
        }
    ]
}