{
    "file_name": "000000221169.jpg",
    "generator": "convert_to_region_cropper.py",
    "labels": [
        "position",
        "left_eye",
        "right_eye",
        "left_cheek",
        "right_cheek",
        "nose_base",
        "left_mouth",
        "right_mouth",
        "bottom_mouth"
    ],
    "regions": [
        {
            "label": 0,
            "probability": 0.999,
            "rect": {
                "bottom": 0.30859375,
                "left": 0.80859375,
                "right": 0.9140625,
                "top": 0.17578125
            }
        },
        {
            "label": 3,
            "probability": 0.999,
            "rect": {
                "bottom": 0.25112942,
                "left": 0.818156,
                "right": 0.818156,
                "top": 0.25112942
            }
        },
        {
            "label": 7,
            "probability": 0.999,
            "rect": {
                "bottom": 0.27905127,
                "left": 0.8441474,
                "right": 0.8441474,
                "top": 0.27905127
            }
        },
        {
            "label": 8,
            "probability": 0.999,
            "rect": {
                "bottom": 0.28507486,
                "left": 0.86426824,
                "right": 0.86426824,
                "top": 0.28507486
            }
        }
    ]
}