{
    "file_name": "000000189750.jpg",
    "generator": "convert_to_region_cropper.py",
    "labels": [
        "position",
        "left_eye",
        "right_eye",
        "left_cheek",
        "right_cheek",
        "nose_base",
        "left_mouth",
        "right_mouth",
        "bottom_mouth"
    ],
    "regions": [
        {
            "label": 0,
            "probability": 0.999,
            "rect": {
                "bottom": 0.26953125,
                "left": 0.45294118,
                "right": 0.65882355,
                "top": 0.09765625
            }
        },
        {
            "label": 1,
            "probability": 0.999,
            "rect": {
                "bottom": 0.18964256,
                "left": 0.58548546,
                "right": 0.58548546,
                "top": 0.18964256
            }
        },
        {
            "label": 5,
            "probability": 0.999,
            "rect": {
                "bottom": 0.22231098,
                "left": 0.54455936,
                "right": 0.54455936,
                "top": 0.22231098
            }
        },
        {
            "label": 6,
            "probability": 0.999,
            "rect": {
                "bottom": 0.2375635,
                "left": 0.5722019,
                "right": 0.5722019,
                "top": 0.2375635
            }
        }
    ]
}