{
    "file_name": "000000443718.jpg",
    "generator": "convert_to_region_cropper.py",
    "labels": [
        "position",
        "left_eye",
        "right_eye",
        "left_cheek",
        "right_cheek",
        "nose_base",
        "left_mouth",
        "right_mouth",
        "bottom_mouth"
    ],
    "regions": [
        {
            "label": 0,
            "probability": 0.999,
            "rect": {
                "bottom": 0.28125,
                "left": 0.15625,
                "right": 0.28515625,
                "top": 0.11328125
            }
        },
        {
            "label": 1,
            "probability": 0.999,
            "rect": {
                "bottom": 0.20498882,
                "left": 0.23282142,
                "right": 0.23282142,
                "top": 0.20498882
            }
        },
        {
            "label": 4,
            "probability": 0.999,
            "rect": {
                "bottom": 0.21688423,
                "left": 0.2649631,
                "right": 0.2649631,
                "top": 0.21688423
            }
        },
        {
            "label": 6,
            "probability": 0.999,
            "rect": {
                "bottom": 0.24073035,
                "left": 0.24072069,
                "right": 0.24072069,
                "top": 0.24073035
            }
        }
    ]
}