{
  "generator": "convert_to_region_cropper.py",
  "file_name": "000000004844.jpg",
  "regions": [
    {
      "probability": 0.999,
      "label": 0,
      "rect": {
        "left": 0.265625,
        "top": 0.1875,
        "right": 0.8828125,
        "bottom": 0.68359375
      }
    },
    {
      "probability": 0.999,
      "label": 1,
      "rect": {
        "left": 0.44244844,
        "top": 0.41788763,
        "right": 0.44244844,
        "bottom": 0.41788763
      }
    },
    {
      "probability": 0.999,
      "label": 6,
      "rect": {
        "left": 0.4179209,
        "top": 0.5949591,
        "right": 0.4179209,
        "bottom": 0.5949591
      }
    },
    {
      "probability": 0.999,
      "label": 4,
      "rect": {
        "left": 0.5978671,
        "top": 0.48722485,
        "right": 0.5978671,
        "bottom": 0.48722485
      }
    }
  ],
  "created_at": "2018-08-27T03:40:41.276"
}