{
    "file_name": "000000295577.jpg",
    "generator": "convert_to_region_cropper.py",
    "labels": [
        "position",
        "left_eye",
        "right_eye",
        "left_cheek",
        "right_cheek",
        "nose_base",
        "left_mouth",
        "right_mouth",
        "bottom_mouth"
    ],
    "regions": [
        {
            "label": 0,
            "probability": 0.999,
            "rect": {
                "bottom": 0.19140625,
                "left": 0.2421875,
                "right": 0.37890625,
                "top": 0.01953125
            }
        },
        {
            "label": 1,
            "probability": 0.999,
            "rect": {
                "bottom": 0.11559144,
                "left": 0.3255723,
                "right": 0.3255723,
                "top": 0.11559144
            }
        },
        {
            "label": 7,
            "probability": 0.999,
            "rect": {
                "bottom": 0.15339617,
                "left": 0.2882403,
                "right": 0.2882403,
                "top": 0.15339617
            }
        },
        {
            "label": 8,
            "probability": 0.999,
            "rect": {
                "bottom": 0.17086945,
                "left": 0.3067692,
                "right": 0.3067692,
                "top": 0.17086945
            }
        }
    ]
}