{
    "file_name": "000000115028.jpg",
    "generator": "convert_to_region_cropper.py",
    "labels": [
        "position",
        "left_eye",
        "right_eye",
        "left_cheek",
        "right_cheek",
        "nose_base",
        "left_mouth",
        "right_mouth",
        "bottom_mouth"
    ],
    "regions": [
        {
            "label": 0,
            "probability": 0.999,
            "rect": {
                "bottom": 0.41796875,
                "left": 0.2109375,
                "right": 0.3984375,
                "top": 0.1875
            }
        },
        {
            "label": 2,
            "probability": 0.999,
            "rect": {
                "bottom": 0.3114642,
                "left": 0.29536426,
                "right": 0.29536426,
                "top": 0.3114642
            }
        },
        {
            "label": 3,
            "probability": 0.999,
            "rect": {
                "bottom": 0.32855132,
                "left": 0.25987205,
                "right": 0.25987205,
                "top": 0.32855132
            }
        },
        {
            "label": 7,
            "probability": 0.999,
            "rect": {
                "bottom": 0.37325144,
                "left": 0.28000578,
                "right": 0.28000578,
                "top": 0.37325144
            }
        }
    ]
}