{
    "file_name": "000000383419.jpg",
    "generator": "convert_to_region_cropper.py",
    "labels": [
        "position",
        "left_eye",
        "right_eye",
        "left_cheek",
        "right_cheek",
        "nose_base",
        "left_mouth",
        "right_mouth",
        "bottom_mouth"
    ],
    "regions": [
        {
            "label": 0,
            "probability": 0.999,
            "rect": {
                "bottom": 0.46484375,
                "left": 0.36328125,
                "right": 0.6484375,
                "top": 0.10546875
            }
        },
        {
            "label": 1,
            "probability": 0.999,
            "rect": {
                "bottom": 0.26989928,
                "left": 0.5367435,
                "right": 0.5367435,
                "top": 0.26989928
            }
        },
        {
            "label": 4,
            "probability": 0.999,
            "rect": {
                "bottom": 0.34344274,
                "left": 0.6001859,
                "right": 0.6001859,
                "top": 0.34344274
            }
        },
        {
            "label": 6,
            "probability": 0.999,
            "rect": {
                "bottom": 0.41538185,
                "left": 0.54565513,
                "right": 0.54565513,
                "top": 0.41538185
            }
        }
    ]
}