{
  "generator": "convert_to_region_cropper.py",
  "file_name": "000000026209.jpg",
  "regions": [
    {
      "probability": 0.999,
      "label": 4,
      "rect": {
        "left": 0.46710488,
        "top": 0.5998928,
        "right": 0.46710488,
        "bottom": 0.5998928
      }
    }
  ],
  "created_at": "2018-08-27T06:10:48.493"
}