{
    "file_name": "000000332333.jpg",
    "generator": "convert_to_region_cropper.py",
    "labels": [
        "position",
        "left_eye",
        "right_eye",
        "left_cheek",
        "right_cheek",
        "nose_base",
        "left_mouth",
        "right_mouth",
        "bottom_mouth"
    ],
    "regions": [
        {
            "label": 0,
            "probability": 0.999,
            "rect": {
                "bottom": 0.2421875,
                "left": 0.40625,
                "right": 0.51171875,
                "top": 0.10546875
            }
        },
        {
            "label": 1,
            "probability": 0.999,
            "rect": {
                "bottom": 0.18194881,
                "left": 0.46387324,
                "right": 0.46387324,
                "top": 0.18194881
            }
        },
        {
            "label": 4,
            "probability": 0.999,
            "rect": {
                "bottom": 0.17894988,
                "left": 0.48584214,
                "right": 0.48584214,
                "top": 0.17894988
            }
        },
        {
            "label": 6,
            "probability": 0.999,
            "rect": {
                "bottom": 0.21766274,
                "left": 0.47342438,
                "right": 0.47342438,
                "top": 0.21766274
            }
        }
    ]
}