{
    "file_name": "000000341010.jpg",
    "generator": "convert_to_region_cropper.py",
    "labels": [
        "position",
        "left_eye",
        "right_eye",
        "left_cheek",
        "right_cheek",
        "nose_base",
        "left_mouth",
        "right_mouth",
        "bottom_mouth"
    ],
    "regions": [
        {
            "label": 0,
            "probability": 0.999,
            "rect": {
                "bottom": 0.3046875,
                "left": 0.3828125,
                "right": 0.5,
                "top": 0.16015625
            }
        },
        {
            "label": 2,
            "probability": 0.999,
            "rect": {
                "bottom": 0.23990828,
                "left": 0.42599422,
                "right": 0.42599422,
                "top": 0.23990828
            }
        },
        {
            "label": 3,
            "probability": 0.999,
            "rect": {
                "bottom": 0.24966946,
                "left": 0.40139082,
                "right": 0.40139082,
                "top": 0.24966946
            }
        },
        {
            "label": 7,
            "probability": 0.999,
            "rect": {
                "bottom": 0.27700126,
                "left": 0.42693636,
                "right": 0.42693636,
                "top": 0.27700126
            }
        }
    ]
}