{
    "file_name": "000000097376.jpg",
    "generator": "convert_to_region_cropper.py",
    "labels": [
        "position",
        "left_eye",
        "right_eye",
        "left_cheek",
        "right_cheek",
        "nose_base",
        "left_mouth",
        "right_mouth",
        "bottom_mouth"
    ],
    "regions": [
        {
            "label": 0,
            "probability": 0.999,
            "rect": {
                "bottom": 0.3046875,
                "left": 0.26171875,
                "right": 0.390625,
                "top": 0.140625
            }
        },
        {
            "label": 1,
            "probability": 0.999,
            "rect": {
                "bottom": 0.23023283,
                "left": 0.33975023,
                "right": 0.33975023,
                "top": 0.23023283
            }
        },
        {
            "label": 2,
            "probability": 0.999,
            "rect": {
                "bottom": 0.23273216,
                "left": 0.30533665,
                "right": 0.30533665,
                "top": 0.23273216
            }
        },
        {
            "label": 8,
            "probability": 0.999,
            "rect": {
                "bottom": 0.2744075,
                "left": 0.33656064,
                "right": 0.33656064,
                "top": 0.2744075
            }
        }
    ]
}