{
    "file_name": "000000173400.jpg",
    "generator": "convert_to_region_cropper.py",
    "labels": [
        "position",
        "left_eye",
        "right_eye",
        "left_cheek",
        "right_cheek",
        "nose_base",
        "left_mouth",
        "right_mouth",
        "bottom_mouth"
    ],
    "regions": [
        {
            "label": 0,
            "probability": 0.999,
            "rect": {
                "bottom": 0.43274853,
                "left": 0.42578125,
                "right": 0.53515625,
                "top": 0.22807017
            }
        },
        {
            "label": 1,
            "probability": 0.999,
            "rect": {
                "bottom": 0.34769657,
                "left": 0.49453557,
                "right": 0.49453557,
                "top": 0.34769657
            }
        },
        {
            "label": 5,
            "probability": 0.999,
            "rect": {
                "bottom": 0.36767542,
                "left": 0.47319907,
                "right": 0.47319907,
                "top": 0.36767542
            }
        },
        {
            "label": 8,
            "probability": 0.999,
            "rect": {
                "bottom": 0.38374752,
                "left": 0.4770932,
                "right": 0.4770932,
                "top": 0.38374752
            }
        }
    ]
}