{
    "file_name": "000000427762.jpg",
    "generator": "convert_to_region_cropper.py",
    "labels": [
        "position",
        "left_eye",
        "right_eye",
        "left_cheek",
        "right_cheek",
        "nose_base",
        "left_mouth",
        "right_mouth",
        "bottom_mouth"
    ],
    "regions": [
        {
            "label": 0,
            "probability": 0.999,
            "rect": {
                "bottom": 0.48046875,
                "left": 0.4296875,
                "right": 0.59375,
                "top": 0.27734375
            }
        },
        {
            "label": 2,
            "probability": 0.999,
            "rect": {
                "bottom": 0.3869498,
                "left": 0.48971432,
                "right": 0.48971432,
                "top": 0.3869498
            }
        },
        {
            "label": 3,
            "probability": 0.999,
            "rect": {
                "bottom": 0.41342148,
                "left": 0.46207628,
                "right": 0.46207628,
                "top": 0.41342148
            }
        },
        {
            "label": 7,
            "probability": 0.999,
            "rect": {
                "bottom": 0.44986802,
                "left": 0.48941386,
                "right": 0.48941386,
                "top": 0.44986802
            }
        }
    ]
}