{
    "file_name": "000000411707.jpg",
    "generator": "convert_to_region_cropper.py",
    "labels": [
        "position",
        "left_eye",
        "right_eye",
        "left_cheek",
        "right_cheek",
        "nose_base",
        "left_mouth",
        "right_mouth",
        "bottom_mouth"
    ],
    "regions": [
        {
            "label": 0,
            "probability": 0.999,
            "rect": {
                "bottom": 0.3046875,
                "left": 0.28125,
                "right": 0.40625,
                "top": 0.1484375
            }
        },
        {
            "label": 1,
            "probability": 0.999,
            "rect": {
                "bottom": 0.23193023,
                "left": 0.36202067,
                "right": 0.36202067,
                "top": 0.23193023
            }
        },
        {
            "label": 4,
            "probability": 0.999,
            "rect": {
                "bottom": 0.24052922,
                "left": 0.38712582,
                "right": 0.38712582,
                "top": 0.24052922
            }
        },
        {
            "label": 6,
            "probability": 0.999,
            "rect": {
                "bottom": 0.26650763,
                "left": 0.36520782,
                "right": 0.36520782,
                "top": 0.26650763
            }
        }
    ]
}