{
    "file_name": "000000235316.jpg",
    "generator": "convert_to_region_cropper.py",
    "labels": [
        "position",
        "left_eye",
        "right_eye",
        "left_cheek",
        "right_cheek",
        "nose_base",
        "left_mouth",
        "right_mouth",
        "bottom_mouth"
    ],
    "regions": [
        {
            "label": 0,
            "probability": 0.999,
            "rect": {
                "bottom": 0.37988827,
                "left": 0.44921875,
                "right": 0.5546875,
                "top": 0.18994413
            }
        },
        {
            "label": 2,
            "probability": 0.999,
            "rect": {
                "bottom": 0.28477678,
                "left": 0.4865222,
                "right": 0.4865222,
                "top": 0.28477678
            }
        },
        {
            "label": 3,
            "probability": 0.999,
            "rect": {
                "bottom": 0.30153656,
                "left": 0.46699098,
                "right": 0.46699098,
                "top": 0.30153656
            }
        },
        {
            "label": 7,
            "probability": 0.999,
            "rect": {
                "bottom": 0.3350561,
                "left": 0.49042845,
                "right": 0.49042845,
                "top": 0.3350561
            }
        }
    ]
}