{
    "file_name": "000000239202.jpg",
    "generator": "convert_to_region_cropper.py",
    "labels": [
        "position",
        "left_eye",
        "right_eye",
        "left_cheek",
        "right_cheek",
        "nose_base",
        "left_mouth",
        "right_mouth",
        "bottom_mouth"
    ],
    "regions": [
        {
            "label": 0,
            "probability": 0.999,
            "rect": {
                "bottom": 0.359375,
                "left": 0.3882353,
                "right": 0.5294118,
                "top": 0.23828125
            }
        },
        {
            "label": 4,
            "probability": 0.999,
            "rect": {
                "bottom": 0.32184213,
                "left": 0.48573226,
                "right": 0.48573226,
                "top": 0.32184213
            }
        },
        {
            "label": 5,
            "probability": 0.999,
            "rect": {
                "bottom": 0.32273242,
                "left": 0.457431,
                "right": 0.457431,
                "top": 0.32273242
            }
        },
        {
            "label": 8,
            "probability": 0.999,
            "rect": {
                "bottom": 0.34437814,
                "left": 0.45860812,
                "right": 0.45860812,
                "top": 0.34437814
            }
        }
    ]
}