{
    "file_name": "000000423290.jpg",
    "generator": "convert_to_region_cropper.py",
    "labels": [
        "position",
        "left_eye",
        "right_eye",
        "left_cheek",
        "right_cheek",
        "nose_base",
        "left_mouth",
        "right_mouth",
        "bottom_mouth"
    ],
    "regions": [
        {
            "label": 0,
            "probability": 0.999,
            "rect": {
                "bottom": 0.28125,
                "left": 0.22265625,
                "right": 0.3671875,
                "top": 0.1015625
            }
        },
        {
            "label": 1,
            "probability": 0.999,
            "rect": {
                "bottom": 0.19814031,
                "left": 0.33445308,
                "right": 0.33445308,
                "top": 0.19814031
            }
        },
        {
            "label": 4,
            "probability": 0.999,
            "rect": {
                "bottom": 0.21835433,
                "left": 0.3359054,
                "right": 0.3359054,
                "top": 0.21835433
            }
        },
        {
            "label": 5,
            "probability": 0.999,
            "rect": {
                "bottom": 0.22582814,
                "left": 0.30895332,
                "right": 0.30895332,
                "top": 0.22582814
            }
        }
    ]
}