{
    "file_name": "000000516993.jpg",
    "generator": "convert_to_region_cropper.py",
    "labels": [
        "position",
        "left_eye",
        "right_eye",
        "left_cheek",
        "right_cheek",
        "nose_base",
        "left_mouth",
        "right_mouth",
        "bottom_mouth"
    ],
    "regions": [
        {
            "label": 0,
            "probability": 0.999,
            "rect": {
                "bottom": 0.47953215,
                "left": 0.31640625,
                "right": 0.52734375,
                "top": 0.0877193
            }
        },
        {
            "label": 1,
            "probability": 0.999,
            "rect": {
                "bottom": 0.30115175,
                "left": 0.45308125,
                "right": 0.45308125,
                "top": 0.30115175
            }
        },
        {
            "label": 4,
            "probability": 0.999,
            "rect": {
                "bottom": 0.3510407,
                "left": 0.4947005,
                "right": 0.4947005,
                "top": 0.3510407
            }
        },
        {
            "label": 6,
            "probability": 0.999,
            "rect": {
                "bottom": 0.40339464,
                "left": 0.43900737,
                "right": 0.43900737,
                "top": 0.40339464
            }
        }
    ]
}