{
    "file_name": "000000192747.jpg",
    "generator": "convert_to_region_cropper.py",
    "labels": [
        "position",
        "left_eye",
        "right_eye",
        "left_cheek",
        "right_cheek",
        "nose_base",
        "left_mouth",
        "right_mouth",
        "bottom_mouth"
    ],
    "regions": [
        {
            "label": 0,
            "probability": 0.999,
            "rect": {
                "bottom": 0.32421875,
                "left": 0.7109375,
                "right": 0.83984375,
                "top": 0.1640625
            }
        },
        {
            "label": 5,
            "probability": 0.999,
            "rect": {
                "bottom": 0.28506166,
                "left": 0.77914375,
                "right": 0.77914375,
                "top": 0.28506166
            }
        },
        {
            "label": 7,
            "probability": 0.999,
            "rect": {
                "bottom": 0.2952514,
                "left": 0.7543743,
                "right": 0.7543743,
                "top": 0.2952514
            }
        },
        {
            "label": 8,
            "probability": 0.999,
            "rect": {
                "bottom": 0.30375785,
                "left": 0.77700573,
                "right": 0.77700573,
                "top": 0.30375785
            }
        }
    ]
}