{
    "file_name": "000000096800.jpg",
    "generator": "convert_to_region_cropper.py",
    "labels": [
        "position",
        "left_eye",
        "right_eye",
        "left_cheek",
        "right_cheek",
        "nose_base",
        "left_mouth",
        "right_mouth",
        "bottom_mouth"
    ],
    "regions": [
        {
            "label": 0,
            "probability": 0.999,
            "rect": {
                "bottom": 0.390625,
                "left": 0.2890625,
                "right": 0.4296875,
                "top": 0.2109375
            }
        },
        {
            "label": 2,
            "probability": 0.999,
            "rect": {
                "bottom": 0.30939946,
                "left": 0.33904928,
                "right": 0.33904928,
                "top": 0.30939946
            }
        },
        {
            "label": 3,
            "probability": 0.999,
            "rect": {
                "bottom": 0.32425806,
                "left": 0.3119868,
                "right": 0.3119868,
                "top": 0.32425806
            }
        },
        {
            "label": 7,
            "probability": 0.999,
            "rect": {
                "bottom": 0.3540056,
                "left": 0.33928838,
                "right": 0.33928838,
                "top": 0.3540056
            }
        }
    ]
}