{
  "generator": "convert_to_region_cropper.py",
  "file_name": "000000014487.jpg",
  "regions": [
    {
      "probability": 0.999,
      "label": 0,
      "rect": {
        "left": 0.5234375,
        "top": 0.1796875,
        "right": 0.703125,
        "bottom": 0.40625
      }
    },
    {
      "probability": 0.999,
      "label": 1,
      "rect": {
        "left": 0.6489416,
        "top": 0.3052097,
        "right": 0.6489416,
        "bottom": 0.3052097
      }
    },
    {
      "probability": 0.999,
      "label": 4,
      "rect": {
        "left": 0.65102667,
        "top": 0.33222616,
        "right": 0.65102667,
        "bottom": 0.33222616
      }
    },
    {
      "probability": 1.0,
      "label": 0,
      "rect": {
        "left": 0.6890318,
        "top": 0.07616361,
        "right": 0.9736414,
        "bottom": 0.27080396
      }
    }
  ],
  "created_at": "2018-08-27T03:52:09.615"
}