{
    "file_name": "000000255392.jpg",
    "generator": "convert_to_region_cropper.py",
    "labels": [
        "position",
        "left_eye",
        "right_eye",
        "left_cheek",
        "right_cheek",
        "nose_base",
        "left_mouth",
        "right_mouth",
        "bottom_mouth"
    ],
    "regions": [
        {
            "label": 0,
            "probability": 0.999,
            "rect": {
                "bottom": 0.3515625,
                "left": 0.30078125,
                "right": 0.46484375,
                "top": 0.14453125
            }
        },
        {
            "label": 1,
            "probability": 0.999,
            "rect": {
                "bottom": 0.22577438,
                "left": 0.40112427,
                "right": 0.40112427,
                "top": 0.22577438
            }
        },
        {
            "label": 3,
            "probability": 0.999,
            "rect": {
                "bottom": 0.30399874,
                "left": 0.37075698,
                "right": 0.37075698,
                "top": 0.30399874
            }
        },
        {
            "label": 4,
            "probability": 0.999,
            "rect": {
                "bottom": 0.25001225,
                "left": 0.41557404,
                "right": 0.41557404,
                "top": 0.25001225
            }
        }
    ]
}