{
    "file_name": "000000313097.jpg",
    "generator": "convert_to_region_cropper.py",
    "labels": [
        "position",
        "left_eye",
        "right_eye",
        "left_cheek",
        "right_cheek",
        "nose_base",
        "left_mouth",
        "right_mouth",
        "bottom_mouth"
    ],
    "regions": [
        {
            "label": 0,
            "probability": 0.999,
            "rect": {
                "bottom": 0.67578125,
                "left": 0.49609375,
                "right": 0.63671875,
                "top": 0.49609375
            }
        },
        {
            "label": 2,
            "probability": 0.999,
            "rect": {
                "bottom": 0.58982134,
                "left": 0.5424322,
                "right": 0.5424322,
                "top": 0.58982134
            }
        },
        {
            "label": 3,
            "probability": 0.999,
            "rect": {
                "bottom": 0.62087613,
                "left": 0.51134825,
                "right": 0.51134825,
                "top": 0.62087613
            }
        },
        {
            "label": 7,
            "probability": 0.999,
            "rect": {
                "bottom": 0.63723963,
                "left": 0.5518203,
                "right": 0.5518203,
                "top": 0.63723963
            }
        }
    ]
}