{
    "file_name": "000000144345.jpg",
    "generator": "convert_to_region_cropper.py",
    "labels": [
        "position",
        "left_eye",
        "right_eye",
        "left_cheek",
        "right_cheek",
        "nose_base",
        "left_mouth",
        "right_mouth",
        "bottom_mouth"
    ],
    "regions": [
        {
            "label": 0,
            "probability": 0.999,
            "rect": {
                "bottom": 0.39453125,
                "left": 0.43359375,
                "right": 0.6328125,
                "top": 0.1484375
            }
        },
        {
            "label": 1,
            "probability": 0.999,
            "rect": {
                "bottom": 0.28595856,
                "left": 0.5627856,
                "right": 0.5627856,
                "top": 0.28595856
            }
        },
        {
            "label": 2,
            "probability": 0.999,
            "rect": {
                "bottom": 0.27836186,
                "left": 0.5140347,
                "right": 0.5140347,
                "top": 0.27836186
            }
        },
        {
            "label": 5,
            "probability": 0.999,
            "rect": {
                "bottom": 0.32848617,
                "left": 0.5497349,
                "right": 0.5497349,
                "top": 0.32848617
            }
        }
    ]
}