{
    "file_name": "000000368840.jpg",
    "generator": "convert_to_region_cropper.py",
    "labels": [
        "position",
        "left_eye",
        "right_eye",
        "left_cheek",
        "right_cheek",
        "nose_base",
        "left_mouth",
        "right_mouth",
        "bottom_mouth"
    ],
    "regions": [
        {
            "label": 0,
            "probability": 0.999,
            "rect": {
                "bottom": 0.1484375,
                "left": 0.20703125,
                "right": 0.32421875,
                "top": 0.00390625
            }
        },
        {
            "label": 1,
            "probability": 0.999,
            "rect": {
                "bottom": 0.0951991,
                "left": 0.28129816,
                "right": 0.28129816,
                "top": 0.0951991
            }
        },
        {
            "label": 2,
            "probability": 0.999,
            "rect": {
                "bottom": 0.08974237,
                "left": 0.26306707,
                "right": 0.26306707,
                "top": 0.08974237
            }
        },
        {
            "label": 5,
            "probability": 0.999,
            "rect": {
                "bottom": 0.12275456,
                "left": 0.26133093,
                "right": 0.26133093,
                "top": 0.12275456
            }
        }
    ]
}