{
    "file_name": "000000193879.jpg",
    "generator": "convert_to_region_cropper.py",
    "labels": [
        "position",
        "left_eye",
        "right_eye",
        "left_cheek",
        "right_cheek",
        "nose_base",
        "left_mouth",
        "right_mouth",
        "bottom_mouth"
    ],
    "regions": [
        {
            "label": 0,
            "probability": 0.999,
            "rect": {
                "bottom": 0.26953125,
                "left": 0.4296875,
                "right": 0.5390625,
                "top": 0.1328125
            }
        },
        {
            "label": 1,
            "probability": 0.999,
            "rect": {
                "bottom": 0.19767663,
                "left": 0.50363314,
                "right": 0.50363314,
                "top": 0.19767663
            }
        },
        {
            "label": 2,
            "probability": 0.999,
            "rect": {
                "bottom": 0.20727272,
                "left": 0.47589874,
                "right": 0.47589874,
                "top": 0.20727272
            }
        },
        {
            "label": 3,
            "probability": 0.999,
            "rect": {
                "bottom": 0.23229086,
                "left": 0.46627212,
                "right": 0.46627212,
                "top": 0.23229086
            }
        }
    ]
}