{
    "file_name": "000000201305.jpg",
    "generator": "convert_to_region_cropper.py",
    "labels": [
        "position",
        "left_eye",
        "right_eye",
        "left_cheek",
        "right_cheek",
        "nose_base",
        "left_mouth",
        "right_mouth",
        "bottom_mouth"
    ],
    "regions": [
        {
            "label": 0,
            "probability": 0.999,
            "rect": {
                "bottom": 0.34765625,
                "left": 0.39453125,
                "right": 0.5078125,
                "top": 0.20703125
            }
        },
        {
            "label": 1,
            "probability": 0.999,
            "rect": {
                "bottom": 0.28474468,
                "left": 0.46972093,
                "right": 0.46972093,
                "top": 0.28474468
            }
        },
        {
            "label": 2,
            "probability": 0.999,
            "rect": {
                "bottom": 0.28880894,
                "left": 0.44076392,
                "right": 0.44076392,
                "top": 0.28880894
            }
        },
        {
            "label": 4,
            "probability": 0.999,
            "rect": {
                "bottom": 0.28918526,
                "left": 0.4971337,
                "right": 0.4971337,
                "top": 0.28918526
            }
        }
    ]
}