{
    "file_name": "000000442080.jpg",
    "generator": "convert_to_region_cropper.py",
    "labels": [
        "position",
        "left_eye",
        "right_eye",
        "left_cheek",
        "right_cheek",
        "nose_base",
        "left_mouth",
        "right_mouth",
        "bottom_mouth"
    ],
    "regions": [
        {
            "label": 0,
            "probability": 0.999,
            "rect": {
                "bottom": 0.2109375,
                "left": 0.48828125,
                "right": 0.59375,
                "top": 0.0859375
            }
        },
        {
            "label": 1,
            "probability": 0.999,
            "rect": {
                "bottom": 0.15669972,
                "left": 0.55430025,
                "right": 0.55430025,
                "top": 0.15669972
            }
        },
        {
            "label": 4,
            "probability": 0.999,
            "rect": {
                "bottom": 0.16410178,
                "left": 0.5825489,
                "right": 0.5825489,
                "top": 0.16410178
            }
        },
        {
            "label": 8,
            "probability": 0.999,
            "rect": {
                "bottom": 0.19972773,
                "left": 0.5505426,
                "right": 0.5505426,
                "top": 0.19972773
            }
        }
    ]
}