{
  "generator": "convert_to_region_cropper.py",
  "file_name": "000000026133.jpg",
  "regions": [
    {
      "probability": 0.999,
      "label": 0,
      "rect": {
        "left": 0.4659174,
        "top": 0.09375,
        "right": 0.63550806,
        "bottom": 0.234375
      }
    },
    {
      "probability": 0.999,
      "label": 8,
      "rect": {
        "left": 0.5317062,
        "top": 0.19388121,
        "right": 0.5317062,
        "bottom": 0.19388121
      }
    },
    {
      "probability": 0.999,
      "label": 6,
      "rect": {
        "left": 0.55538946,
        "top": 0.19105291,
        "right": 0.55538946,
        "bottom": 0.19105291
      }
    },
    {
      "probability": 0.999,
      "label": 4,
      "rect": {
        "left": 0.58598256,
        "top": 0.17112911,
        "right": 0.58598256,
        "bottom": 0.17112911
      }
    }
  ],
  "created_at": "2018-08-27T06:10:46.895"
}