{
    "file_name": "000000238227.jpg",
    "generator": "convert_to_region_cropper.py",
    "labels": [
        "position",
        "left_eye",
        "right_eye",
        "left_cheek",
        "right_cheek",
        "nose_base",
        "left_mouth",
        "right_mouth",
        "bottom_mouth"
    ],
    "regions": [
        {
            "label": 0,
            "probability": 0.999,
            "rect": {
                "bottom": 0.22077923,
                "left": 0.3046875,
                "right": 0.40234375,
                "top": 0.08658009
            }
        },
        {
            "label": 4,
            "probability": 0.999,
            "rect": {
                "bottom": 0.17456889,
                "left": 0.38408047,
                "right": 0.38408047,
                "top": 0.17456889
            }
        },
        {
            "label": 5,
            "probability": 0.999,
            "rect": {
                "bottom": 0.18891546,
                "left": 0.34835228,
                "right": 0.34835228,
                "top": 0.18891546
            }
        },
        {
            "label": 8,
            "probability": 0.999,
            "rect": {
                "bottom": 0.17956106,
                "left": 0.34314275,
                "right": 0.34314275,
                "top": 0.17956106
            }
        }
    ]
}