{
  "generator": "convert_to_region_cropper.py",
  "file_name": "000000002411.jpg",
  "regions": [
    {
      "probability": 0.999,
      "label": 3,
      "rect": {
        "left": 0.5629898,
        "top": 0.3910784,
        "right": 0.5629898,
        "bottom": 0.3910784
      }
    }
  ],
  "created_at": "2018-08-27T03:37:15.739"
}