{
    "file_name": "000000156260.jpg",
    "generator": "convert_to_region_cropper.py",
    "labels": [
        "position",
        "left_eye",
        "right_eye",
        "left_cheek",
        "right_cheek",
        "nose_base",
        "left_mouth",
        "right_mouth",
        "bottom_mouth"
    ],
    "regions": [
        {
            "label": 0,
            "probability": 0.999,
            "rect": {
                "bottom": 0.45255473,
                "left": 0.484375,
                "right": 0.6328125,
                "top": 0.10948905
            }
        },
        {
            "label": 1,
            "probability": 0.999,
            "rect": {
                "bottom": 0.3055393,
                "left": 0.55105263,
                "right": 0.55105263,
                "top": 0.3055393
            }
        },
        {
            "label": 4,
            "probability": 0.999,
            "rect": {
                "bottom": 0.29375726,
                "left": 0.58158976,
                "right": 0.58158976,
                "top": 0.29375726
            }
        },
        {
            "label": 5,
            "probability": 0.999,
            "rect": {
                "bottom": 0.36204052,
                "left": 0.56717867,
                "right": 0.56717867,
                "top": 0.36204052
            }
        }
    ]
}