{
    "file_name": "000000180483.jpg",
    "generator": "convert_to_region_cropper.py",
    "labels": [
        "position",
        "left_eye",
        "right_eye",
        "left_cheek",
        "right_cheek",
        "nose_base",
        "left_mouth",
        "right_mouth",
        "bottom_mouth"
    ],
    "regions": [
        {
            "label": 0,
            "probability": 0.999,
            "rect": {
                "bottom": 0.4453125,
                "left": 0.33203125,
                "right": 0.65234375,
                "top": 0.05078125
            }
        },
        {
            "label": 3,
            "probability": 0.999,
            "rect": {
                "bottom": 0.28682134,
                "left": 0.43874863,
                "right": 0.43874863,
                "top": 0.28682134
            }
        },
        {
            "label": 7,
            "probability": 0.999,
            "rect": {
                "bottom": 0.3538763,
                "left": 0.44238684,
                "right": 0.44238684,
                "top": 0.3538763
            }
        },
        {
            "label": 8,
            "probability": 0.999,
            "rect": {
                "bottom": 0.39438996,
                "left": 0.49380818,
                "right": 0.49380818,
                "top": 0.39438996
            }
        }
    ]
}