{
  "generator": "convert_to_region_cropper.py",
  "file_name": "000000008305.jpg",
  "regions": [
    {
      "probability": 0.999,
      "label": 0,
      "rect": {
        "left": 0.32421875,
        "top": 0.42150736,
        "right": 0.41796875,
        "bottom": 0.59797794
      }
    },
    {
      "probability": 1.0,
      "label": 0,
      "rect": {
        "left": 0.47851562,
        "top": 0.39485294,
        "right": 0.55859375,
        "bottom": 0.5507353
      }
    },
    {
      "probability": 0.999,
      "label": 3,
      "rect": {
        "left": 0.75810266,
        "top": 0.44019723,
        "right": 0.75810266,
        "bottom": 0.44019723
      }
    },
    {
      "probability": 0.999,
      "label": 0,
      "rect": {
        "left": 0.70703125,
        "top": 0.33915442,
        "right": 0.8046875,
        "bottom": 0.5273897
      }
    }
  ],
  "created_at": "2018-08-27T03:44:48.834"
}