{
    "file_name": "000000338087.jpg",
    "generator": "convert_to_region_cropper.py",
    "labels": [
        "position",
        "left_eye",
        "right_eye",
        "left_cheek",
        "right_cheek",
        "nose_base",
        "left_mouth",
        "right_mouth",
        "bottom_mouth"
    ],
    "regions": [
        {
            "label": 0,
            "probability": 0.999,
            "rect": {
                "bottom": 0.3671875,
                "left": 0.34765625,
                "right": 0.45703125,
                "top": 0.234375
            }
        },
        {
            "label": 1,
            "probability": 0.999,
            "rect": {
                "bottom": 0.3061308,
                "left": 0.41102505,
                "right": 0.41102505,
                "top": 0.3061308
            }
        },
        {
            "label": 5,
            "probability": 0.999,
            "rect": {
                "bottom": 0.3366222,
                "left": 0.40260231,
                "right": 0.40260231,
                "top": 0.3366222
            }
        },
        {
            "label": 8,
            "probability": 0.999,
            "rect": {
                "bottom": 0.36015362,
                "left": 0.40304828,
                "right": 0.40304828,
                "top": 0.36015362
            }
        }
    ]
}