{
    "file_name": "000000404428.jpg",
    "generator": "convert_to_region_cropper.py",
    "labels": [
        "position",
        "left_eye",
        "right_eye",
        "left_cheek",
        "right_cheek",
        "nose_base",
        "left_mouth",
        "right_mouth",
        "bottom_mouth"
    ],
    "regions": [
        {
            "label": 0,
            "probability": 0.999,
            "rect": {
                "bottom": 0.65234375,
                "left": 0.4375,
                "right": 0.56640625,
                "top": 0.48828125
            }
        },
        {
            "label": 1,
            "probability": 0.999,
            "rect": {
                "bottom": 0.57442534,
                "left": 0.5267406,
                "right": 0.5267406,
                "top": 0.57442534
            }
        },
        {
            "label": 2,
            "probability": 0.999,
            "rect": {
                "bottom": 0.5753705,
                "left": 0.4804288,
                "right": 0.4804288,
                "top": 0.5753705
            }
        },
        {
            "label": 5,
            "probability": 0.999,
            "rect": {
                "bottom": 0.59700274,
                "left": 0.50574887,
                "right": 0.50574887,
                "top": 0.59700274
            }
        }
    ]
}