{
    "file_name": "000000141040.jpg",
    "generator": "convert_to_region_cropper.py",
    "labels": [
        "position",
        "left_eye",
        "right_eye",
        "left_cheek",
        "right_cheek",
        "nose_base",
        "left_mouth",
        "right_mouth",
        "bottom_mouth"
    ],
    "regions": [
        {
            "label": 0,
            "probability": 0.999,
            "rect": {
                "bottom": 0.40234375,
                "left": 0.2734375,
                "right": 0.375,
                "top": 0.2734375
            }
        },
        {
            "label": 1,
            "probability": 0.999,
            "rect": {
                "bottom": 0.35089555,
                "left": 0.33908138,
                "right": 0.33908138,
                "top": 0.35089555
            }
        },
        {
            "label": 2,
            "probability": 0.999,
            "rect": {
                "bottom": 0.34469482,
                "left": 0.30893067,
                "right": 0.30893067,
                "top": 0.34469482
            }
        },
        {
            "label": 8,
            "probability": 0.999,
            "rect": {
                "bottom": 0.39714262,
                "left": 0.3259104,
                "right": 0.3259104,
                "top": 0.39714262
            }
        }
    ]
}