{
    "file_name": "000000553443.jpg",
    "generator": "convert_to_region_cropper.py",
    "labels": [
        "position",
        "left_eye",
        "right_eye",
        "left_cheek",
        "right_cheek",
        "nose_base",
        "left_mouth",
        "right_mouth",
        "bottom_mouth"
    ],
    "regions": [
        {
            "label": 0,
            "probability": 0.999,
            "rect": {
                "bottom": 0.7083333,
                "left": 0.390625,
                "right": 0.5859375,
                "top": 0.27083334
            }
        },
        {
            "label": 1,
            "probability": 0.999,
            "rect": {
                "bottom": 0.49537903,
                "left": 0.5167779,
                "right": 0.5167779,
                "top": 0.49537903
            }
        },
        {
            "label": 2,
            "probability": 0.999,
            "rect": {
                "bottom": 0.50064707,
                "left": 0.46689165,
                "right": 0.46689165,
                "top": 0.50064707
            }
        },
        {
            "label": 5,
            "probability": 0.999,
            "rect": {
                "bottom": 0.5763375,
                "left": 0.48064327,
                "right": 0.48064327,
                "top": 0.5763375
            }
        }
    ]
}