{
  "generator": "convert_to_region_cropper.py",
  "file_name": "000000011075.jpg",
  "regions": [
    {
      "probability": 1.0,
      "label": 0,
      "rect": {
        "left": 0.44499296,
        "top": 0.06205924,
        "right": 0.57087445,
        "bottom": 0.22566995
      }
    },
    {
      "probability": 0.999,
      "label": 3,
      "rect": {
        "left": 0.48201025,
        "top": 0.40115273,
        "right": 0.48201025,
        "bottom": 0.40115273
      }
    },
    {
      "probability": 0.999,
      "label": 0,
      "rect": {
        "left": 0.44921875,
        "top": 0.31640625,
        "right": 0.58203125,
        "bottom": 0.48046875
      }
    }
  ],
  "created_at": "2018-08-27T03:48:58.439"
}