{
    "file_name": "000000185832.jpg",
    "generator": "convert_to_region_cropper.py",
    "labels": [
        "position",
        "left_eye",
        "right_eye",
        "left_cheek",
        "right_cheek",
        "nose_base",
        "left_mouth",
        "right_mouth",
        "bottom_mouth"
    ],
    "regions": [
        {
            "label": 0,
            "probability": 0.999,
            "rect": {
                "bottom": 0.58984375,
                "left": 0.19921875,
                "right": 0.31640625,
                "top": 0.44140625
            }
        },
        {
            "label": 2,
            "probability": 0.999,
            "rect": {
                "bottom": 0.5261506,
                "left": 0.24188527,
                "right": 0.24188527,
                "top": 0.5261506
            }
        },
        {
            "label": 3,
            "probability": 0.999,
            "rect": {
                "bottom": 0.53664505,
                "left": 0.2208218,
                "right": 0.2208218,
                "top": 0.53664505
            }
        },
        {
            "label": 5,
            "probability": 0.999,
            "rect": {
                "bottom": 0.544422,
                "left": 0.24274716,
                "right": 0.24274716,
                "top": 0.544422
            }
        }
    ]
}