{
  "generator": "convert_to_region_cropper.py",
  "file_name": "000000010192.jpg",
  "regions": [
    {
      "probability": 0.999,
      "label": 0,
      "rect": {
        "left": 0.41796875,
        "top": 0.234375,
        "right": 0.62109375,
        "bottom": 0.4921875
      }
    },
    {
      "probability": 0.999,
      "label": 5,
      "rect": {
        "left": 0.4841373,
        "top": 0.4045987,
        "right": 0.4841373,
        "bottom": 0.4045987
      }
    },
    {
      "probability": 0.999,
      "label": 1,
      "rect": {
        "left": 0.5205607,
        "top": 0.3566316,
        "right": 0.5205607,
        "bottom": 0.3566316
      }
    },
    {
      "probability": 0.999,
      "label": 4,
      "rect": {
        "left": 0.5603895,
        "top": 0.38650486,
        "right": 0.5603895,
        "bottom": 0.38650486
      }
    }
  ],
  "created_at": "2018-08-27T03:47:21.432"
}