{
    "file_name": "000000100277.jpg",
    "generator": "convert_to_region_cropper.py",
    "labels": [
        "position",
        "left_eye",
        "right_eye",
        "left_cheek",
        "right_cheek",
        "nose_base",
        "left_mouth",
        "right_mouth",
        "bottom_mouth"
    ],
    "regions": [
        {
            "label": 0,
            "probability": 0.999,
            "rect": {
                "bottom": 0.4609375,
                "left": 0.6328125,
                "right": 0.734375,
                "top": 0.3359375
            }
        },
        {
            "label": 1,
            "probability": 0.999,
            "rect": {
                "bottom": 0.40572456,
                "left": 0.6992465,
                "right": 0.6992465,
                "top": 0.40572456
            }
        },
        {
            "label": 4,
            "probability": 0.999,
            "rect": {
                "bottom": 0.42446303,
                "left": 0.71027696,
                "right": 0.71027696,
                "top": 0.42446303
            }
        },
        {
            "label": 6,
            "probability": 0.999,
            "rect": {
                "bottom": 0.43604732,
                "left": 0.6907406,
                "right": 0.6907406,
                "top": 0.43604732
            }
        }
    ]
}