{
    "file_name": "000000397792.jpg",
    "generator": "convert_to_region_cropper.py",
    "labels": [
        "position",
        "left_eye",
        "right_eye",
        "left_cheek",
        "right_cheek",
        "nose_base",
        "left_mouth",
        "right_mouth",
        "bottom_mouth"
    ],
    "regions": [
        {
            "label": 0,
            "probability": 0.999,
            "rect": {
                "bottom": 0.484375,
                "left": 0.7734375,
                "right": 0.8828125,
                "top": 0.34765625
            }
        },
        {
            "label": 1,
            "probability": 0.999,
            "rect": {
                "bottom": 0.4247244,
                "left": 0.8434428,
                "right": 0.8434428,
                "top": 0.4247244
            }
        },
        {
            "label": 3,
            "probability": 0.999,
            "rect": {
                "bottom": 0.44107556,
                "left": 0.8122371,
                "right": 0.8122371,
                "top": 0.44107556
            }
        },
        {
            "label": 4,
            "probability": 0.999,
            "rect": {
                "bottom": 0.44095868,
                "left": 0.84336203,
                "right": 0.84336203,
                "top": 0.44095868
            }
        }
    ]
}