{
    "file_name": "000000262335.jpg",
    "generator": "convert_to_region_cropper.py",
    "labels": [
        "position",
        "left_eye",
        "right_eye",
        "left_cheek",
        "right_cheek",
        "nose_base",
        "left_mouth",
        "right_mouth",
        "bottom_mouth"
    ],
    "regions": [
        {
            "label": 0,
            "probability": 0.999,
            "rect": {
                "bottom": 0.4921875,
                "left": 0.35546875,
                "right": 0.47265625,
                "top": 0.34375
            }
        },
        {
            "label": 1,
            "probability": 0.999,
            "rect": {
                "bottom": 0.42435694,
                "left": 0.42675197,
                "right": 0.42675197,
                "top": 0.42435694
            }
        },
        {
            "label": 2,
            "probability": 0.999,
            "rect": {
                "bottom": 0.42380172,
                "left": 0.39210206,
                "right": 0.39210206,
                "top": 0.42380172
            }
        },
        {
            "label": 3,
            "probability": 0.999,
            "rect": {
                "bottom": 0.4349412,
                "left": 0.36357692,
                "right": 0.36357692,
                "top": 0.4349412
            }
        }
    ]
}