{
    "file_name": "000000514243.jpg",
    "generator": "convert_to_region_cropper.py",
    "labels": [
        "position",
        "left_eye",
        "right_eye",
        "left_cheek",
        "right_cheek",
        "nose_base",
        "left_mouth",
        "right_mouth",
        "bottom_mouth"
    ],
    "regions": [
        {
            "label": 0,
            "probability": 0.999,
            "rect": {
                "bottom": 0.20467836,
                "left": 0.49609375,
                "right": 0.59765625,
                "top": 0.0116959065
            }
        },
        {
            "label": 1,
            "probability": 0.999,
            "rect": {
                "bottom": 0.11440183,
                "left": 0.55817944,
                "right": 0.55817944,
                "top": 0.11440183
            }
        },
        {
            "label": 4,
            "probability": 0.999,
            "rect": {
                "bottom": 0.12867889,
                "left": 0.5825949,
                "right": 0.5825949,
                "top": 0.12867889
            }
        },
        {
            "label": 6,
            "probability": 0.999,
            "rect": {
                "bottom": 0.1703005,
                "left": 0.5620857,
                "right": 0.5620857,
                "top": 0.1703005
            }
        }
    ]
}