{
    "file_name": "000000221505.jpg",
    "generator": "convert_to_region_cropper.py",
    "labels": [
        "position",
        "left_eye",
        "right_eye",
        "left_cheek",
        "right_cheek",
        "nose_base",
        "left_mouth",
        "right_mouth",
        "bottom_mouth"
    ],
    "regions": [
        {
            "label": 0,
            "probability": 0.999,
            "rect": {
                "bottom": 0.3046875,
                "left": 0.22265625,
                "right": 0.3515625,
                "top": 0.14453125
            }
        },
        {
            "label": 2,
            "probability": 0.999,
            "rect": {
                "bottom": 0.23251942,
                "left": 0.27287456,
                "right": 0.27287456,
                "top": 0.23251942
            }
        },
        {
            "label": 3,
            "probability": 0.999,
            "rect": {
                "bottom": 0.2543282,
                "left": 0.25223592,
                "right": 0.25223592,
                "top": 0.2543282
            }
        },
        {
            "label": 7,
            "probability": 0.999,
            "rect": {
                "bottom": 0.2673235,
                "left": 0.2778944,
                "right": 0.2778944,
                "top": 0.2673235
            }
        }
    ]
}