{
    "file_name": "000000261843.jpg",
    "generator": "convert_to_region_cropper.py",
    "labels": [
        "position",
        "left_eye",
        "right_eye",
        "left_cheek",
        "right_cheek",
        "nose_base",
        "left_mouth",
        "right_mouth",
        "bottom_mouth"
    ],
    "regions": [
        {
            "label": 0,
            "probability": 0.999,
            "rect": {
                "bottom": 0.4619883,
                "left": 0.8203125,
                "right": 0.94140625,
                "top": 0.23391813
            }
        },
        {
            "label": 1,
            "probability": 0.999,
            "rect": {
                "bottom": 0.35542026,
                "left": 0.90047204,
                "right": 0.90047204,
                "top": 0.35542026
            }
        },
        {
            "label": 5,
            "probability": 0.999,
            "rect": {
                "bottom": 0.39532095,
                "left": 0.8979049,
                "right": 0.8979049,
                "top": 0.39532095
            }
        },
        {
            "label": 6,
            "probability": 0.999,
            "rect": {
                "bottom": 0.41458955,
                "left": 0.9016556,
                "right": 0.9016556,
                "top": 0.41458955
            }
        }
    ]
}