{
    "file_name": "000000489501.jpg",
    "generator": "convert_to_region_cropper.py",
    "labels": [
        "position",
        "left_eye",
        "right_eye",
        "left_cheek",
        "right_cheek",
        "nose_base",
        "left_mouth",
        "right_mouth",
        "bottom_mouth"
    ],
    "regions": [
        {
            "label": 0,
            "probability": 0.999,
            "rect": {
                "bottom": 0.38671875,
                "left": 0.40625,
                "right": 0.54296875,
                "top": 0.21875
            }
        },
        {
            "label": 1,
            "probability": 0.999,
            "rect": {
                "bottom": 0.31077084,
                "left": 0.4966097,
                "right": 0.4966097,
                "top": 0.31077084
            }
        },
        {
            "label": 2,
            "probability": 0.999,
            "rect": {
                "bottom": 0.3087581,
                "left": 0.46484262,
                "right": 0.46484262,
                "top": 0.3087581
            }
        },
        {
            "label": 5,
            "probability": 0.999,
            "rect": {
                "bottom": 0.34051642,
                "left": 0.46843168,
                "right": 0.46843168,
                "top": 0.34051642
            }
        }
    ]
}