{
    "file_name": "000000551959.jpg",
    "generator": "convert_to_region_cropper.py",
    "labels": [
        "position",
        "left_eye",
        "right_eye",
        "left_cheek",
        "right_cheek",
        "nose_base",
        "left_mouth",
        "right_mouth",
        "bottom_mouth"
    ],
    "regions": [
        {
            "label": 0,
            "probability": 0.999,
            "rect": {
                "bottom": 0.2777778,
                "left": 0.23828125,
                "right": 0.33203125,
                "top": 0.086419754
            }
        },
        {
            "label": 2,
            "probability": 0.999,
            "rect": {
                "bottom": 0.19052432,
                "left": 0.27554166,
                "right": 0.27554166,
                "top": 0.19052432
            }
        },
        {
            "label": 3,
            "probability": 0.999,
            "rect": {
                "bottom": 0.20786808,
                "left": 0.2544798,
                "right": 0.2544798,
                "top": 0.20786808
            }
        },
        {
            "label": 7,
            "probability": 0.999,
            "rect": {
                "bottom": 0.23937225,
                "left": 0.27376664,
                "right": 0.27376664,
                "top": 0.23937225
            }
        }
    ]
}