{
    "file_name": "000000377361.jpg",
    "generator": "convert_to_region_cropper.py",
    "labels": [
        "position",
        "left_eye",
        "right_eye",
        "left_cheek",
        "right_cheek",
        "nose_base",
        "left_mouth",
        "right_mouth",
        "bottom_mouth"
    ],
    "regions": [
        {
            "label": 0,
            "probability": 0.999,
            "rect": {
                "bottom": 0.62890625,
                "left": 0.61328125,
                "right": 0.77734375,
                "top": 0.42578125
            }
        },
        {
            "label": 1,
            "probability": 0.999,
            "rect": {
                "bottom": 0.53090936,
                "left": 0.719867,
                "right": 0.719867,
                "top": 0.53090936
            }
        },
        {
            "label": 2,
            "probability": 0.999,
            "rect": {
                "bottom": 0.53303945,
                "left": 0.6836917,
                "right": 0.6836917,
                "top": 0.53303945
            }
        },
        {
            "label": 5,
            "probability": 0.999,
            "rect": {
                "bottom": 0.5817613,
                "left": 0.69291395,
                "right": 0.69291395,
                "top": 0.5817613
            }
        }
    ]
}