{
    "file_name": "000000465101.jpg",
    "generator": "convert_to_region_cropper.py",
    "labels": [
        "position",
        "left_eye",
        "right_eye",
        "left_cheek",
        "right_cheek",
        "nose_base",
        "left_mouth",
        "right_mouth",
        "bottom_mouth"
    ],
    "regions": [
        {
            "label": 0,
            "probability": 0.999,
            "rect": {
                "bottom": 0.25390625,
                "left": 0.52816904,
                "right": 0.7183099,
                "top": 0.125
            }
        },
        {
            "label": 2,
            "probability": 0.999,
            "rect": {
                "bottom": 0.19720234,
                "left": 0.5973093,
                "right": 0.5973093,
                "top": 0.19720234
            }
        },
        {
            "label": 3,
            "probability": 0.999,
            "rect": {
                "bottom": 0.20977089,
                "left": 0.56262976,
                "right": 0.56262976,
                "top": 0.20977089
            }
        },
        {
            "label": 7,
            "probability": 0.999,
            "rect": {
                "bottom": 0.22744766,
                "left": 0.6064692,
                "right": 0.6064692,
                "top": 0.22744766
            }
        }
    ]
}