{
    "file_name": "000000430853.jpg",
    "generator": "convert_to_region_cropper.py",
    "labels": [
        "position",
        "left_eye",
        "right_eye",
        "left_cheek",
        "right_cheek",
        "nose_base",
        "left_mouth",
        "right_mouth",
        "bottom_mouth"
    ],
    "regions": [
        {
            "label": 0,
            "probability": 0.999,
            "rect": {
                "bottom": 0.421875,
                "left": 0.28125,
                "right": 0.46484375,
                "top": 0.19140625
            }
        },
        {
            "label": 1,
            "probability": 0.999,
            "rect": {
                "bottom": 0.31263632,
                "left": 0.3977539,
                "right": 0.3977539,
                "top": 0.31263632
            }
        },
        {
            "label": 4,
            "probability": 0.999,
            "rect": {
                "bottom": 0.3445806,
                "left": 0.43807623,
                "right": 0.43807623,
                "top": 0.3445806
            }
        },
        {
            "label": 5,
            "probability": 0.999,
            "rect": {
                "bottom": 0.36158922,
                "left": 0.36680225,
                "right": 0.36680225,
                "top": 0.36158922
            }
        }
    ]
}