{
    "file_name": "000000509098.jpg",
    "generator": "convert_to_region_cropper.py",
    "labels": [
        "position",
        "left_eye",
        "right_eye",
        "left_cheek",
        "right_cheek",
        "nose_base",
        "left_mouth",
        "right_mouth",
        "bottom_mouth"
    ],
    "regions": [
        {
            "label": 0,
            "probability": 0.999,
            "rect": {
                "bottom": 0.4140625,
                "left": 0.27734375,
                "right": 0.37109375,
                "top": 0.30078125
            }
        },
        {
            "label": 6,
            "probability": 0.999,
            "rect": {
                "bottom": 0.3907564,
                "left": 0.34383565,
                "right": 0.34383565,
                "top": 0.3907564
            }
        },
        {
            "label": 7,
            "probability": 0.999,
            "rect": {
                "bottom": 0.38814667,
                "left": 0.31217414,
                "right": 0.31217414,
                "top": 0.38814667
            }
        },
        {
            "label": 8,
            "probability": 0.999,
            "rect": {
                "bottom": 0.39583793,
                "left": 0.3287598,
                "right": 0.3287598,
                "top": 0.39583793
            }
        }
    ]
}