{
    "file_name": "000000230227.jpg",
    "generator": "convert_to_region_cropper.py",
    "labels": [
        "position",
        "left_eye",
        "right_eye",
        "left_cheek",
        "right_cheek",
        "nose_base",
        "left_mouth",
        "right_mouth",
        "bottom_mouth"
    ],
    "regions": [
        {
            "label": 0,
            "probability": 0.999,
            "rect": {
                "bottom": 0.765625,
                "left": 0.21875,
                "right": 0.60546875,
                "top": 0.28515625
            }
        },
        {
            "label": 1,
            "probability": 0.999,
            "rect": {
                "bottom": 0.55989146,
                "left": 0.46748862,
                "right": 0.46748862,
                "top": 0.55989146
            }
        },
        {
            "label": 3,
            "probability": 0.999,
            "rect": {
                "bottom": 0.54822886,
                "left": 0.31704462,
                "right": 0.31704462,
                "top": 0.54822886
            }
        },
        {
            "label": 4,
            "probability": 0.999,
            "rect": {
                "bottom": 0.6058926,
                "left": 0.43508044,
                "right": 0.43508044,
                "top": 0.6058926
            }
        }
    ]
}