{
    "file_name": "000000334215.jpg",
    "generator": "convert_to_region_cropper.py",
    "labels": [
        "position",
        "left_eye",
        "right_eye",
        "left_cheek",
        "right_cheek",
        "nose_base",
        "left_mouth",
        "right_mouth",
        "bottom_mouth"
    ],
    "regions": [
        {
            "label": 0,
            "probability": 0.999,
            "rect": {
                "bottom": 0.4609375,
                "left": 0.53515625,
                "right": 0.65234375,
                "top": 0.31640625
            }
        },
        {
            "label": 1,
            "probability": 0.999,
            "rect": {
                "bottom": 0.39831603,
                "left": 0.61445624,
                "right": 0.61445624,
                "top": 0.39831603
            }
        },
        {
            "label": 4,
            "probability": 0.999,
            "rect": {
                "bottom": 0.4206613,
                "left": 0.6119241,
                "right": 0.6119241,
                "top": 0.4206613
            }
        },
        {
            "label": 5,
            "probability": 0.999,
            "rect": {
                "bottom": 0.41911653,
                "left": 0.5862839,
                "right": 0.5862839,
                "top": 0.41911653
            }
        }
    ]
}