{
    "file_name": "000000409740.jpg",
    "generator": "convert_to_region_cropper.py",
    "labels": [
        "position",
        "left_eye",
        "right_eye",
        "left_cheek",
        "right_cheek",
        "nose_base",
        "left_mouth",
        "right_mouth",
        "bottom_mouth"
    ],
    "regions": [
        {
            "label": 0,
            "probability": 0.999,
            "rect": {
                "bottom": 0.37109375,
                "left": 0.01953125,
                "right": 0.13671875,
                "top": 0.22265625
            }
        },
        {
            "label": 2,
            "probability": 0.999,
            "rect": {
                "bottom": 0.3060407,
                "left": 0.08105432,
                "right": 0.08105432,
                "top": 0.3060407
            }
        },
        {
            "label": 3,
            "probability": 0.999,
            "rect": {
                "bottom": 0.30841535,
                "left": 0.057503544,
                "right": 0.057503544,
                "top": 0.30841535
            }
        },
        {
            "label": 5,
            "probability": 0.999,
            "rect": {
                "bottom": 0.3295216,
                "left": 0.076127075,
                "right": 0.076127075,
                "top": 0.3295216
            }
        }
    ]
}