{
    "file_name": "000000017559.jpg",
    "generator": "convert_to_region_cropper.py",
    "labels": [
        "position",
        "left_eye",
        "right_eye",
        "left_cheek",
        "right_cheek",
        "nose_base",
        "left_mouth",
        "right_mouth",
        "bottom_mouth"
    ],
    "regions": [
        {
            "label": 0,
            "probability": 0.999,
            "rect": {
                "bottom": 0.22222222,
                "left": 0.5625,
                "right": 0.6640625,
                "top": 0.029239766
            }
        },
        {
            "label": 1,
            "probability": 0.999,
            "rect": {
                "bottom": 0.12989347,
                "left": 0.6241943,
                "right": 0.6241943,
                "top": 0.12989347
            }
        },
        {
            "label": 2,
            "probability": 0.999,
            "rect": {
                "bottom": 0.14903347,
                "left": 0.6040552,
                "right": 0.6040552,
                "top": 0.14903347
            }
        },
        {
            "label": 4,
            "probability": 0.999,
            "rect": {
                "bottom": 0.1245066,
                "left": 0.64584464,
                "right": 0.64584464,
                "top": 0.1245066
            }
        }
    ]
}