{
    "file_name": "000000357895.jpg",
    "generator": "convert_to_region_cropper.py",
    "labels": [
        "position",
        "left_eye",
        "right_eye",
        "left_cheek",
        "right_cheek",
        "nose_base",
        "left_mouth",
        "right_mouth",
        "bottom_mouth"
    ],
    "regions": [
        {
            "label": 0,
            "probability": 0.999,
            "rect": {
                "bottom": 0.27734375,
                "left": 0.3984375,
                "right": 0.52734375,
                "top": 0.11328125
            }
        },
        {
            "label": 2,
            "probability": 0.999,
            "rect": {
                "bottom": 0.20300987,
                "left": 0.4534884,
                "right": 0.4534884,
                "top": 0.20300987
            }
        },
        {
            "label": 3,
            "probability": 0.999,
            "rect": {
                "bottom": 0.20802757,
                "left": 0.4274112,
                "right": 0.4274112,
                "top": 0.20802757
            }
        },
        {
            "label": 7,
            "probability": 0.999,
            "rect": {
                "bottom": 0.24333523,
                "left": 0.43915367,
                "right": 0.43915367,
                "top": 0.24333523
            }
        }
    ]
}