{
    "file_name": "000000539124.jpg",
    "generator": "convert_to_region_cropper.py",
    "labels": [
        "position",
        "left_eye",
        "right_eye",
        "left_cheek",
        "right_cheek",
        "nose_base",
        "left_mouth",
        "right_mouth",
        "bottom_mouth"
    ],
    "regions": [
        {
            "label": 0,
            "probability": 0.999,
            "rect": {
                "bottom": 0.16796875,
                "left": 0.41796875,
                "right": 0.51953125,
                "top": 0.04296875
            }
        },
        {
            "label": 2,
            "probability": 0.999,
            "rect": {
                "bottom": 0.11186151,
                "left": 0.45942208,
                "right": 0.45942208,
                "top": 0.11186151
            }
        },
        {
            "label": 3,
            "probability": 0.999,
            "rect": {
                "bottom": 0.1184753,
                "left": 0.44120267,
                "right": 0.44120267,
                "top": 0.1184753
            }
        },
        {
            "label": 5,
            "probability": 0.999,
            "rect": {
                "bottom": 0.13343629,
                "left": 0.464544,
                "right": 0.464544,
                "top": 0.13343629
            }
        }
    ]
}