{
    "file_name": "000000247319.jpg",
    "generator": "convert_to_region_cropper.py",
    "labels": [
        "position",
        "left_eye",
        "right_eye",
        "left_cheek",
        "right_cheek",
        "nose_base",
        "left_mouth",
        "right_mouth",
        "bottom_mouth"
    ],
    "regions": [
        {
            "label": 0,
            "probability": 0.999,
            "rect": {
                "bottom": 0.40234375,
                "left": 0.3359375,
                "right": 0.4921875,
                "top": 0.20703125
            }
        },
        {
            "label": 1,
            "probability": 0.999,
            "rect": {
                "bottom": 0.3163763,
                "left": 0.42807826,
                "right": 0.42807826,
                "top": 0.3163763
            }
        },
        {
            "label": 2,
            "probability": 0.999,
            "rect": {
                "bottom": 0.30457652,
                "left": 0.3871256,
                "right": 0.3871256,
                "top": 0.30457652
            }
        },
        {
            "label": 0,
            "probability": 0.999,
            "rect": {
                "bottom": 0.3046875,
                "left": 0.45703125,
                "right": 0.640625,
                "top": 0.0703125
            }
        }
    ]
}