{
    "file_name": "000000115667.jpg",
    "generator": "convert_to_region_cropper.py",
    "labels": [
        "position",
        "left_eye",
        "right_eye",
        "left_cheek",
        "right_cheek",
        "nose_base",
        "left_mouth",
        "right_mouth",
        "bottom_mouth"
    ],
    "regions": [
        {
            "label": 0,
            "probability": 0.999,
            "rect": {
                "bottom": 0.265625,
                "left": 0.4609375,
                "right": 0.62890625,
                "top": 0.0546875
            }
        },
        {
            "label": 1,
            "probability": 0.999,
            "rect": {
                "bottom": 0.16474898,
                "left": 0.53594154,
                "right": 0.53594154,
                "top": 0.16474898
            }
        },
        {
            "label": 5,
            "probability": 0.999,
            "rect": {
                "bottom": 0.20622042,
                "left": 0.5521824,
                "right": 0.5521824,
                "top": 0.20622042
            }
        },
        {
            "label": 8,
            "probability": 0.999,
            "rect": {
                "bottom": 0.21950102,
                "left": 0.53556985,
                "right": 0.53556985,
                "top": 0.21950102
            }
        }
    ]
}