{
    "file_name": "000000440763.jpg",
    "generator": "convert_to_region_cropper.py",
    "labels": [
        "position",
        "left_eye",
        "right_eye",
        "left_cheek",
        "right_cheek",
        "nose_base",
        "left_mouth",
        "right_mouth",
        "bottom_mouth"
    ],
    "regions": [
        {
            "label": 0,
            "probability": 0.999,
            "rect": {
                "bottom": 0.5470588,
                "left": 0.4375,
                "right": 0.56640625,
                "top": 0.31176472
            }
        },
        {
            "label": 1,
            "probability": 0.999,
            "rect": {
                "bottom": 0.42907256,
                "left": 0.5193069,
                "right": 0.5193069,
                "top": 0.42907256
            }
        },
        {
            "label": 2,
            "probability": 0.999,
            "rect": {
                "bottom": 0.4405576,
                "left": 0.48855564,
                "right": 0.48855564,
                "top": 0.4405576
            }
        },
        {
            "label": 5,
            "probability": 0.999,
            "rect": {
                "bottom": 0.47603765,
                "left": 0.52225846,
                "right": 0.52225846,
                "top": 0.47603765
            }
        }
    ]
}