{
    "file_name": "000000287374.jpg",
    "generator": "convert_to_region_cropper.py",
    "labels": [
        "position",
        "left_eye",
        "right_eye",
        "left_cheek",
        "right_cheek",
        "nose_base",
        "left_mouth",
        "right_mouth",
        "bottom_mouth"
    ],
    "regions": [
        {
            "label": 0,
            "probability": 0.999,
            "rect": {
                "bottom": 0.27734375,
                "left": 0.48046875,
                "right": 0.57421875,
                "top": 0.15625
            }
        },
        {
            "label": 1,
            "probability": 0.999,
            "rect": {
                "bottom": 0.22124667,
                "left": 0.54438806,
                "right": 0.54438806,
                "top": 0.22124667
            }
        },
        {
            "label": 4,
            "probability": 0.999,
            "rect": {
                "bottom": 0.23971663,
                "left": 0.5447809,
                "right": 0.5447809,
                "top": 0.23971663
            }
        },
        {
            "label": 6,
            "probability": 0.999,
            "rect": {
                "bottom": 0.25722516,
                "left": 0.5409419,
                "right": 0.5409419,
                "top": 0.25722516
            }
        }
    ]
}