{
    "file_name": "000000563791.jpg",
    "generator": "convert_to_region_cropper.py",
    "labels": [
        "position",
        "left_eye",
        "right_eye",
        "left_cheek",
        "right_cheek",
        "nose_base",
        "left_mouth",
        "right_mouth",
        "bottom_mouth"
    ],
    "regions": [
        {
            "label": 0,
            "probability": 0.999,
            "rect": {
                "bottom": 0.43274853,
                "left": 0.34765625,
                "right": 0.45703125,
                "top": 0.22807017
            }
        },
        {
            "label": 1,
            "probability": 0.999,
            "rect": {
                "bottom": 0.3409007,
                "left": 0.42032114,
                "right": 0.42032114,
                "top": 0.3409007
            }
        },
        {
            "label": 2,
            "probability": 0.999,
            "rect": {
                "bottom": 0.34304044,
                "left": 0.39327732,
                "right": 0.39327732,
                "top": 0.34304044
            }
        },
        {
            "label": 5,
            "probability": 0.999,
            "rect": {
                "bottom": 0.38583013,
                "left": 0.40284604,
                "right": 0.40284604,
                "top": 0.38583013
            }
        }
    ]
}