{
    "file_name": "000000576931.jpg",
    "generator": "convert_to_region_cropper.py",
    "labels": [
        "position",
        "left_eye",
        "right_eye",
        "left_cheek",
        "right_cheek",
        "nose_base",
        "left_mouth",
        "right_mouth",
        "bottom_mouth"
    ],
    "regions": [
        {
            "label": 0,
            "probability": 0.999,
            "rect": {
                "bottom": 0.46484375,
                "left": 0.66015625,
                "right": 0.7578125,
                "top": 0.33984375
            }
        },
        {
            "label": 1,
            "probability": 0.999,
            "rect": {
                "bottom": 0.4065337,
                "left": 0.72508585,
                "right": 0.72508585,
                "top": 0.4065337
            }
        },
        {
            "label": 4,
            "probability": 0.999,
            "rect": {
                "bottom": 0.40579015,
                "left": 0.7446029,
                "right": 0.7446029,
                "top": 0.40579015
            }
        },
        {
            "label": 8,
            "probability": 0.999,
            "rect": {
                "bottom": 0.46018627,
                "left": 0.7149188,
                "right": 0.7149188,
                "top": 0.46018627
            }
        }
    ]
}