{
    "file_name": "000000409016.jpg",
    "generator": "convert_to_region_cropper.py",
    "labels": [
        "position",
        "left_eye",
        "right_eye",
        "left_cheek",
        "right_cheek",
        "nose_base",
        "left_mouth",
        "right_mouth",
        "bottom_mouth"
    ],
    "regions": [
        {
            "label": 0,
            "probability": 0.999,
            "rect": {
                "bottom": 0.24609375,
                "left": 0.31640625,
                "right": 0.41796875,
                "top": 0.1171875
            }
        },
        {
            "label": 2,
            "probability": 0.999,
            "rect": {
                "bottom": 0.18325107,
                "left": 0.35613292,
                "right": 0.35613292,
                "top": 0.18325107
            }
        },
        {
            "label": 3,
            "probability": 0.999,
            "rect": {
                "bottom": 0.19415092,
                "left": 0.32630226,
                "right": 0.32630226,
                "top": 0.19415092
            }
        },
        {
            "label": 7,
            "probability": 0.999,
            "rect": {
                "bottom": 0.22041169,
                "left": 0.3556587,
                "right": 0.3556587,
                "top": 0.22041169
            }
        }
    ]
}