{
    "file_name": "000000474319.jpg",
    "generator": "convert_to_region_cropper.py",
    "labels": [
        "position",
        "left_eye",
        "right_eye",
        "left_cheek",
        "right_cheek",
        "nose_base",
        "left_mouth",
        "right_mouth",
        "bottom_mouth"
    ],
    "regions": [
        {
            "label": 0,
            "probability": 0.999,
            "rect": {
                "bottom": 0.47265625,
                "left": 0.1796875,
                "right": 0.26953125,
                "top": 0.359375
            }
        },
        {
            "label": 1,
            "probability": 0.999,
            "rect": {
                "bottom": 0.41229284,
                "left": 0.23306811,
                "right": 0.23306811,
                "top": 0.41229284
            }
        },
        {
            "label": 7,
            "probability": 0.999,
            "rect": {
                "bottom": 0.45426422,
                "left": 0.22820178,
                "right": 0.22820178,
                "top": 0.45426422
            }
        },
        {
            "label": 8,
            "probability": 0.999,
            "rect": {
                "bottom": 0.44437316,
                "left": 0.24142386,
                "right": 0.24142386,
                "top": 0.44437316
            }
        }
    ]
}