{
    "file_name": "000000455073.jpg",
    "generator": "convert_to_region_cropper.py",
    "labels": [
        "position",
        "left_eye",
        "right_eye",
        "left_cheek",
        "right_cheek",
        "nose_base",
        "left_mouth",
        "right_mouth",
        "bottom_mouth"
    ],
    "regions": [
        {
            "label": 0,
            "probability": 0.999,
            "rect": {
                "bottom": 0.26953125,
                "left": 0.421875,
                "right": 0.51953125,
                "top": 0.14453125
            }
        },
        {
            "label": 1,
            "probability": 0.999,
            "rect": {
                "bottom": 0.21010682,
                "left": 0.48438802,
                "right": 0.48438802,
                "top": 0.21010682
            }
        },
        {
            "label": 4,
            "probability": 0.999,
            "rect": {
                "bottom": 0.2281929,
                "left": 0.50121117,
                "right": 0.50121117,
                "top": 0.2281929
            }
        },
        {
            "label": 6,
            "probability": 0.999,
            "rect": {
                "bottom": 0.24469824,
                "left": 0.47775382,
                "right": 0.47775382,
                "top": 0.24469824
            }
        }
    ]
}