{
    "file_name": "000000398936.jpg",
    "generator": "convert_to_region_cropper.py",
    "labels": [
        "position",
        "left_eye",
        "right_eye",
        "left_cheek",
        "right_cheek",
        "nose_base",
        "left_mouth",
        "right_mouth",
        "bottom_mouth"
    ],
    "regions": [
        {
            "label": 0,
            "probability": 0.999,
            "rect": {
                "bottom": 0.3046875,
                "left": 0.32421875,
                "right": 0.5390625,
                "top": 0.0390625
            }
        },
        {
            "label": 1,
            "probability": 0.999,
            "rect": {
                "bottom": 0.18367153,
                "left": 0.4507441,
                "right": 0.4507441,
                "top": 0.18367153
            }
        },
        {
            "label": 4,
            "probability": 0.999,
            "rect": {
                "bottom": 0.19886807,
                "left": 0.49109414,
                "right": 0.49109414,
                "top": 0.19886807
            }
        },
        {
            "label": 5,
            "probability": 0.999,
            "rect": {
                "bottom": 0.23228337,
                "left": 0.4268567,
                "right": 0.4268567,
                "top": 0.23228337
            }
        }
    ]
}