{
    "file_name": "000000392506.jpg",
    "generator": "convert_to_region_cropper.py",
    "labels": [
        "position",
        "left_eye",
        "right_eye",
        "left_cheek",
        "right_cheek",
        "nose_base",
        "left_mouth",
        "right_mouth",
        "bottom_mouth"
    ],
    "regions": [
        {
            "label": 0,
            "probability": 0.999,
            "rect": {
                "bottom": 0.3203125,
                "left": 0.4609375,
                "right": 0.609375,
                "top": 0.13671875
            }
        },
        {
            "label": 2,
            "probability": 0.999,
            "rect": {
                "bottom": 0.23605321,
                "left": 0.5186462,
                "right": 0.5186462,
                "top": 0.23605321
            }
        },
        {
            "label": 3,
            "probability": 0.999,
            "rect": {
                "bottom": 0.2459008,
                "left": 0.48019642,
                "right": 0.48019642,
                "top": 0.2459008
            }
        },
        {
            "label": 7,
            "probability": 0.999,
            "rect": {
                "bottom": 0.27544782,
                "left": 0.51395994,
                "right": 0.51395994,
                "top": 0.27544782
            }
        }
    ]
}