{
    "file_name": "000000478809.jpg",
    "generator": "convert_to_region_cropper.py",
    "labels": [
        "position",
        "left_eye",
        "right_eye",
        "left_cheek",
        "right_cheek",
        "nose_base",
        "left_mouth",
        "right_mouth",
        "bottom_mouth"
    ],
    "regions": [
        {
            "label": 0,
            "probability": 0.999,
            "rect": {
                "bottom": 0.29296875,
                "left": 0.4921875,
                "right": 0.59375,
                "top": 0.171875
            }
        },
        {
            "label": 1,
            "probability": 0.999,
            "rect": {
                "bottom": 0.24116917,
                "left": 0.55169326,
                "right": 0.55169326,
                "top": 0.24116917
            }
        },
        {
            "label": 3,
            "probability": 0.999,
            "rect": {
                "bottom": 0.25546908,
                "left": 0.5131168,
                "right": 0.5131168,
                "top": 0.25546908
            }
        },
        {
            "label": 5,
            "probability": 0.999,
            "rect": {
                "bottom": 0.26473126,
                "left": 0.54862654,
                "right": 0.54862654,
                "top": 0.26473126
            }
        }
    ]
}