{
    "file_name": "000000222676.jpg",
    "generator": "convert_to_region_cropper.py",
    "labels": [
        "position",
        "left_eye",
        "right_eye",
        "left_cheek",
        "right_cheek",
        "nose_base",
        "left_mouth",
        "right_mouth",
        "bottom_mouth"
    ],
    "regions": [
        {
            "label": 0,
            "probability": 0.999,
            "rect": {
                "bottom": 0.2421875,
                "left": 0.46484375,
                "right": 0.5546875,
                "top": 0.12890625
            }
        },
        {
            "label": 2,
            "probability": 0.999,
            "rect": {
                "bottom": 0.1880032,
                "left": 0.49873227,
                "right": 0.49873227,
                "top": 0.1880032
            }
        },
        {
            "label": 3,
            "probability": 0.999,
            "rect": {
                "bottom": 0.20730108,
                "left": 0.4956594,
                "right": 0.4956594,
                "top": 0.20730108
            }
        },
        {
            "label": 7,
            "probability": 0.999,
            "rect": {
                "bottom": 0.22111803,
                "left": 0.4999262,
                "right": 0.4999262,
                "top": 0.22111803
            }
        }
    ]
}