{
    "file_name": "000000012873.jpg",
    "generator": "convert_to_region_cropper.py",
    "labels": [
        "position",
        "left_eye",
        "right_eye",
        "left_cheek",
        "right_cheek",
        "nose_base",
        "left_mouth",
        "right_mouth",
        "bottom_mouth"
    ],
    "regions": [
        {
            "label": 0,
            "probability": 0.999,
            "rect": {
                "bottom": 0.51171875,
                "left": 0.26953125,
                "right": 0.6015625,
                "top": 0.09765625
            }
        },
        {
            "label": 1,
            "probability": 0.999,
            "rect": {
                "bottom": 0.31908798,
                "left": 0.45317182,
                "right": 0.45317182,
                "top": 0.31908798
            }
        },
        {
            "label": 4,
            "probability": 0.999,
            "rect": {
                "bottom": 0.31562895,
                "left": 0.5459726,
                "right": 0.5459726,
                "top": 0.31562895
            }
        },
        {
            "label": 5,
            "probability": 0.999,
            "rect": {
                "bottom": 0.38580325,
                "left": 0.43055987,
                "right": 0.43055987,
                "top": 0.38580325
            }
        }
    ]
}