{
    "file_name": "000000346095.jpg",
    "generator": "convert_to_region_cropper.py",
    "labels": [
        "position",
        "left_eye",
        "right_eye",
        "left_cheek",
        "right_cheek",
        "nose_base",
        "left_mouth",
        "right_mouth",
        "bottom_mouth"
    ],
    "regions": [
        {
            "label": 0,
            "probability": 0.999,
            "rect": {
                "bottom": 0.58984375,
                "left": 0.390625,
                "right": 0.77734375,
                "top": 0.109375
            }
        },
        {
            "label": 2,
            "probability": 0.999,
            "rect": {
                "bottom": 0.38002476,
                "left": 0.5405263,
                "right": 0.5405263,
                "top": 0.38002476
            }
        },
        {
            "label": 3,
            "probability": 0.999,
            "rect": {
                "bottom": 0.41767043,
                "left": 0.4571685,
                "right": 0.4571685,
                "top": 0.41767043
            }
        },
        {
            "label": 7,
            "probability": 0.999,
            "rect": {
                "bottom": 0.48092413,
                "left": 0.5623996,
                "right": 0.5623996,
                "top": 0.48092413
            }
        }
    ]
}