{
  "generator": "convert_to_region_cropper.py",
  "file_name": "000000008468.jpg",
  "regions": [
    {
      "probability": 0.999,
      "label": 0,
      "rect": {
        "left": 0.21484375,
        "top": 0.609375,
        "right": 0.328125,
        "bottom": 0.74609375
      }
    },
    {
      "probability": 0.999,
      "label": 1,
      "rect": {
        "left": 0.28929824,
        "top": 0.6686253,
        "right": 0.28929824,
        "bottom": 0.6686253
      }
    }
  ],
  "created_at": "2018-08-27T03:45:21.467"
}