{
    "file_name": "000000222251.jpg",
    "generator": "convert_to_region_cropper.py",
    "labels": [
        "position",
        "left_eye",
        "right_eye",
        "left_cheek",
        "right_cheek",
        "nose_base",
        "left_mouth",
        "right_mouth",
        "bottom_mouth"
    ],
    "regions": [
        {
            "label": 0,
            "probability": 0.999,
            "rect": {
                "bottom": 0.2890625,
                "left": 0.21484375,
                "right": 0.359375,
                "top": 0.10546875
            }
        },
        {
            "label": 2,
            "probability": 0.999,
            "rect": {
                "bottom": 0.20850553,
                "left": 0.27998737,
                "right": 0.27998737,
                "top": 0.20850553
            }
        },
        {
            "label": 3,
            "probability": 0.999,
            "rect": {
                "bottom": 0.22228076,
                "left": 0.25022686,
                "right": 0.25022686,
                "top": 0.22228076
            }
        },
        {
            "label": 7,
            "probability": 0.999,
            "rect": {
                "bottom": 0.24809787,
                "left": 0.27554938,
                "right": 0.27554938,
                "top": 0.24809787
            }
        }
    ]
}