{
  "generator": "convert_to_region_cropper.py",
  "file_name": "000000012612.jpg",
  "regions": [
    {
      "probability": 0.999,
      "label": 5,
      "rect": {
        "left": 0.16892281,
        "top": 0.6979811,
        "right": 0.16892281,
        "bottom": 0.6979811
      }
    },
    {
      "probability": 0.999,
      "label": 8,
      "rect": {
        "left": 0.16034053,
        "top": 0.7608045,
        "right": 0.16034053,
        "bottom": 0.7608045
      }
    },
    {
      "probability": 0.999,
      "label": 6,
      "rect": {
        "left": 0.23822045,
        "top": 0.74613154,
        "right": 0.23822045,
        "bottom": 0.74613154
      }
    }
  ],
  "created_at": "2018-08-27T03:50:17.31"
}