{
    "file_name": "000000568560.jpg",
    "generator": "convert_to_region_cropper.py",
    "labels": [
        "position",
        "left_eye",
        "right_eye",
        "left_cheek",
        "right_cheek",
        "nose_base",
        "left_mouth",
        "right_mouth",
        "bottom_mouth"
    ],
    "regions": [
        {
            "label": 0,
            "probability": 0.999,
            "rect": {
                "bottom": 0.24609375,
                "left": 0.46875,
                "right": 0.5859375,
                "top": 0.10546875
            }
        },
        {
            "label": 3,
            "probability": 0.999,
            "rect": {
                "bottom": 0.18469577,
                "left": 0.50195795,
                "right": 0.50195795,
                "top": 0.18469577
            }
        },
        {
            "label": 7,
            "probability": 0.999,
            "rect": {
                "bottom": 0.2158797,
                "left": 0.5092816,
                "right": 0.5092816,
                "top": 0.2158797
            }
        },
        {
            "label": 8,
            "probability": 0.999,
            "rect": {
                "bottom": 0.21916963,
                "left": 0.51881206,
                "right": 0.51881206,
                "top": 0.21916963
            }
        }
    ]
}