{
    "file_name": "000000449567.jpg",
    "generator": "convert_to_region_cropper.py",
    "labels": [
        "position",
        "left_eye",
        "right_eye",
        "left_cheek",
        "right_cheek",
        "nose_base",
        "left_mouth",
        "right_mouth",
        "bottom_mouth"
    ],
    "regions": [
        {
            "label": 0,
            "probability": 0.999,
            "rect": {
                "bottom": 0.1640625,
                "left": 0.1171875,
                "right": 0.22265625,
                "top": 0.03125
            }
        },
        {
            "label": 2,
            "probability": 0.999,
            "rect": {
                "bottom": 0.101050824,
                "left": 0.15446457,
                "right": 0.15446457,
                "top": 0.101050824
            }
        },
        {
            "label": 5,
            "probability": 0.999,
            "rect": {
                "bottom": 0.13262013,
                "left": 0.16001028,
                "right": 0.16001028,
                "top": 0.13262013
            }
        },
        {
            "label": 8,
            "probability": 0.999,
            "rect": {
                "bottom": 0.15495183,
                "left": 0.16001895,
                "right": 0.16001895,
                "top": 0.15495183
            }
        }
    ]
}