{
    "file_name": "000000217522.jpg",
    "generator": "convert_to_region_cropper.py",
    "labels": [
        "position",
        "left_eye",
        "right_eye",
        "left_cheek",
        "right_cheek",
        "nose_base",
        "left_mouth",
        "right_mouth",
        "bottom_mouth"
    ],
    "regions": [
        {
            "label": 0,
            "probability": 0.999,
            "rect": {
                "bottom": 0.36328125,
                "left": 0.6963563,
                "right": 0.84210527,
                "top": 0.1875
            }
        },
        {
            "label": 1,
            "probability": 0.999,
            "rect": {
                "bottom": 0.28385675,
                "left": 0.79256004,
                "right": 0.79256004,
                "top": 0.28385675
            }
        },
        {
            "label": 4,
            "probability": 0.999,
            "rect": {
                "bottom": 0.29781446,
                "left": 0.8258025,
                "right": 0.8258025,
                "top": 0.29781446
            }
        },
        {
            "label": 8,
            "probability": 0.999,
            "rect": {
                "bottom": 0.33159426,
                "left": 0.77524173,
                "right": 0.77524173,
                "top": 0.33159426
            }
        }
    ]
}