{
    "file_name": "000000449776.jpg",
    "generator": "convert_to_region_cropper.py",
    "labels": [
        "position",
        "left_eye",
        "right_eye",
        "left_cheek",
        "right_cheek",
        "nose_base",
        "left_mouth",
        "right_mouth",
        "bottom_mouth"
    ],
    "regions": [
        {
            "label": 0,
            "probability": 0.999,
            "rect": {
                "bottom": 0.24609375,
                "left": 0.546875,
                "right": 0.66015625,
                "top": 0.10546875
            }
        },
        {
            "label": 1,
            "probability": 0.999,
            "rect": {
                "bottom": 0.1816322,
                "left": 0.62222046,
                "right": 0.62222046,
                "top": 0.1816322
            }
        },
        {
            "label": 5,
            "probability": 0.999,
            "rect": {
                "bottom": 0.20262574,
                "left": 0.60268927,
                "right": 0.60268927,
                "top": 0.20262574
            }
        },
        {
            "label": 7,
            "probability": 0.999,
            "rect": {
                "bottom": 0.21288222,
                "left": 0.58315796,
                "right": 0.58315796,
                "top": 0.21288222
            }
        }
    ]
}