{
    "file_name": "000000118406.jpg",
    "generator": "convert_to_region_cropper.py",
    "labels": [
        "position",
        "left_eye",
        "right_eye",
        "left_cheek",
        "right_cheek",
        "nose_base",
        "left_mouth",
        "right_mouth",
        "bottom_mouth"
    ],
    "regions": [
        {
            "label": 0,
            "probability": 0.999,
            "rect": {
                "bottom": 0.3671875,
                "left": 0.14453125,
                "right": 0.2578125,
                "top": 0.22265625
            }
        },
        {
            "label": 1,
            "probability": 0.999,
            "rect": {
                "bottom": 0.29951575,
                "left": 0.20734084,
                "right": 0.20734084,
                "top": 0.29951575
            }
        },
        {
            "label": 4,
            "probability": 0.999,
            "rect": {
                "bottom": 0.3052082,
                "left": 0.23258421,
                "right": 0.23258421,
                "top": 0.3052082
            }
        },
        {
            "label": 5,
            "probability": 0.999,
            "rect": {
                "bottom": 0.3196062,
                "left": 0.2155352,
                "right": 0.2155352,
                "top": 0.3196062
            }
        }
    ]
}