{
  "generator": "convert_to_region_cropper.py",
  "file_name": "000000023137.jpg",
  "regions": [
    {
      "probability": 0.999,
      "label": 2,
      "rect": {
        "left": 0.45942417,
        "top": 0.6287498,
        "right": 0.45942417,
        "bottom": 0.6287498
      }
    },
    {
      "probability": 0.999,
      "label": 1,
      "rect": {
        "left": 0.4892751,
        "top": 0.62597567,
        "right": 0.4892751,
        "bottom": 0.62597567
      }
    },
    {
      "probability": 0.999,
      "label": 5,
      "rect": {
        "left": 0.47018805,
        "top": 0.66391575,
        "right": 0.47018805,
        "bottom": 0.66391575
      }
    }
  ],
  "created_at": "2018-08-27T06:01:08.921"
}