{
    "file_name": "000000180205.jpg",
    "generator": "convert_to_region_cropper.py",
    "labels": [
        "position",
        "left_eye",
        "right_eye",
        "left_cheek",
        "right_cheek",
        "nose_base",
        "left_mouth",
        "right_mouth",
        "bottom_mouth"
    ],
    "regions": [
        {
            "label": 0,
            "probability": 0.999,
            "rect": {
                "bottom": 0.546875,
                "left": 0.6015625,
                "right": 0.703125,
                "top": 0.38541666
            }
        },
        {
            "label": 1,
            "probability": 0.999,
            "rect": {
                "bottom": 0.47042313,
                "left": 0.67262435,
                "right": 0.67262435,
                "top": 0.47042313
            }
        },
        {
            "label": 2,
            "probability": 0.999,
            "rect": {
                "bottom": 0.4748558,
                "left": 0.63746804,
                "right": 0.63746804,
                "top": 0.4748558
            }
        },
        {
            "label": 5,
            "probability": 0.999,
            "rect": {
                "bottom": 0.49874786,
                "left": 0.65699935,
                "right": 0.65699935,
                "top": 0.49874786
            }
        }
    ]
}