{
    "file_name": "000000159346.jpg",
    "generator": "convert_to_region_cropper.py",
    "labels": [
        "position",
        "left_eye",
        "right_eye",
        "left_cheek",
        "right_cheek",
        "nose_base",
        "left_mouth",
        "right_mouth",
        "bottom_mouth"
    ],
    "regions": [
        {
            "label": 0,
            "probability": 0.999,
            "rect": {
                "bottom": 0.24647887,
                "left": 0.15625,
                "right": 0.25390625,
                "top": 0.02112676
            }
        },
        {
            "label": 2,
            "probability": 0.999,
            "rect": {
                "bottom": 0.1443034,
                "left": 0.20349231,
                "right": 0.20349231,
                "top": 0.1443034
            }
        },
        {
            "label": 3,
            "probability": 0.999,
            "rect": {
                "bottom": 0.15737353,
                "left": 0.18194133,
                "right": 0.18194133,
                "top": 0.15737353
            }
        },
        {
            "label": 5,
            "probability": 0.999,
            "rect": {
                "bottom": 0.17340793,
                "left": 0.20430148,
                "right": 0.20430148,
                "top": 0.17340793
            }
        }
    ]
}