{
    "file_name": "000000513221.jpg",
    "generator": "convert_to_region_cropper.py",
    "labels": [
        "position",
        "left_eye",
        "right_eye",
        "left_cheek",
        "right_cheek",
        "nose_base",
        "left_mouth",
        "right_mouth",
        "bottom_mouth"
    ],
    "regions": [
        {
            "label": 0,
            "probability": 0.999,
            "rect": {
                "bottom": 0.23976608,
                "left": 0.453125,
                "right": 0.55859375,
                "top": 0.046783626
            }
        },
        {
            "label": 2,
            "probability": 0.999,
            "rect": {
                "bottom": 0.15490241,
                "left": 0.4928526,
                "right": 0.4928526,
                "top": 0.15490241
            }
        },
        {
            "label": 3,
            "probability": 0.999,
            "rect": {
                "bottom": 0.17290725,
                "left": 0.4725073,
                "right": 0.4725073,
                "top": 0.17290725
            }
        },
        {
            "label": 8,
            "probability": 0.999,
            "rect": {
                "bottom": 0.19835292,
                "left": 0.5084102,
                "right": 0.5084102,
                "top": 0.19835292
            }
        }
    ]
}