{
  "generator": "convert_to_region_cropper.py",
  "file_name": "000000002755.jpg",
  "regions": [
    {
      "probability": 0.999,
      "label": 0,
      "rect": {
        "left": 0.3203125,
        "top": 0.065789476,
        "right": 0.41796875,
        "bottom": 0.26973686
      }
    },
    {
      "probability": 0.999,
      "label": 1,
      "rect": {
        "left": 0.38673508,
        "top": 0.17448162,
        "right": 0.38673508,
        "bottom": 0.17448162
      }
    },
    {
      "probability": 1.0,
      "label": 0,
      "rect": {
        "left": 0.22753906,
        "top": 0.26891446,
        "right": 0.33691406,
        "bottom": 0.4317434
      }
    },
    {
      "probability": 1.0,
      "label": 0,
      "rect": {
        "left": 0.74902344,
        "top": 0.13240132,
        "right": 0.8515625,
        "bottom": 0.27384868
      }
    }
  ],
  "created_at": "2018-08-27T03:37:51.269"
}