{
    "file_name": "000000263764.jpg",
    "generator": "convert_to_region_cropper.py",
    "labels": [
        "position",
        "left_eye",
        "right_eye",
        "left_cheek",
        "right_cheek",
        "nose_base",
        "left_mouth",
        "right_mouth",
        "bottom_mouth"
    ],
    "regions": [
        {
            "label": 0,
            "probability": 0.999,
            "rect": {
                "bottom": 0.35546875,
                "left": 0.03125,
                "right": 0.2421875,
                "top": 0.08984375
            }
        },
        {
            "label": 2,
            "probability": 0.999,
            "rect": {
                "bottom": 0.23448388,
                "left": 0.1098737,
                "right": 0.1098737,
                "top": 0.23448388
            }
        },
        {
            "label": 3,
            "probability": 0.999,
            "rect": {
                "bottom": 0.25417322,
                "left": 0.06527051,
                "right": 0.06527051,
                "top": 0.25417322
            }
        },
        {
            "label": 7,
            "probability": 0.999,
            "rect": {
                "bottom": 0.2927509,
                "left": 0.09838208,
                "right": 0.09838208,
                "top": 0.2927509
            }
        }
    ]
}