{
    "file_name": "000000067748.jpg",
    "generator": "convert_to_region_cropper.py",
    "labels": [
        "position",
        "left_eye",
        "right_eye",
        "left_cheek",
        "right_cheek",
        "nose_base",
        "left_mouth",
        "right_mouth",
        "bottom_mouth"
    ],
    "regions": [
        {
            "label": 0,
            "probability": 0.999,
            "rect": {
                "bottom": 0.58203125,
                "left": 0.16015625,
                "right": 0.3828125,
                "top": 0.3046875
            }
        },
        {
            "label": 2,
            "probability": 0.999,
            "rect": {
                "bottom": 0.47422472,
                "left": 0.27130324,
                "right": 0.27130324,
                "top": 0.47422472
            }
        },
        {
            "label": 3,
            "probability": 0.999,
            "rect": {
                "bottom": 0.4637167,
                "left": 0.22205327,
                "right": 0.22205327,
                "top": 0.4637167
            }
        },
        {
            "label": 5,
            "probability": 0.999,
            "rect": {
                "bottom": 0.5204873,
                "left": 0.25542936,
                "right": 0.25542936,
                "top": 0.5204873
            }
        }
    ]
}