{
    "file_name": "000000244530.jpg",
    "generator": "convert_to_region_cropper.py",
    "labels": [
        "position",
        "left_eye",
        "right_eye",
        "left_cheek",
        "right_cheek",
        "nose_base",
        "left_mouth",
        "right_mouth",
        "bottom_mouth"
    ],
    "regions": [
        {
            "label": 0,
            "probability": 0.999,
            "rect": {
                "bottom": 0.45833334,
                "left": 0.29296875,
                "right": 0.39453125,
                "top": 0.28125
            }
        },
        {
            "label": 1,
            "probability": 0.999,
            "rect": {
                "bottom": 0.37644076,
                "left": 0.35841194,
                "right": 0.35841194,
                "top": 0.37644076
            }
        },
        {
            "label": 2,
            "probability": 0.999,
            "rect": {
                "bottom": 0.3816334,
                "left": 0.33243302,
                "right": 0.33243302,
                "top": 0.3816334
            }
        },
        {
            "label": 4,
            "probability": 0.999,
            "rect": {
                "bottom": 0.39273366,
                "left": 0.37666762,
                "right": 0.37666762,
                "top": 0.39273366
            }
        }
    ]
}