{
    "file_name": "000000214121.jpg",
    "generator": "convert_to_region_cropper.py",
    "labels": [
        "position",
        "left_eye",
        "right_eye",
        "left_cheek",
        "right_cheek",
        "nose_base",
        "left_mouth",
        "right_mouth",
        "bottom_mouth"
    ],
    "regions": [
        {
            "label": 0,
            "probability": 0.999,
            "rect": {
                "bottom": 0.2578125,
                "left": 0.4140625,
                "right": 0.53515625,
                "top": 0.109375
            }
        },
        {
            "label": 1,
            "probability": 0.999,
            "rect": {
                "bottom": 0.18840575,
                "left": 0.49265084,
                "right": 0.49265084,
                "top": 0.18840575
            }
        },
        {
            "label": 2,
            "probability": 0.999,
            "rect": {
                "bottom": 0.19017757,
                "left": 0.46310377,
                "right": 0.46310377,
                "top": 0.19017757
            }
        },
        {
            "label": 4,
            "probability": 0.999,
            "rect": {
                "bottom": 0.19453482,
                "left": 0.50641114,
                "right": 0.50641114,
                "top": 0.19453482
            }
        }
    ]
}