{
    "file_name": "000000282771.jpg",
    "generator": "convert_to_region_cropper.py",
    "labels": [
        "position",
        "left_eye",
        "right_eye",
        "left_cheek",
        "right_cheek",
        "nose_base",
        "left_mouth",
        "right_mouth",
        "bottom_mouth"
    ],
    "regions": [
        {
            "label": 0,
            "probability": 0.999,
            "rect": {
                "bottom": 0.40625,
                "left": 0.14705883,
                "right": 0.29411766,
                "top": 0.28125
            }
        },
        {
            "label": 2,
            "probability": 0.999,
            "rect": {
                "bottom": 0.3503721,
                "left": 0.2190111,
                "right": 0.2190111,
                "top": 0.3503721
            }
        },
        {
            "label": 3,
            "probability": 0.999,
            "rect": {
                "bottom": 0.35257712,
                "left": 0.18802038,
                "right": 0.18802038,
                "top": 0.35257712
            }
        },
        {
            "label": 5,
            "probability": 0.999,
            "rect": {
                "bottom": 0.37297925,
                "left": 0.20893642,
                "right": 0.20893642,
                "top": 0.37297925
            }
        }
    ]
}