{
    "file_name": "000000484467.jpg",
    "generator": "convert_to_region_cropper.py",
    "labels": [
        "position",
        "left_eye",
        "right_eye",
        "left_cheek",
        "right_cheek",
        "nose_base",
        "left_mouth",
        "right_mouth",
        "bottom_mouth"
    ],
    "regions": [
        {
            "label": 0,
            "probability": 0.999,
            "rect": {
                "bottom": 0.26953125,
                "left": 0.67578125,
                "right": 0.83984375,
                "top": 0.0625
            }
        },
        {
            "label": 4,
            "probability": 0.999,
            "rect": {
                "bottom": 0.18323986,
                "left": 0.8426079,
                "right": 0.8426079,
                "top": 0.18323986
            }
        },
        {
            "label": 5,
            "probability": 0.999,
            "rect": {
                "bottom": 0.19950339,
                "left": 0.75937194,
                "right": 0.75937194,
                "top": 0.19950339
            }
        },
        {
            "label": 6,
            "probability": 0.999,
            "rect": {
                "bottom": 0.2091069,
                "left": 0.7682695,
                "right": 0.7682695,
                "top": 0.2091069
            }
        }
    ]
}