{
    "file_name": "000000578866.jpg",
    "generator": "convert_to_region_cropper.py",
    "labels": [
        "position",
        "left_eye",
        "right_eye",
        "left_cheek",
        "right_cheek",
        "nose_base",
        "left_mouth",
        "right_mouth",
        "bottom_mouth"
    ],
    "regions": [
        {
            "label": 0,
            "probability": 0.999,
            "rect": {
                "bottom": 0.22265625,
                "left": 0.40588236,
                "right": 0.5882353,
                "top": 0.0703125
            }
        },
        {
            "label": 2,
            "probability": 0.999,
            "rect": {
                "bottom": 0.1531144,
                "left": 0.4747326,
                "right": 0.4747326,
                "top": 0.1531144
            }
        },
        {
            "label": 3,
            "probability": 0.999,
            "rect": {
                "bottom": 0.16140056,
                "left": 0.44174284,
                "right": 0.44174284,
                "top": 0.16140056
            }
        },
        {
            "label": 7,
            "probability": 0.999,
            "rect": {
                "bottom": 0.1855053,
                "left": 0.4842322,
                "right": 0.4842322,
                "top": 0.1855053
            }
        }
    ]
}