{
    "file_name": "000000477408.jpg",
    "generator": "convert_to_region_cropper.py",
    "labels": [
        "position",
        "left_eye",
        "right_eye",
        "left_cheek",
        "right_cheek",
        "nose_base",
        "left_mouth",
        "right_mouth",
        "bottom_mouth"
    ],
    "regions": [
        {
            "label": 0,
            "probability": 0.999,
            "rect": {
                "bottom": 0.359375,
                "left": 0.2578125,
                "right": 0.4765625,
                "top": 0.0859375
            }
        },
        {
            "label": 2,
            "probability": 0.999,
            "rect": {
                "bottom": 0.23632105,
                "left": 0.34761527,
                "right": 0.34761527,
                "top": 0.23632105
            }
        },
        {
            "label": 3,
            "probability": 0.999,
            "rect": {
                "bottom": 0.2500002,
                "left": 0.29916838,
                "right": 0.29916838,
                "top": 0.2500002
            }
        },
        {
            "label": 7,
            "probability": 0.999,
            "rect": {
                "bottom": 0.30697346,
                "left": 0.3356198,
                "right": 0.3356198,
                "top": 0.30697346
            }
        }
    ]
}