{
  "generator": "convert_to_region_cropper.py",
  "file_name": "000000016283.jpg",
  "regions": [
    {
      "probability": 1.0,
      "label": 0,
      "rect": {
        "left": 0.21086037,
        "top": 0.045133993,
        "right": 0.2912553,
        "bottom": 0.13681242
      }
    },
    {
      "probability": 0.999,
      "label": 0,
      "rect": {
        "left": 0.34375,
        "top": 0.0234375,
        "right": 0.45703125,
        "bottom": 0.1640625
      }
    },
    {
      "probability": 0.999,
      "label": 1,
      "rect": {
        "left": 0.40345076,
        "top": 0.08557696,
        "right": 0.40345076,
        "bottom": 0.08557696
      }
    },
    {
      "probability": 0.999,
      "label": 4,
      "rect": {
        "left": 0.42776644,
        "top": 0.09895314,
        "right": 0.42776644,
        "bottom": 0.09895314
      }
    }
  ],
  "created_at": "2018-08-27T03:54:20.372"
}