{
    "file_name": "000000144179.jpg",
    "generator": "convert_to_region_cropper.py",
    "labels": [
        "position",
        "left_eye",
        "right_eye",
        "left_cheek",
        "right_cheek",
        "nose_base",
        "left_mouth",
        "right_mouth",
        "bottom_mouth"
    ],
    "regions": [
        {
            "label": 0,
            "probability": 0.999,
            "rect": {
                "bottom": 0.38036808,
                "left": 0.44140625,
                "right": 0.53515625,
                "top": 0.20245399
            }
        },
        {
            "label": 1,
            "probability": 0.999,
            "rect": {
                "bottom": 0.30037335,
                "left": 0.506784,
                "right": 0.506784,
                "top": 0.30037335
            }
        },
        {
            "label": 2,
            "probability": 0.999,
            "rect": {
                "bottom": 0.30493176,
                "left": 0.47414762,
                "right": 0.47414762,
                "top": 0.30493176
            }
        },
        {
            "label": 4,
            "probability": 0.999,
            "rect": {
                "bottom": 0.32947165,
                "left": 0.5053976,
                "right": 0.5053976,
                "top": 0.32947165
            }
        }
    ]
}