{
    "file_name": "000000521008.jpg",
    "generator": "convert_to_region_cropper.py",
    "labels": [
        "position",
        "left_eye",
        "right_eye",
        "left_cheek",
        "right_cheek",
        "nose_base",
        "left_mouth",
        "right_mouth",
        "bottom_mouth"
    ],
    "regions": [
        {
            "label": 0,
            "probability": 0.999,
            "rect": {
                "bottom": 0.22265625,
                "left": 0.37890625,
                "right": 0.48046875,
                "top": 0.09375
            }
        },
        {
            "label": 1,
            "probability": 0.999,
            "rect": {
                "bottom": 0.16909522,
                "left": 0.4405922,
                "right": 0.4405922,
                "top": 0.16909522
            }
        },
        {
            "label": 2,
            "probability": 0.999,
            "rect": {
                "bottom": 0.16421604,
                "left": 0.41399255,
                "right": 0.41399255,
                "top": 0.16421604
            }
        },
        {
            "label": 3,
            "probability": 0.999,
            "rect": {
                "bottom": 0.17964803,
                "left": 0.40263692,
                "right": 0.40263692,
                "top": 0.17964803
            }
        }
    ]
}