{
    "file_name": "000000087501.jpg",
    "generator": "convert_to_region_cropper.py",
    "labels": [
        "position",
        "left_eye",
        "right_eye",
        "left_cheek",
        "right_cheek",
        "nose_base",
        "left_mouth",
        "right_mouth",
        "bottom_mouth"
    ],
    "regions": [
        {
            "label": 0,
            "probability": 0.999,
            "rect": {
                "bottom": 0.296875,
                "left": 0.1796875,
                "right": 0.33203125,
                "top": 0.109375
            }
        },
        {
            "label": 1,
            "probability": 0.999,
            "rect": {
                "bottom": 0.21184269,
                "left": 0.28400236,
                "right": 0.28400236,
                "top": 0.21184269
            }
        },
        {
            "label": 2,
            "probability": 0.999,
            "rect": {
                "bottom": 0.20864047,
                "left": 0.22937126,
                "right": 0.22937126,
                "top": 0.20864047
            }
        },
        {
            "label": 4,
            "probability": 0.999,
            "rect": {
                "bottom": 0.2261743,
                "left": 0.28365886,
                "right": 0.28365886,
                "top": 0.2261743
            }
        }
    ]
}