{
    "file_name": "000000103058.jpg",
    "generator": "convert_to_region_cropper.py",
    "labels": [
        "position",
        "left_eye",
        "right_eye",
        "left_cheek",
        "right_cheek",
        "nose_base",
        "left_mouth",
        "right_mouth",
        "bottom_mouth"
    ],
    "regions": [
        {
            "label": 0,
            "probability": 0.999,
            "rect": {
                "bottom": 0.3359375,
                "left": 0.8359375,
                "right": 0.984375,
                "top": 0.14453125
            }
        },
        {
            "label": 1,
            "probability": 0.999,
            "rect": {
                "bottom": 0.24848443,
                "left": 0.93696254,
                "right": 0.93696254,
                "top": 0.24848443
            }
        },
        {
            "label": 2,
            "probability": 0.999,
            "rect": {
                "bottom": 0.24535863,
                "left": 0.9036889,
                "right": 0.9036889,
                "top": 0.24535863
            }
        },
        {
            "label": 4,
            "probability": 0.999,
            "rect": {
                "bottom": 0.2670722,
                "left": 0.9571943,
                "right": 0.9571943,
                "top": 0.2670722
            }
        }
    ]
}