{
    "file_name": "000000292206.jpg",
    "generator": "convert_to_region_cropper.py",
    "labels": [
        "position",
        "left_eye",
        "right_eye",
        "left_cheek",
        "right_cheek",
        "nose_base",
        "left_mouth",
        "right_mouth",
        "bottom_mouth"
    ],
    "regions": [
        {
            "label": 0,
            "probability": 0.999,
            "rect": {
                "bottom": 0.29296875,
                "left": 0.35546875,
                "right": 0.453125,
                "top": 0.171875
            }
        },
        {
            "label": 1,
            "probability": 0.999,
            "rect": {
                "bottom": 0.2359019,
                "left": 0.41721854,
                "right": 0.41721854,
                "top": 0.2359019
            }
        },
        {
            "label": 4,
            "probability": 0.999,
            "rect": {
                "bottom": 0.24344897,
                "left": 0.44028223,
                "right": 0.44028223,
                "top": 0.24344897
            }
        },
        {
            "label": 6,
            "probability": 0.999,
            "rect": {
                "bottom": 0.2672053,
                "left": 0.4183538,
                "right": 0.4183538,
                "top": 0.2672053
            }
        }
    ]
}