{
    "file_name": "000000579697.jpg",
    "generator": "convert_to_region_cropper.py",
    "labels": [
        "position",
        "left_eye",
        "right_eye",
        "left_cheek",
        "right_cheek",
        "nose_base",
        "left_mouth",
        "right_mouth",
        "bottom_mouth"
    ],
    "regions": [
        {
            "label": 0,
            "probability": 0.999,
            "rect": {
                "bottom": 0.3448276,
                "left": 0.7734375,
                "right": 0.87890625,
                "top": 0.15517241
            }
        },
        {
            "label": 2,
            "probability": 0.999,
            "rect": {
                "bottom": 0.26946178,
                "left": 0.8167334,
                "right": 0.8167334,
                "top": 0.26946178
            }
        },
        {
            "label": 4,
            "probability": 0.999,
            "rect": {
                "bottom": 0.27423325,
                "left": 0.86360854,
                "right": 0.86360854,
                "top": 0.27423325
            }
        },
        {
            "label": 8,
            "probability": 0.999,
            "rect": {
                "bottom": 0.30252686,
                "left": 0.82423073,
                "right": 0.82423073,
                "top": 0.30252686
            }
        }
    ]
}