{
    "file_name": "000000351345.jpg",
    "generator": "convert_to_region_cropper.py",
    "labels": [
        "position",
        "left_eye",
        "right_eye",
        "left_cheek",
        "right_cheek",
        "nose_base",
        "left_mouth",
        "right_mouth",
        "bottom_mouth"
    ],
    "regions": [
        {
            "label": 0,
            "probability": 0.999,
            "rect": {
                "bottom": 0.5546875,
                "left": 0.37890625,
                "right": 0.5703125,
                "top": 0.3203125
            }
        },
        {
            "label": 1,
            "probability": 0.999,
            "rect": {
                "bottom": 0.44872916,
                "left": 0.48562688,
                "right": 0.48562688,
                "top": 0.44872916
            }
        },
        {
            "label": 4,
            "probability": 0.999,
            "rect": {
                "bottom": 0.45335847,
                "left": 0.53622156,
                "right": 0.53622156,
                "top": 0.45335847
            }
        },
        {
            "label": 6,
            "probability": 0.999,
            "rect": {
                "bottom": 0.49941304,
                "left": 0.50437295,
                "right": 0.50437295,
                "top": 0.49941304
            }
        }
    ]
}