{
    "file_name": "000000425481.jpg",
    "generator": "convert_to_region_cropper.py",
    "labels": [
        "position",
        "left_eye",
        "right_eye",
        "left_cheek",
        "right_cheek",
        "nose_base",
        "left_mouth",
        "right_mouth",
        "bottom_mouth"
    ],
    "regions": [
        {
            "label": 0,
            "probability": 0.999,
            "rect": {
                "bottom": 0.29296875,
                "left": 0.46875,
                "right": 0.58984375,
                "top": 0.14453125
            }
        },
        {
            "label": 2,
            "probability": 0.999,
            "rect": {
                "bottom": 0.22305398,
                "left": 0.51063496,
                "right": 0.51063496,
                "top": 0.22305398
            }
        },
        {
            "label": 5,
            "probability": 0.999,
            "rect": {
                "bottom": 0.25301278,
                "left": 0.5333083,
                "right": 0.5333083,
                "top": 0.25301278
            }
        },
        {
            "label": 7,
            "probability": 0.999,
            "rect": {
                "bottom": 0.2592564,
                "left": 0.5137531,
                "right": 0.5137531,
                "top": 0.2592564
            }
        }
    ]
}