{
    "file_name": "000000459824.jpg",
    "generator": "convert_to_region_cropper.py",
    "labels": [
        "position",
        "left_eye",
        "right_eye",
        "left_cheek",
        "right_cheek",
        "nose_base",
        "left_mouth",
        "right_mouth",
        "bottom_mouth"
    ],
    "regions": [
        {
            "label": 0,
            "probability": 0.999,
            "rect": {
                "bottom": 0.37890625,
                "left": 0.43229166,
                "right": 0.578125,
                "top": 0.2421875
            }
        },
        {
            "label": 1,
            "probability": 0.999,
            "rect": {
                "bottom": 0.31728274,
                "left": 0.5254768,
                "right": 0.5254768,
                "top": 0.31728274
            }
        },
        {
            "label": 2,
            "probability": 0.999,
            "rect": {
                "bottom": 0.31923047,
                "left": 0.48727962,
                "right": 0.48727962,
                "top": 0.31923047
            }
        },
        {
            "label": 5,
            "probability": 0.999,
            "rect": {
                "bottom": 0.35045817,
                "left": 0.51587385,
                "right": 0.51587385,
                "top": 0.35045817
            }
        }
    ]
}