{
    "file_name": "000000379034.jpg",
    "generator": "convert_to_region_cropper.py",
    "labels": [
        "position",
        "left_eye",
        "right_eye",
        "left_cheek",
        "right_cheek",
        "nose_base",
        "left_mouth",
        "right_mouth",
        "bottom_mouth"
    ],
    "regions": [
        {
            "label": 0,
            "probability": 0.999,
            "rect": {
                "bottom": 0.4765625,
                "left": 0.59765625,
                "right": 0.7421875,
                "top": 0.296875
            }
        },
        {
            "label": 1,
            "probability": 0.999,
            "rect": {
                "bottom": 0.395827,
                "left": 0.69021136,
                "right": 0.69021136,
                "top": 0.395827
            }
        },
        {
            "label": 4,
            "probability": 0.999,
            "rect": {
                "bottom": 0.42040727,
                "left": 0.72674143,
                "right": 0.72674143,
                "top": 0.42040727
            }
        },
        {
            "label": 0,
            "probability": 0.999,
            "rect": {
                "bottom": 0.42578125,
                "left": 0.48046875,
                "right": 0.5859375,
                "top": 0.30078125
            }
        }
    ]
}