{
    "file_name": "000000426663.jpg",
    "generator": "convert_to_region_cropper.py",
    "labels": [
        "position",
        "left_eye",
        "right_eye",
        "left_cheek",
        "right_cheek",
        "nose_base",
        "left_mouth",
        "right_mouth",
        "bottom_mouth"
    ],
    "regions": [
        {
            "label": 0,
            "probability": 0.999,
            "rect": {
                "bottom": 0.40104166,
                "left": 0.1875,
                "right": 0.30078125,
                "top": 0.20833333
            }
        },
        {
            "label": 2,
            "probability": 0.999,
            "rect": {
                "bottom": 0.31003556,
                "left": 0.22988008,
                "right": 0.22988008,
                "top": 0.31003556
            }
        },
        {
            "label": 3,
            "probability": 0.999,
            "rect": {
                "bottom": 0.31971315,
                "left": 0.20884462,
                "right": 0.20884462,
                "top": 0.31971315
            }
        },
        {
            "label": 5,
            "probability": 0.999,
            "rect": {
                "bottom": 0.344884,
                "left": 0.23618838,
                "right": 0.23618838,
                "top": 0.344884
            }
        }
    ]
}