{
    "file_name": "000000246390.jpg",
    "generator": "convert_to_region_cropper.py",
    "labels": [
        "position",
        "left_eye",
        "right_eye",
        "left_cheek",
        "right_cheek",
        "nose_base",
        "left_mouth",
        "right_mouth",
        "bottom_mouth"
    ],
    "regions": [
        {
            "label": 0,
            "probability": 0.999,
            "rect": {
                "bottom": 0.34765625,
                "left": 0.734375,
                "right": 0.85546875,
                "top": 0.1953125
            }
        },
        {
            "label": 1,
            "probability": 0.999,
            "rect": {
                "bottom": 0.2768231,
                "left": 0.80885583,
                "right": 0.80885583,
                "top": 0.2768231
            }
        },
        {
            "label": 5,
            "probability": 0.999,
            "rect": {
                "bottom": 0.30509135,
                "left": 0.8025111,
                "right": 0.8025111,
                "top": 0.30509135
            }
        },
        {
            "label": 8,
            "probability": 0.999,
            "rect": {
                "bottom": 0.33136305,
                "left": 0.80326414,
                "right": 0.80326414,
                "top": 0.33136305
            }
        }
    ]
}