{
    "file_name": "000000105282.jpg",
    "generator": "convert_to_region_cropper.py",
    "labels": [
        "position",
        "left_eye",
        "right_eye",
        "left_cheek",
        "right_cheek",
        "nose_base",
        "left_mouth",
        "right_mouth",
        "bottom_mouth"
    ],
    "regions": [
        {
            "label": 0,
            "probability": 0.999,
            "rect": {
                "bottom": 0.18359375,
                "left": 0.390625,
                "right": 0.51953125,
                "top": 0.0234375
            }
        },
        {
            "label": 1,
            "probability": 0.999,
            "rect": {
                "bottom": 0.108171806,
                "left": 0.47506323,
                "right": 0.47506323,
                "top": 0.108171806
            }
        },
        {
            "label": 2,
            "probability": 0.999,
            "rect": {
                "bottom": 0.10904391,
                "left": 0.4300597,
                "right": 0.4300597,
                "top": 0.10904391
            }
        },
        {
            "label": 4,
            "probability": 0.999,
            "rect": {
                "bottom": 0.12585275,
                "left": 0.4781479,
                "right": 0.4781479,
                "top": 0.12585275
            }
        }
    ]
}