{
    "file_name": "000000416549.jpg",
    "generator": "convert_to_region_cropper.py",
    "labels": [
        "position",
        "left_eye",
        "right_eye",
        "left_cheek",
        "right_cheek",
        "nose_base",
        "left_mouth",
        "right_mouth",
        "bottom_mouth"
    ],
    "regions": [
        {
            "label": 0,
            "probability": 0.999,
            "rect": {
                "bottom": 0.33203125,
                "left": 0.46484375,
                "right": 0.578125,
                "top": 0.19140625
            }
        },
        {
            "label": 1,
            "probability": 0.999,
            "rect": {
                "bottom": 0.27071822,
                "left": 0.54221857,
                "right": 0.54221857,
                "top": 0.27071822
            }
        },
        {
            "label": 2,
            "probability": 0.999,
            "rect": {
                "bottom": 0.26899853,
                "left": 0.5079283,
                "right": 0.5079283,
                "top": 0.26899853
            }
        },
        {
            "label": 3,
            "probability": 0.999,
            "rect": {
                "bottom": 0.27925757,
                "left": 0.47802284,
                "right": 0.47802284,
                "top": 0.27925757
            }
        }
    ]
}