{
    "file_name": "000000552052.jpg",
    "generator": "convert_to_region_cropper.py",
    "labels": [
        "position",
        "left_eye",
        "right_eye",
        "left_cheek",
        "right_cheek",
        "nose_base",
        "left_mouth",
        "right_mouth",
        "bottom_mouth"
    ],
    "regions": [
        {
            "label": 0,
            "probability": 0.999,
            "rect": {
                "bottom": 0.35546875,
                "left": 0.42578125,
                "right": 0.5390625,
                "top": 0.21484375
            }
        },
        {
            "label": 1,
            "probability": 0.999,
            "rect": {
                "bottom": 0.29130375,
                "left": 0.50729406,
                "right": 0.50729406,
                "top": 0.29130375
            }
        },
        {
            "label": 4,
            "probability": 0.999,
            "rect": {
                "bottom": 0.30562717,
                "left": 0.52097416,
                "right": 0.52097416,
                "top": 0.30562717
            }
        },
        {
            "label": 6,
            "probability": 0.999,
            "rect": {
                "bottom": 0.32649118,
                "left": 0.5036793,
                "right": 0.5036793,
                "top": 0.32649118
            }
        }
    ]
}