{
    "file_name": "000000441734.jpg",
    "generator": "convert_to_region_cropper.py",
    "labels": [
        "position",
        "left_eye",
        "right_eye",
        "left_cheek",
        "right_cheek",
        "nose_base",
        "left_mouth",
        "right_mouth",
        "bottom_mouth"
    ],
    "regions": [
        {
            "label": 0,
            "probability": 0.999,
            "rect": {
                "bottom": 0.52734375,
                "left": 0.4296875,
                "right": 0.54296875,
                "top": 0.3828125
            }
        },
        {
            "label": 1,
            "probability": 0.999,
            "rect": {
                "bottom": 0.4575843,
                "left": 0.5087074,
                "right": 0.5087074,
                "top": 0.4575843
            }
        },
        {
            "label": 2,
            "probability": 0.999,
            "rect": {
                "bottom": 0.4644484,
                "left": 0.4819133,
                "right": 0.4819133,
                "top": 0.4644484
            }
        },
        {
            "label": 4,
            "probability": 0.999,
            "rect": {
                "bottom": 0.47143167,
                "left": 0.52571523,
                "right": 0.52571523,
                "top": 0.47143167
            }
        }
    ]
}