{
  "generator": "convert_to_region_cropper.py",
  "file_name": "000000027562.jpg",
  "regions": [
    {
      "probability": 0.999,
      "label": 0,
      "rect": {
        "left": 0.44140625,
        "top": 0.20917338,
        "right": 0.6015625,
        "bottom": 0.44880474
      }
    },
    {
      "probability": 0.999,
      "label": 1,
      "rect": {
        "left": 0.48876068,
        "top": 0.33504033,
        "right": 0.48876068,
        "bottom": 0.33504033
      }
    },
    {
      "probability": 0.999,
      "label": 6,
      "rect": {
        "left": 0.48882967,
        "top": 0.38036957,
        "right": 0.48882967,
        "bottom": 0.38036957
      }
    },
    {
      "probability": 0.999,
      "label": 4,
      "rect": {
        "left": 0.52380943,
        "top": 0.34563747,
        "right": 0.52380943,
        "bottom": 0.34563747
      }
    }
  ],
  "created_at": "2018-08-27T06:13:04.632"
}