{
    "file_name": "000000357317.jpg",
    "generator": "convert_to_region_cropper.py",
    "labels": [
        "position",
        "left_eye",
        "right_eye",
        "left_cheek",
        "right_cheek",
        "nose_base",
        "left_mouth",
        "right_mouth",
        "bottom_mouth"
    ],
    "regions": [
        {
            "label": 0,
            "probability": 0.999,
            "rect": {
                "bottom": 0.37109375,
                "left": 0.48046875,
                "right": 0.58203125,
                "top": 0.2421875
            }
        },
        {
            "label": 2,
            "probability": 0.999,
            "rect": {
                "bottom": 0.31457832,
                "left": 0.52630574,
                "right": 0.52630574,
                "top": 0.31457832
            }
        },
        {
            "label": 3,
            "probability": 0.999,
            "rect": {
                "bottom": 0.33047867,
                "left": 0.5067355,
                "right": 0.5067355,
                "top": 0.33047867
            }
        },
        {
            "label": 7,
            "probability": 0.999,
            "rect": {
                "bottom": 0.34947175,
                "left": 0.52859,
                "right": 0.52859,
                "top": 0.34947175
            }
        }
    ]
}