{
    "file_name": "000000427113.jpg",
    "generator": "convert_to_region_cropper.py",
    "labels": [
        "position",
        "left_eye",
        "right_eye",
        "left_cheek",
        "right_cheek",
        "nose_base",
        "left_mouth",
        "right_mouth",
        "bottom_mouth"
    ],
    "regions": [
        {
            "label": 0,
            "probability": 0.999,
            "rect": {
                "bottom": 0.3125,
                "left": 0.24609375,
                "right": 0.4140625,
                "top": 0.1015625
            }
        },
        {
            "label": 5,
            "probability": 0.999,
            "rect": {
                "bottom": 0.25247097,
                "left": 0.33387026,
                "right": 0.33387026,
                "top": 0.25247097
            }
        },
        {
            "label": 6,
            "probability": 0.999,
            "rect": {
                "bottom": 0.26429218,
                "left": 0.36117965,
                "right": 0.36117965,
                "top": 0.26429218
            }
        },
        {
            "label": 8,
            "probability": 0.999,
            "rect": {
                "bottom": 0.28147405,
                "left": 0.3366259,
                "right": 0.3366259,
                "top": 0.28147405
            }
        }
    ]
}