{
    "file_name": "000000287718.jpg",
    "generator": "convert_to_region_cropper.py",
    "labels": [
        "position",
        "left_eye",
        "right_eye",
        "left_cheek",
        "right_cheek",
        "nose_base",
        "left_mouth",
        "right_mouth",
        "bottom_mouth"
    ],
    "regions": [
        {
            "label": 0,
            "probability": 0.999,
            "rect": {
                "bottom": 0.2529412,
                "left": 0.46484375,
                "right": 0.56640625,
                "top": 0.05882353
            }
        },
        {
            "label": 2,
            "probability": 0.999,
            "rect": {
                "bottom": 0.16689733,
                "left": 0.50347644,
                "right": 0.50347644,
                "top": 0.16689733
            }
        },
        {
            "label": 3,
            "probability": 0.999,
            "rect": {
                "bottom": 0.17842118,
                "left": 0.48276886,
                "right": 0.48276886,
                "top": 0.17842118
            }
        },
        {
            "label": 7,
            "probability": 0.999,
            "rect": {
                "bottom": 0.21004428,
                "left": 0.49937811,
                "right": 0.49937811,
                "top": 0.21004428
            }
        }
    ]
}