{
    "file_name": "000000568107.jpg",
    "generator": "convert_to_region_cropper.py",
    "labels": [
        "position",
        "left_eye",
        "right_eye",
        "left_cheek",
        "right_cheek",
        "nose_base",
        "left_mouth",
        "right_mouth",
        "bottom_mouth"
    ],
    "regions": [
        {
            "label": 0,
            "probability": 0.999,
            "rect": {
                "bottom": 0.66015625,
                "left": 0.47265625,
                "right": 0.58203125,
                "top": 0.52734375
            }
        },
        {
            "label": 4,
            "probability": 0.999,
            "rect": {
                "bottom": 0.60885185,
                "left": 0.5601748,
                "right": 0.5601748,
                "top": 0.60885185
            }
        },
        {
            "label": 7,
            "probability": 0.999,
            "rect": {
                "bottom": 0.6316218,
                "left": 0.52034265,
                "right": 0.52034265,
                "top": 0.6316218
            }
        },
        {
            "label": 8,
            "probability": 0.999,
            "rect": {
                "bottom": 0.63912225,
                "left": 0.531875,
                "right": 0.531875,
                "top": 0.63912225
            }
        }
    ]
}