{
    "file_name": "000000517147.jpg",
    "generator": "convert_to_region_cropper.py",
    "labels": [
        "position",
        "left_eye",
        "right_eye",
        "left_cheek",
        "right_cheek",
        "nose_base",
        "left_mouth",
        "right_mouth",
        "bottom_mouth"
    ],
    "regions": [
        {
            "label": 0,
            "probability": 0.999,
            "rect": {
                "bottom": 0.26953125,
                "left": 0.4921875,
                "right": 0.62109375,
                "top": 0.109375
            }
        },
        {
            "label": 1,
            "probability": 0.999,
            "rect": {
                "bottom": 0.19297142,
                "left": 0.5860582,
                "right": 0.5860582,
                "top": 0.19297142
            }
        },
        {
            "label": 2,
            "probability": 0.999,
            "rect": {
                "bottom": 0.20192559,
                "left": 0.5520936,
                "right": 0.5520936,
                "top": 0.20192559
            }
        },
        {
            "label": 3,
            "probability": 0.999,
            "rect": {
                "bottom": 0.21818592,
                "left": 0.5336885,
                "right": 0.5336885,
                "top": 0.21818592
            }
        }
    ]
}