{
    "file_name": "000000154145.jpg",
    "generator": "convert_to_region_cropper.py",
    "labels": [
        "position",
        "left_eye",
        "right_eye",
        "left_cheek",
        "right_cheek",
        "nose_base",
        "left_mouth",
        "right_mouth",
        "bottom_mouth"
    ],
    "regions": [
        {
            "label": 0,
            "probability": 0.999,
            "rect": {
                "bottom": 0.23046875,
                "left": 0.5390625,
                "right": 0.68359375,
                "top": 0.046875
            }
        },
        {
            "label": 1,
            "probability": 0.999,
            "rect": {
                "bottom": 0.14785612,
                "left": 0.6266515,
                "right": 0.6266515,
                "top": 0.14785612
            }
        },
        {
            "label": 2,
            "probability": 0.999,
            "rect": {
                "bottom": 0.14665672,
                "left": 0.6002546,
                "right": 0.6002546,
                "top": 0.14665672
            }
        },
        {
            "label": 4,
            "probability": 0.999,
            "rect": {
                "bottom": 0.15528868,
                "left": 0.65088236,
                "right": 0.65088236,
                "top": 0.15528868
            }
        }
    ]
}