{
  "generator": "convert_to_region_cropper.py",
  "file_name": "000000019552.jpg",
  "regions": [
    {
      "probability": 0.999,
      "label": 0,
      "rect": {
        "left": 0.4765625,
        "top": 0.28515625,
        "right": 0.5703125,
        "bottom": 0.40625
      }
    },
    {
      "probability": 0.999,
      "label": 1,
      "rect": {
        "left": 0.5295925,
        "top": 0.3500937,
        "right": 0.5295925,
        "bottom": 0.3500937
      }
    },
    {
      "probability": 0.999,
      "label": 4,
      "rect": {
        "left": 0.54531795,
        "top": 0.36564758,
        "right": 0.54531795,
        "bottom": 0.36564758
      }
    },
    {
      "probability": 1.0,
      "label": 0,
      "rect": {
        "left": 0.7232434,
        "top": 0.03526093,
        "right": 0.81448203,
        "bottom": 0.1100141
      }
    }
  ],
  "created_at": "2018-08-27T05:52:16.97"
}