{
    "file_name": "000000556176.jpg",
    "generator": "convert_to_region_cropper.py",
    "labels": [
        "position",
        "left_eye",
        "right_eye",
        "left_cheek",
        "right_cheek",
        "nose_base",
        "left_mouth",
        "right_mouth",
        "bottom_mouth"
    ],
    "regions": [
        {
            "label": 0,
            "probability": 0.999,
            "rect": {
                "bottom": 0.44921875,
                "left": 0.7265625,
                "right": 0.88671875,
                "top": 0.25
            }
        },
        {
            "label": 1,
            "probability": 0.999,
            "rect": {
                "bottom": 0.36315206,
                "left": 0.8263164,
                "right": 0.8263164,
                "top": 0.36315206
            }
        },
        {
            "label": 4,
            "probability": 0.999,
            "rect": {
                "bottom": 0.36838558,
                "left": 0.85747457,
                "right": 0.85747457,
                "top": 0.36838558
            }
        },
        {
            "label": 6,
            "probability": 0.999,
            "rect": {
                "bottom": 0.40984148,
                "left": 0.82815737,
                "right": 0.82815737,
                "top": 0.40984148
            }
        }
    ]
}