{
    "file_name": "000000303260.jpg",
    "generator": "convert_to_region_cropper.py",
    "labels": [
        "position",
        "left_eye",
        "right_eye",
        "left_cheek",
        "right_cheek",
        "nose_base",
        "left_mouth",
        "right_mouth",
        "bottom_mouth"
    ],
    "regions": [
        {
            "label": 0,
            "probability": 0.999,
            "rect": {
                "bottom": 0.33203125,
                "left": 0.1875,
                "right": 0.3359375,
                "top": 0.1484375
            }
        },
        {
            "label": 1,
            "probability": 0.999,
            "rect": {
                "bottom": 0.24626806,
                "left": 0.28666654,
                "right": 0.28666654,
                "top": 0.24626806
            }
        },
        {
            "label": 5,
            "probability": 0.999,
            "rect": {
                "bottom": 0.28547716,
                "left": 0.27807608,
                "right": 0.27807608,
                "top": 0.28547716
            }
        },
        {
            "label": 7,
            "probability": 0.999,
            "rect": {
                "bottom": 0.3122122,
                "left": 0.26066506,
                "right": 0.26066506,
                "top": 0.3122122
            }
        }
    ]
}