{
    "file_name": "000000217465.jpg",
    "generator": "convert_to_region_cropper.py",
    "labels": [
        "position",
        "left_eye",
        "right_eye",
        "left_cheek",
        "right_cheek",
        "nose_base",
        "left_mouth",
        "right_mouth",
        "bottom_mouth"
    ],
    "regions": [
        {
            "label": 0,
            "probability": 0.999,
            "rect": {
                "bottom": 0.2421875,
                "left": 0.43243244,
                "right": 0.5783784,
                "top": 0.109375
            }
        },
        {
            "label": 2,
            "probability": 0.999,
            "rect": {
                "bottom": 0.18189368,
                "left": 0.4860478,
                "right": 0.4860478,
                "top": 0.18189368
            }
        },
        {
            "label": 3,
            "probability": 0.999,
            "rect": {
                "bottom": 0.19906625,
                "left": 0.46054304,
                "right": 0.46054304,
                "top": 0.19906625
            }
        },
        {
            "label": 7,
            "probability": 0.999,
            "rect": {
                "bottom": 0.2092241,
                "left": 0.4982673,
                "right": 0.4982673,
                "top": 0.2092241
            }
        }
    ]
}