{
    "file_name": "000000251754.jpg",
    "generator": "convert_to_region_cropper.py",
    "labels": [
        "position",
        "left_eye",
        "right_eye",
        "left_cheek",
        "right_cheek",
        "nose_base",
        "left_mouth",
        "right_mouth",
        "bottom_mouth"
    ],
    "regions": [
        {
            "label": 0,
            "probability": 0.999,
            "rect": {
                "bottom": 0.21484375,
                "left": 0.67578125,
                "right": 0.76953125,
                "top": 0.1015625
            }
        },
        {
            "label": 5,
            "probability": 0.999,
            "rect": {
                "bottom": 0.18402328,
                "left": 0.72445095,
                "right": 0.72445095,
                "top": 0.18402328
            }
        },
        {
            "label": 6,
            "probability": 0.999,
            "rect": {
                "bottom": 0.19390386,
                "left": 0.73863506,
                "right": 0.73863506,
                "top": 0.19390386
            }
        },
        {
            "label": 8,
            "probability": 0.999,
            "rect": {
                "bottom": 0.20229341,
                "left": 0.72796047,
                "right": 0.72796047,
                "top": 0.20229341
            }
        }
    ]
}