{
    "file_name": "000000363673.jpg",
    "generator": "convert_to_region_cropper.py",
    "labels": [
        "position",
        "left_eye",
        "right_eye",
        "left_cheek",
        "right_cheek",
        "nose_base",
        "left_mouth",
        "right_mouth",
        "bottom_mouth"
    ],
    "regions": [
        {
            "label": 0,
            "probability": 0.999,
            "rect": {
                "bottom": 0.3203125,
                "left": 0.29296875,
                "right": 0.41796875,
                "top": 0.1640625
            }
        },
        {
            "label": 1,
            "probability": 0.999,
            "rect": {
                "bottom": 0.24917044,
                "left": 0.36722,
                "right": 0.36722,
                "top": 0.24917044
            }
        },
        {
            "label": 4,
            "probability": 0.999,
            "rect": {
                "bottom": 0.25970346,
                "left": 0.40165278,
                "right": 0.40165278,
                "top": 0.25970346
            }
        },
        {
            "label": 6,
            "probability": 0.999,
            "rect": {
                "bottom": 0.28335238,
                "left": 0.3790371,
                "right": 0.3790371,
                "top": 0.28335238
            }
        }
    ]
}