{
    "file_name": "000000400535.jpg",
    "generator": "convert_to_region_cropper.py",
    "labels": [
        "position",
        "left_eye",
        "right_eye",
        "left_cheek",
        "right_cheek",
        "nose_base",
        "left_mouth",
        "right_mouth",
        "bottom_mouth"
    ],
    "regions": [
        {
            "label": 0,
            "probability": 0.999,
            "rect": {
                "bottom": 0.171875,
                "left": 0.44444445,
                "right": 0.61728394,
                "top": 0.03515625
            }
        },
        {
            "label": 1,
            "probability": 0.999,
            "rect": {
                "bottom": 0.11126687,
                "left": 0.55898446,
                "right": 0.55898446,
                "top": 0.11126687
            }
        },
        {
            "label": 4,
            "probability": 0.999,
            "rect": {
                "bottom": 0.12292451,
                "left": 0.5976636,
                "right": 0.5976636,
                "top": 0.12292451
            }
        },
        {
            "label": 6,
            "probability": 0.999,
            "rect": {
                "bottom": 0.14397924,
                "left": 0.5543933,
                "right": 0.5543933,
                "top": 0.14397924
            }
        }
    ]
}