{
    "file_name": "000000514030.jpg",
    "generator": "convert_to_region_cropper.py",
    "labels": [
        "position",
        "left_eye",
        "right_eye",
        "left_cheek",
        "right_cheek",
        "nose_base",
        "left_mouth",
        "right_mouth",
        "bottom_mouth"
    ],
    "regions": [
        {
            "label": 0,
            "probability": 0.999,
            "rect": {
                "bottom": 0.2890625,
                "left": 0.21875,
                "right": 0.34765625,
                "top": 0.12890625
            }
        },
        {
            "label": 1,
            "probability": 0.999,
            "rect": {
                "bottom": 0.2111953,
                "left": 0.2956704,
                "right": 0.2956704,
                "top": 0.2111953
            }
        },
        {
            "label": 2,
            "probability": 0.999,
            "rect": {
                "bottom": 0.21741843,
                "left": 0.26031283,
                "right": 0.26031283,
                "top": 0.21741843
            }
        },
        {
            "label": 5,
            "probability": 0.999,
            "rect": {
                "bottom": 0.24863963,
                "left": 0.29459846,
                "right": 0.29459846,
                "top": 0.24863963
            }
        }
    ]
}