{
    "file_name": "000000178620.jpg",
    "generator": "convert_to_region_cropper.py",
    "labels": [
        "position",
        "left_eye",
        "right_eye",
        "left_cheek",
        "right_cheek",
        "nose_base",
        "left_mouth",
        "right_mouth",
        "bottom_mouth"
    ],
    "regions": [
        {
            "label": 0,
            "probability": 0.999,
            "rect": {
                "bottom": 0.2890625,
                "left": 0.21484375,
                "right": 0.35546875,
                "top": 0.11328125
            }
        },
        {
            "label": 2,
            "probability": 0.999,
            "rect": {
                "bottom": 0.20736799,
                "left": 0.2687285,
                "right": 0.2687285,
                "top": 0.20736799
            }
        },
        {
            "label": 3,
            "probability": 0.999,
            "rect": {
                "bottom": 0.23706023,
                "left": 0.2454641,
                "right": 0.2454641,
                "top": 0.23706023
            }
        },
        {
            "label": 7,
            "probability": 0.999,
            "rect": {
                "bottom": 0.24699622,
                "left": 0.27851015,
                "right": 0.27851015,
                "top": 0.24699622
            }
        }
    ]
}