{
    "file_name": "000000366137.jpg",
    "generator": "convert_to_region_cropper.py",
    "labels": [
        "position",
        "left_eye",
        "right_eye",
        "left_cheek",
        "right_cheek",
        "nose_base",
        "left_mouth",
        "right_mouth",
        "bottom_mouth"
    ],
    "regions": [
        {
            "label": 0,
            "probability": 0.999,
            "rect": {
                "bottom": 0.37890625,
                "left": 0.4921875,
                "right": 0.61328125,
                "top": 0.22265625
            }
        },
        {
            "label": 2,
            "probability": 0.999,
            "rect": {
                "bottom": 0.3061784,
                "left": 0.5363556,
                "right": 0.5363556,
                "top": 0.3061784
            }
        },
        {
            "label": 3,
            "probability": 0.999,
            "rect": {
                "bottom": 0.3198206,
                "left": 0.50792617,
                "right": 0.50792617,
                "top": 0.3198206
            }
        },
        {
            "label": 7,
            "probability": 0.999,
            "rect": {
                "bottom": 0.33874524,
                "left": 0.54209834,
                "right": 0.54209834,
                "top": 0.33874524
            }
        }
    ]
}