{
  "generator": "convert_to_region_cropper.py",
  "file_name": "000000002459.jpg",
  "regions": [
    {
      "probability": 0.999,
      "label": 2,
      "rect": {
        "left": 0.19416586,
        "top": 0.9179686,
        "right": 0.19416586,
        "bottom": 0.9179686
      }
    },
    {
      "probability": 0.999,
      "label": 1,
      "rect": {
        "left": 0.23959355,
        "top": 0.9173413,
        "right": 0.23959355,
        "bottom": 0.9173413
      }
    }
  ],
  "created_at": "2018-08-27T03:37:17.94"
}