{
    "file_name": "000000445091.jpg",
    "generator": "convert_to_region_cropper.py",
    "labels": [
        "position",
        "left_eye",
        "right_eye",
        "left_cheek",
        "right_cheek",
        "nose_base",
        "left_mouth",
        "right_mouth",
        "bottom_mouth"
    ],
    "regions": [
        {
            "label": 0,
            "probability": 0.999,
            "rect": {
                "bottom": 0.13671875,
                "left": 0.2986111,
                "right": 0.4722222,
                "top": 0.015625
            }
        },
        {
            "label": 2,
            "probability": 0.999,
            "rect": {
                "bottom": 0.07849747,
                "left": 0.360903,
                "right": 0.360903,
                "top": 0.07849747
            }
        },
        {
            "label": 3,
            "probability": 0.999,
            "rect": {
                "bottom": 0.09115881,
                "left": 0.33163485,
                "right": 0.33163485,
                "top": 0.09115881
            }
        },
        {
            "label": 5,
            "probability": 0.999,
            "rect": {
                "bottom": 0.1054578,
                "left": 0.40159672,
                "right": 0.40159672,
                "top": 0.1054578
            }
        }
    ]
}