{
    "file_name": "000000309294.jpg",
    "generator": "convert_to_region_cropper.py",
    "labels": [
        "position",
        "left_eye",
        "right_eye",
        "left_cheek",
        "right_cheek",
        "nose_base",
        "left_mouth",
        "right_mouth",
        "bottom_mouth"
    ],
    "regions": [
        {
            "label": 0,
            "probability": 0.999,
            "rect": {
                "bottom": 0.328125,
                "left": 0.30859375,
                "right": 0.50390625,
                "top": 0.0859375
            }
        },
        {
            "label": 1,
            "probability": 0.999,
            "rect": {
                "bottom": 0.20989428,
                "left": 0.42590755,
                "right": 0.42590755,
                "top": 0.20989428
            }
        },
        {
            "label": 2,
            "probability": 0.999,
            "rect": {
                "bottom": 0.2442245,
                "left": 0.37631142,
                "right": 0.37631142,
                "top": 0.2442245
            }
        },
        {
            "label": 4,
            "probability": 0.999,
            "rect": {
                "bottom": 0.24222733,
                "left": 0.46040758,
                "right": 0.46040758,
                "top": 0.24222733
            }
        }
    ]
}