{
    "file_name": "000000491061.jpg",
    "generator": "convert_to_region_cropper.py",
    "labels": [
        "position",
        "left_eye",
        "right_eye",
        "left_cheek",
        "right_cheek",
        "nose_base",
        "left_mouth",
        "right_mouth",
        "bottom_mouth"
    ],
    "regions": [
        {
            "label": 0,
            "probability": 0.999,
            "rect": {
                "bottom": 0.22265625,
                "left": 0.4609375,
                "right": 0.57421875,
                "top": 0.08203125
            }
        },
        {
            "label": 1,
            "probability": 0.999,
            "rect": {
                "bottom": 0.16195574,
                "left": 0.52204424,
                "right": 0.52204424,
                "top": 0.16195574
            }
        },
        {
            "label": 2,
            "probability": 0.999,
            "rect": {
                "bottom": 0.1580495,
                "left": 0.50641924,
                "right": 0.50641924,
                "top": 0.1580495
            }
        },
        {
            "label": 8,
            "probability": 0.999,
            "rect": {
                "bottom": 0.2079585,
                "left": 0.5148736,
                "right": 0.5148736,
                "top": 0.2079585
            }
        }
    ]
}