{
    "file_name": "000000103929.jpg",
    "generator": "convert_to_region_cropper.py",
    "labels": [
        "position",
        "left_eye",
        "right_eye",
        "left_cheek",
        "right_cheek",
        "nose_base",
        "left_mouth",
        "right_mouth",
        "bottom_mouth"
    ],
    "regions": [
        {
            "label": 0,
            "probability": 0.999,
            "rect": {
                "bottom": 0.3984375,
                "left": 0.2265625,
                "right": 0.32421875,
                "top": 0.27734375
            }
        },
        {
            "label": 2,
            "probability": 0.999,
            "rect": {
                "bottom": 0.34269005,
                "left": 0.26541534,
                "right": 0.26541534,
                "top": 0.34269005
            }
        },
        {
            "label": 0,
            "probability": 0.999,
            "rect": {
                "bottom": 0.3671875,
                "left": 0.58203125,
                "right": 0.68359375,
                "top": 0.2421875
            }
        },
        {
            "label": 4,
            "probability": 0.999,
            "rect": {
                "bottom": 0.325446,
                "left": 0.6533997,
                "right": 0.6533997,
                "top": 0.325446
            }
        }
    ]
}