{
    "file_name": "000000517931.jpg",
    "generator": "convert_to_region_cropper.py",
    "labels": [
        "position",
        "left_eye",
        "right_eye",
        "left_cheek",
        "right_cheek",
        "nose_base",
        "left_mouth",
        "right_mouth",
        "bottom_mouth"
    ],
    "regions": [
        {
            "label": 0,
            "probability": 0.999,
            "rect": {
                "bottom": 0.19140625,
                "left": 0.1328125,
                "right": 0.2578125,
                "top": 0.03515625
            }
        },
        {
            "label": 2,
            "probability": 0.999,
            "rect": {
                "bottom": 0.12077903,
                "left": 0.17829023,
                "right": 0.17829023,
                "top": 0.12077903
            }
        },
        {
            "label": 3,
            "probability": 0.999,
            "rect": {
                "bottom": 0.13243407,
                "left": 0.1541946,
                "right": 0.1541946,
                "top": 0.13243407
            }
        },
        {
            "label": 7,
            "probability": 0.999,
            "rect": {
                "bottom": 0.15928794,
                "left": 0.18429896,
                "right": 0.18429896,
                "top": 0.15928794
            }
        }
    ]
}