{
    "file_name": "000000090374.jpg",
    "generator": "convert_to_region_cropper.py",
    "labels": [
        "position",
        "left_eye",
        "right_eye",
        "left_cheek",
        "right_cheek",
        "nose_base",
        "left_mouth",
        "right_mouth",
        "bottom_mouth"
    ],
    "regions": [
        {
            "label": 0,
            "probability": 0.999,
            "rect": {
                "bottom": 0.16796875,
                "left": 0.33984375,
                "right": 0.46875,
                "top": 0.00390625
            }
        },
        {
            "label": 1,
            "probability": 0.999,
            "rect": {
                "bottom": 0.0901908,
                "left": 0.42718902,
                "right": 0.42718902,
                "top": 0.0901908
            }
        },
        {
            "label": 4,
            "probability": 0.999,
            "rect": {
                "bottom": 0.1032598,
                "left": 0.45311317,
                "right": 0.45311317,
                "top": 0.1032598
            }
        },
        {
            "label": 6,
            "probability": 0.999,
            "rect": {
                "bottom": 0.12654422,
                "left": 0.4267055,
                "right": 0.4267055,
                "top": 0.12654422
            }
        }
    ]
}