{
    "file_name": "000000395142.jpg",
    "generator": "convert_to_region_cropper.py",
    "labels": [
        "position",
        "left_eye",
        "right_eye",
        "left_cheek",
        "right_cheek",
        "nose_base",
        "left_mouth",
        "right_mouth",
        "bottom_mouth"
    ],
    "regions": [
        {
            "label": 0,
            "probability": 0.999,
            "rect": {
                "bottom": 0.12890625,
                "left": 0.33854166,
                "right": 0.47916666,
                "top": 0.0
            }
        },
        {
            "label": 1,
            "probability": 0.999,
            "rect": {
                "bottom": 0.065242976,
                "left": 0.43332565,
                "right": 0.43332565,
                "top": 0.065242976
            }
        },
        {
            "label": 4,
            "probability": 0.999,
            "rect": {
                "bottom": 0.08460739,
                "left": 0.45398512,
                "right": 0.45398512,
                "top": 0.08460739
            }
        },
        {
            "label": 5,
            "probability": 0.999,
            "rect": {
                "bottom": 0.09105779,
                "left": 0.40124902,
                "right": 0.40124902,
                "top": 0.09105779
            }
        }
    ]
}