{
    "file_name": "000000405133.jpg",
    "generator": "convert_to_region_cropper.py",
    "labels": [
        "position",
        "left_eye",
        "right_eye",
        "left_cheek",
        "right_cheek",
        "nose_base",
        "left_mouth",
        "right_mouth",
        "bottom_mouth"
    ],
    "regions": [
        {
            "label": 0,
            "probability": 0.999,
            "rect": {
                "bottom": 0.57421875,
                "left": 0.33984375,
                "right": 0.71875,
                "top": 0.1015625
            }
        },
        {
            "label": 1,
            "probability": 0.999,
            "rect": {
                "bottom": 0.35680524,
                "left": 0.57129467,
                "right": 0.57129467,
                "top": 0.35680524
            }
        },
        {
            "label": 4,
            "probability": 0.999,
            "rect": {
                "bottom": 0.38076645,
                "left": 0.6494336,
                "right": 0.6494336,
                "top": 0.38076645
            }
        },
        {
            "label": 6,
            "probability": 0.999,
            "rect": {
                "bottom": 0.49247837,
                "left": 0.5749294,
                "right": 0.5749294,
                "top": 0.49247837
            }
        }
    ]
}