{
  "generator": "convert_to_region_cropper.py",
  "file_name": "000000004282.jpg",
  "regions": [
    {
      "probability": 0.999,
      "label": 2,
      "rect": {
        "left": 0.39910144,
        "top": 0.32238105,
        "right": 0.39910144,
        "bottom": 0.32238105
      }
    },
    {
      "probability": 0.999,
      "label": 3,
      "rect": {
        "left": 0.39596033,
        "top": 0.34511402,
        "right": 0.39596033,
        "bottom": 0.34511402
      }
    },
    {
      "probability": 0.999,
      "label": 1,
      "rect": {
        "left": 0.43473354,
        "top": 0.3239897,
        "right": 0.43473354,
        "bottom": 0.3239897
      }
    }
  ],
  "created_at": "2018-08-27T03:39:57.449"
}