{
    "file_name": "000000001292.jpg",
    "generator": "convert_to_region_cropper.py",
    "labels": [
        "position",
        "left_eye",
        "right_eye",
        "left_cheek",
        "right_cheek",
        "nose_base",
        "left_mouth",
        "right_mouth",
        "bottom_mouth"
    ],
    "regions": [
        {
            "label": 0,
            "probability": 0.999,
            "rect": {
                "bottom": 0.32163742,
                "left": 0.40625,
                "right": 0.53125,
                "top": 0.0877193
            }
        },
        {
            "label": 1,
            "probability": 0.999,
            "rect": {
                "bottom": 0.20856075,
                "left": 0.47312796,
                "right": 0.47312796,
                "top": 0.20856075
            }
        },
        {
            "label": 2,
            "probability": 0.999,
            "rect": {
                "bottom": 0.23347563,
                "left": 0.44633704,
                "right": 0.44633704,
                "top": 0.23347563
            }
        },
        {
            "label": 5,
            "probability": 0.999,
            "rect": {
                "bottom": 0.26532125,
                "left": 0.46775037,
                "right": 0.46775037,
                "top": 0.26532125
            }
        }
    ]
}