{
    "file_name": "000000097596.jpg",
    "generator": "convert_to_region_cropper.py",
    "labels": [
        "position",
        "left_eye",
        "right_eye",
        "left_cheek",
        "right_cheek",
        "nose_base",
        "left_mouth",
        "right_mouth",
        "bottom_mouth"
    ],
    "regions": [
        {
            "label": 0,
            "probability": 0.999,
            "rect": {
                "bottom": 0.22265625,
                "left": 0.578125,
                "right": 0.67578125,
                "top": 0.09765625
            }
        },
        {
            "label": 2,
            "probability": 0.999,
            "rect": {
                "bottom": 0.16743642,
                "left": 0.62770873,
                "right": 0.62770873,
                "top": 0.16743642
            }
        },
        {
            "label": 3,
            "probability": 0.999,
            "rect": {
                "bottom": 0.16882774,
                "left": 0.6070105,
                "right": 0.6070105,
                "top": 0.16882774
            }
        },
        {
            "label": 5,
            "probability": 0.999,
            "rect": {
                "bottom": 0.19075337,
                "left": 0.62300706,
                "right": 0.62300706,
                "top": 0.19075337
            }
        }
    ]
}