{
    "file_name": "000000400950.jpg",
    "generator": "convert_to_region_cropper.py",
    "labels": [
        "position",
        "left_eye",
        "right_eye",
        "left_cheek",
        "right_cheek",
        "nose_base",
        "left_mouth",
        "right_mouth",
        "bottom_mouth"
    ],
    "regions": [
        {
            "label": 0,
            "probability": 0.999,
            "rect": {
                "bottom": 0.1953125,
                "left": 0.359375,
                "right": 0.4765625,
                "top": 0.0546875
            }
        },
        {
            "label": 2,
            "probability": 0.999,
            "rect": {
                "bottom": 0.13008985,
                "left": 0.40557694,
                "right": 0.40557694,
                "top": 0.13008985
            }
        },
        {
            "label": 3,
            "probability": 0.999,
            "rect": {
                "bottom": 0.14325577,
                "left": 0.3844827,
                "right": 0.3844827,
                "top": 0.14325577
            }
        },
        {
            "label": 7,
            "probability": 0.999,
            "rect": {
                "bottom": 0.1653078,
                "left": 0.41747487,
                "right": 0.41747487,
                "top": 0.1653078
            }
        }
    ]
}