{
    "file_name": "000000021662.jpg",
    "generator": "convert_to_region_cropper.py",
    "labels": [
        "position",
        "left_eye",
        "right_eye",
        "left_cheek",
        "right_cheek",
        "nose_base",
        "left_mouth",
        "right_mouth",
        "bottom_mouth"
    ],
    "regions": [
        {
            "label": 0,
            "probability": 0.999,
            "rect": {
                "bottom": 0.3828125,
                "left": 0.13294798,
                "right": 0.31213874,
                "top": 0.23046875
            }
        },
        {
            "label": 1,
            "probability": 0.999,
            "rect": {
                "bottom": 0.3050743,
                "left": 0.24909852,
                "right": 0.24909852,
                "top": 0.3050743
            }
        },
        {
            "label": 2,
            "probability": 0.999,
            "rect": {
                "bottom": 0.31989387,
                "left": 0.20342888,
                "right": 0.20342888,
                "top": 0.31989387
            }
        },
        {
            "label": 5,
            "probability": 0.999,
            "rect": {
                "bottom": 0.3406514,
                "left": 0.23813316,
                "right": 0.23813316,
                "top": 0.3406514
            }
        }
    ]
}