{
    "file_name": "000000411557.jpg",
    "generator": "convert_to_region_cropper.py",
    "labels": [
        "position",
        "left_eye",
        "right_eye",
        "left_cheek",
        "right_cheek",
        "nose_base",
        "left_mouth",
        "right_mouth",
        "bottom_mouth"
    ],
    "regions": [
        {
            "label": 0,
            "probability": 0.999,
            "rect": {
                "bottom": 0.39903846,
                "left": 0.4375,
                "right": 0.53125,
                "top": 0.25480768
            }
        },
        {
            "label": 1,
            "probability": 0.999,
            "rect": {
                "bottom": 0.33192378,
                "left": 0.49734524,
                "right": 0.49734524,
                "top": 0.33192378
            }
        },
        {
            "label": 2,
            "probability": 0.999,
            "rect": {
                "bottom": 0.34195298,
                "left": 0.4737135,
                "right": 0.4737135,
                "top": 0.34195298
            }
        },
        {
            "label": 4,
            "probability": 0.999,
            "rect": {
                "bottom": 0.34118733,
                "left": 0.51523846,
                "right": 0.51523846,
                "top": 0.34118733
            }
        }
    ]
}