{
    "file_name": "000000363645.jpg",
    "generator": "convert_to_region_cropper.py",
    "labels": [
        "position",
        "left_eye",
        "right_eye",
        "left_cheek",
        "right_cheek",
        "nose_base",
        "left_mouth",
        "right_mouth",
        "bottom_mouth"
    ],
    "regions": [
        {
            "label": 0,
            "probability": 0.999,
            "rect": {
                "bottom": 0.48046875,
                "left": 0.1953125,
                "right": 0.3359375,
                "top": 0.30078125
            }
        },
        {
            "label": 2,
            "probability": 0.999,
            "rect": {
                "bottom": 0.4025703,
                "left": 0.24953584,
                "right": 0.24953584,
                "top": 0.4025703
            }
        },
        {
            "label": 3,
            "probability": 0.999,
            "rect": {
                "bottom": 0.41364315,
                "left": 0.22050342,
                "right": 0.22050342,
                "top": 0.41364315
            }
        },
        {
            "label": 7,
            "probability": 0.999,
            "rect": {
                "bottom": 0.44185808,
                "left": 0.24846195,
                "right": 0.24846195,
                "top": 0.44185808
            }
        }
    ]
}