{
    "file_name": "000000545929.jpg",
    "generator": "convert_to_region_cropper.py",
    "labels": [
        "position",
        "left_eye",
        "right_eye",
        "left_cheek",
        "right_cheek",
        "nose_base",
        "left_mouth",
        "right_mouth",
        "bottom_mouth"
    ],
    "regions": [
        {
            "label": 0,
            "probability": 0.999,
            "rect": {
                "bottom": 0.3316062,
                "left": 0.578125,
                "right": 0.6796875,
                "top": 0.16062176
            }
        },
        {
            "label": 2,
            "probability": 0.999,
            "rect": {
                "bottom": 0.25480875,
                "left": 0.61556554,
                "right": 0.61556554,
                "top": 0.25480875
            }
        },
        {
            "label": 3,
            "probability": 0.999,
            "rect": {
                "bottom": 0.26839802,
                "left": 0.59584457,
                "right": 0.59584457,
                "top": 0.26839802
            }
        },
        {
            "label": 7,
            "probability": 0.999,
            "rect": {
                "bottom": 0.29635096,
                "left": 0.61590874,
                "right": 0.61590874,
                "top": 0.29635096
            }
        }
    ]
}