{
    "file_name": "000000386424.jpg",
    "generator": "convert_to_region_cropper.py",
    "labels": [
        "position",
        "left_eye",
        "right_eye",
        "left_cheek",
        "right_cheek",
        "nose_base",
        "left_mouth",
        "right_mouth",
        "bottom_mouth"
    ],
    "regions": [
        {
            "label": 0,
            "probability": 0.999,
            "rect": {
                "bottom": 0.58984375,
                "left": 0.703125,
                "right": 0.83984375,
                "top": 0.41796875
            }
        },
        {
            "label": 2,
            "probability": 0.999,
            "rect": {
                "bottom": 0.5147794,
                "left": 0.75206196,
                "right": 0.75206196,
                "top": 0.5147794
            }
        },
        {
            "label": 3,
            "probability": 0.999,
            "rect": {
                "bottom": 0.54644334,
                "left": 0.72654355,
                "right": 0.72654355,
                "top": 0.54644334
            }
        },
        {
            "label": 5,
            "probability": 0.999,
            "rect": {
                "bottom": 0.54379237,
                "left": 0.7778564,
                "right": 0.7778564,
                "top": 0.54379237
            }
        }
    ]
}