{
    "file_name": "000000380301.jpg",
    "generator": "convert_to_region_cropper.py",
    "labels": [
        "position",
        "left_eye",
        "right_eye",
        "left_cheek",
        "right_cheek",
        "nose_base",
        "left_mouth",
        "right_mouth",
        "bottom_mouth"
    ],
    "regions": [
        {
            "label": 0,
            "probability": 0.999,
            "rect": {
                "bottom": 0.34765625,
                "left": 0.53515625,
                "right": 0.65234375,
                "top": 0.203125
            }
        },
        {
            "label": 1,
            "probability": 0.999,
            "rect": {
                "bottom": 0.28033638,
                "left": 0.6112436,
                "right": 0.6112436,
                "top": 0.28033638
            }
        },
        {
            "label": 2,
            "probability": 0.999,
            "rect": {
                "bottom": 0.28424266,
                "left": 0.5878061,
                "right": 0.5878061,
                "top": 0.28424266
            }
        },
        {
            "label": 5,
            "probability": 0.999,
            "rect": {
                "bottom": 0.30768013,
                "left": 0.59171236,
                "right": 0.59171236,
                "top": 0.30768013
            }
        }
    ]
}