{
  "generator": "convert_to_region_cropper.py",
  "file_name": "000000025244.jpg",
  "regions": [
    {
      "probability": 0.999,
      "label": 0,
      "rect": {
        "left": 0.5546875,
        "top": 0.0,
        "right": 0.78515625,
        "bottom": 0.203125
      }
    },
    {
      "probability": 0.999,
      "label": 1,
      "rect": {
        "left": 0.646607,
        "top": 0.104816265,
        "right": 0.646607,
        "bottom": 0.104816265
      }
    },
    {
      "probability": 0.999,
      "label": 4,
      "rect": {
        "left": 0.6985658,
        "top": 0.105230615,
        "right": 0.6985658,
        "bottom": 0.105230615
      }
    }
  ],
  "created_at": "2018-08-27T06:09:44.145"
}