{
    "file_name": "000000308967.jpg",
    "generator": "convert_to_region_cropper.py",
    "labels": [
        "position",
        "left_eye",
        "right_eye",
        "left_cheek",
        "right_cheek",
        "nose_base",
        "left_mouth",
        "right_mouth",
        "bottom_mouth"
    ],
    "regions": [
        {
            "label": 0,
            "probability": 0.999,
            "rect": {
                "bottom": 0.26953125,
                "left": 0.36842105,
                "right": 0.5204678,
                "top": 0.140625
            }
        },
        {
            "label": 1,
            "probability": 0.999,
            "rect": {
                "bottom": 0.20844524,
                "left": 0.4538339,
                "right": 0.4538339,
                "top": 0.20844524
            }
        },
        {
            "label": 4,
            "probability": 0.999,
            "rect": {
                "bottom": 0.21601816,
                "left": 0.49072972,
                "right": 0.49072972,
                "top": 0.21601816
            }
        },
        {
            "label": 6,
            "probability": 0.999,
            "rect": {
                "bottom": 0.24181497,
                "left": 0.46366164,
                "right": 0.46366164,
                "top": 0.24181497
            }
        }
    ]
}