{
    "file_name": "000000252801.jpg",
    "generator": "convert_to_region_cropper.py",
    "labels": [
        "position",
        "left_eye",
        "right_eye",
        "left_cheek",
        "right_cheek",
        "nose_base",
        "left_mouth",
        "right_mouth",
        "bottom_mouth"
    ],
    "regions": [
        {
            "label": 0,
            "probability": 0.999,
            "rect": {
                "bottom": 0.4140625,
                "left": 0.42578125,
                "right": 0.609375,
                "top": 0.18359375
            }
        },
        {
            "label": 2,
            "probability": 0.999,
            "rect": {
                "bottom": 0.32673433,
                "left": 0.51561767,
                "right": 0.51561767,
                "top": 0.32673433
            }
        },
        {
            "label": 3,
            "probability": 0.999,
            "rect": {
                "bottom": 0.32181963,
                "left": 0.48213017,
                "right": 0.48213017,
                "top": 0.32181963
            }
        },
        {
            "label": 5,
            "probability": 0.999,
            "rect": {
                "bottom": 0.3653531,
                "left": 0.51267475,
                "right": 0.51267475,
                "top": 0.3653531
            }
        }
    ]
}