{
  "generator": "convert_to_region_cropper.py",
  "file_name": "000000010727.jpg",
  "regions": [
    {
      "probability": 1.0,
      "label": 0,
      "rect": {
        "left": 0.06497358,
        "top": 0.02538787,
        "right": 0.19258133,
        "bottom": 0.14668547
      }
    },
    {
      "probability": 0.999,
      "label": 2,
      "rect": {
        "left": 0.69747066,
        "top": 0.19989914,
        "right": 0.69747066,
        "bottom": 0.19989914
      }
    },
    {
      "probability": 0.999,
      "label": 0,
      "rect": {
        "left": 0.61328125,
        "top": 0.078125,
        "right": 0.796875,
        "bottom": 0.30859375
      }
    },
    {
      "probability": 1.0,
      "label": 0,
      "rect": {
        "left": 0.88717353,
        "top": 0.06629055,
        "right": 0.977079,
        "bottom": 0.15514809
      }
    }
  ],
  "created_at": "2018-08-27T03:48:09.646"
}