{
    "file_name": "000000130839.jpg",
    "generator": "convert_to_region_cropper.py",
    "labels": [
        "position",
        "left_eye",
        "right_eye",
        "left_cheek",
        "right_cheek",
        "nose_base",
        "left_mouth",
        "right_mouth",
        "bottom_mouth"
    ],
    "regions": [
        {
            "label": 0,
            "probability": 0.999,
            "rect": {
                "bottom": 0.2109375,
                "left": 0.421875,
                "right": 0.5390625,
                "top": 0.06640625
            }
        },
        {
            "label": 5,
            "probability": 0.999,
            "rect": {
                "bottom": 0.16951868,
                "left": 0.48630628,
                "right": 0.48630628,
                "top": 0.16951868
            }
        },
        {
            "label": 7,
            "probability": 0.999,
            "rect": {
                "bottom": 0.1752986,
                "left": 0.46287584,
                "right": 0.46287584,
                "top": 0.1752986
            }
        },
        {
            "label": 8,
            "probability": 0.999,
            "rect": {
                "bottom": 0.18310864,
                "left": 0.4813855,
                "right": 0.4813855,
                "top": 0.18310864
            }
        }
    ]
}