{
    "file_name": "000000140963.jpg",
    "generator": "convert_to_region_cropper.py",
    "labels": [
        "position",
        "left_eye",
        "right_eye",
        "left_cheek",
        "right_cheek",
        "nose_base",
        "left_mouth",
        "right_mouth",
        "bottom_mouth"
    ],
    "regions": [
        {
            "label": 0,
            "probability": 0.999,
            "rect": {
                "bottom": 0.31640625,
                "left": 0.70703125,
                "right": 0.828125,
                "top": 0.1640625
            }
        },
        {
            "label": 1,
            "probability": 0.999,
            "rect": {
                "bottom": 0.2451985,
                "left": 0.78468657,
                "right": 0.78468657,
                "top": 0.2451985
            }
        },
        {
            "label": 4,
            "probability": 0.999,
            "rect": {
                "bottom": 0.25676402,
                "left": 0.8058306,
                "right": 0.8058306,
                "top": 0.25676402
            }
        },
        {
            "label": 6,
            "probability": 0.999,
            "rect": {
                "bottom": 0.28263953,
                "left": 0.78784937,
                "right": 0.78784937,
                "top": 0.28263953
            }
        }
    ]
}