{
    "file_name": "000000204020.jpg",
    "generator": "convert_to_region_cropper.py",
    "labels": [
        "position",
        "left_eye",
        "right_eye",
        "left_cheek",
        "right_cheek",
        "nose_base",
        "left_mouth",
        "right_mouth",
        "bottom_mouth"
    ],
    "regions": [
        {
            "label": 0,
            "probability": 0.999,
            "rect": {
                "bottom": 0.26171875,
                "left": 0.2421875,
                "right": 0.46484375,
                "top": 0.0
            }
        },
        {
            "label": 1,
            "probability": 0.999,
            "rect": {
                "bottom": 0.13379924,
                "left": 0.39459747,
                "right": 0.39459747,
                "top": 0.13379924
            }
        },
        {
            "label": 2,
            "probability": 0.999,
            "rect": {
                "bottom": 0.13527064,
                "left": 0.33473268,
                "right": 0.33473268,
                "top": 0.13527064
            }
        },
        {
            "label": 5,
            "probability": 0.999,
            "rect": {
                "bottom": 0.17675006,
                "left": 0.35334647,
                "right": 0.35334647,
                "top": 0.17675006
            }
        }
    ]
}