{
    "file_name": "000000199540.jpg",
    "generator": "convert_to_region_cropper.py",
    "labels": [
        "position",
        "left_eye",
        "right_eye",
        "left_cheek",
        "right_cheek",
        "nose_base",
        "left_mouth",
        "right_mouth",
        "bottom_mouth"
    ],
    "regions": [
        {
            "label": 0,
            "probability": 0.999,
            "rect": {
                "bottom": 0.3671875,
                "left": 0.37890625,
                "right": 0.48828125,
                "top": 0.23046875
            }
        },
        {
            "label": 5,
            "probability": 0.999,
            "rect": {
                "bottom": 0.32344875,
                "left": 0.43549943,
                "right": 0.43549943,
                "top": 0.32344875
            }
        },
        {
            "label": 7,
            "probability": 0.999,
            "rect": {
                "bottom": 0.3339724,
                "left": 0.41872478,
                "right": 0.41872478,
                "top": 0.3339724
            }
        },
        {
            "label": 8,
            "probability": 0.999,
            "rect": {
                "bottom": 0.33550528,
                "left": 0.4346805,
                "right": 0.4346805,
                "top": 0.33550528
            }
        }
    ]
}