{
    "file_name": "000000246040.jpg",
    "generator": "convert_to_region_cropper.py",
    "labels": [
        "position",
        "left_eye",
        "right_eye",
        "left_cheek",
        "right_cheek",
        "nose_base",
        "left_mouth",
        "right_mouth",
        "bottom_mouth"
    ],
    "regions": [
        {
            "label": 0,
            "probability": 0.999,
            "rect": {
                "bottom": 0.33984375,
                "left": 0.31640625,
                "right": 0.48828125,
                "top": 0.12890625
            }
        },
        {
            "label": 1,
            "probability": 0.999,
            "rect": {
                "bottom": 0.2337788,
                "left": 0.42458335,
                "right": 0.42458335,
                "top": 0.2337788
            }
        },
        {
            "label": 4,
            "probability": 0.999,
            "rect": {
                "bottom": 0.25006106,
                "left": 0.4601584,
                "right": 0.4601584,
                "top": 0.25006106
            }
        },
        {
            "label": 5,
            "probability": 0.999,
            "rect": {
                "bottom": 0.2773484,
                "left": 0.39228645,
                "right": 0.39228645,
                "top": 0.2773484
            }
        }
    ]
}