{
    "file_name": "000000505471.jpg",
    "generator": "convert_to_region_cropper.py",
    "labels": [
        "position",
        "left_eye",
        "right_eye",
        "left_cheek",
        "right_cheek",
        "nose_base",
        "left_mouth",
        "right_mouth",
        "bottom_mouth"
    ],
    "regions": [
        {
            "label": 0,
            "probability": 0.999,
            "rect": {
                "bottom": 0.3125,
                "left": 0.265625,
                "right": 0.37890625,
                "top": 0.16796875
            }
        },
        {
            "label": 2,
            "probability": 0.999,
            "rect": {
                "bottom": 0.2457903,
                "left": 0.30807698,
                "right": 0.30807698,
                "top": 0.2457903
            }
        },
        {
            "label": 3,
            "probability": 0.999,
            "rect": {
                "bottom": 0.25706923,
                "left": 0.28503627,
                "right": 0.28503627,
                "top": 0.25706923
            }
        },
        {
            "label": 7,
            "probability": 0.999,
            "rect": {
                "bottom": 0.28208837,
                "left": 0.30846182,
                "right": 0.30846182,
                "top": 0.28208837
            }
        }
    ]
}