{
  "generator": "convert_to_region_cropper.py",
  "file_name": "000000023025.jpg",
  "regions": [
    {
      "probability": 0.999,
      "label": 3,
      "rect": {
        "left": 0.35816485,
        "top": 0.20421797,
        "right": 0.35816485,
        "bottom": 0.20421797
      }
    },
    {
      "probability": 0.999,
      "label": 2,
      "rect": {
        "left": 0.3977304,
        "top": 0.17898925,
        "right": 0.3977304,
        "bottom": 0.17898925
      }
    },
    {
      "probability": 0.999,
      "label": 0,
      "rect": {
        "left": 0.328125,
        "top": 0.0625,
        "right": 0.515625,
        "bottom": 0.30078125
      }
    },
    {
      "probability": 0.999,
      "label": 7,
      "rect": {
        "left": 0.3992986,
        "top": 0.23998468,
        "right": 0.3992986,
        "bottom": 0.23998468
      }
    }
  ],
  "created_at": "2018-08-27T06:01:05.53"
}