{
  "generator": "convert_to_region_cropper.py",
  "file_name": "000000005535.jpg",
  "regions": [
    {
      "probability": 0.999,
      "label": 0,
      "rect": {
        "left": 0.84375,
        "top": 0.46484375,
        "right": 0.9375,
        "bottom": 0.58203125
      }
    },
    {
      "probability": 0.999,
      "label": 4,
      "rect": {
        "left": 0.89118576,
        "top": 0.5277321,
        "right": 0.89118576,
        "bottom": 0.5277321
      }
    }
  ],
  "created_at": "2018-08-27T03:41:53.298"
}