{
    "file_name": "000000377543.jpg",
    "generator": "convert_to_region_cropper.py",
    "labels": [
        "position",
        "left_eye",
        "right_eye",
        "left_cheek",
        "right_cheek",
        "nose_base",
        "left_mouth",
        "right_mouth",
        "bottom_mouth"
    ],
    "regions": [
        {
            "label": 0,
            "probability": 0.999,
            "rect": {
                "bottom": 0.24609375,
                "left": 0.57421875,
                "right": 0.6640625,
                "top": 0.1328125
            }
        },
        {
            "label": 1,
            "probability": 0.999,
            "rect": {
                "bottom": 0.1927063,
                "left": 0.63807654,
                "right": 0.63807654,
                "top": 0.1927063
            }
        },
        {
            "label": 6,
            "probability": 0.999,
            "rect": {
                "bottom": 0.21773435,
                "left": 0.63196903,
                "right": 0.63196903,
                "top": 0.21773435
            }
        },
        {
            "label": 8,
            "probability": 0.999,
            "rect": {
                "bottom": 0.22634766,
                "left": 0.61977214,
                "right": 0.61977214,
                "top": 0.22634766
            }
        }
    ]
}