{
  "generator": "convert_to_region_cropper.py",
  "file_name": "000000021213.jpg",
  "regions": [
    {
      "probability": 0.999,
      "label": 0,
      "rect": {
        "left": 0.53515625,
        "top": 0.08984375,
        "right": 0.66015625,
        "bottom": 0.24609375
      }
    },
    {
      "probability": 0.999,
      "label": 1,
      "rect": {
        "left": 0.61052114,
        "top": 0.15242578,
        "right": 0.61052114,
        "bottom": 0.15242578
      }
    },
    {
      "probability": 0.999,
      "label": 6,
      "rect": {
        "left": 0.6066527,
        "top": 0.21387199,
        "right": 0.6066527,
        "bottom": 0.21387199
      }
    },
    {
      "probability": 0.999,
      "label": 4,
      "rect": {
        "left": 0.6392315,
        "top": 0.17064162,
        "right": 0.6392315,
        "bottom": 0.17064162
      }
    }
  ],
  "created_at": "2018-08-27T05:55:29.200"
}