{
    "file_name": "000000385454.jpg",
    "generator": "convert_to_region_cropper.py",
    "labels": [
        "position",
        "left_eye",
        "right_eye",
        "left_cheek",
        "right_cheek",
        "nose_base",
        "left_mouth",
        "right_mouth",
        "bottom_mouth"
    ],
    "regions": [
        {
            "label": 0,
            "probability": 0.999,
            "rect": {
                "bottom": 0.34104046,
                "left": 0.546875,
                "right": 0.66796875,
                "top": 0.12138728
            }
        },
        {
            "label": 1,
            "probability": 0.999,
            "rect": {
                "bottom": 0.22698377,
                "left": 0.6224298,
                "right": 0.6224298,
                "top": 0.22698377
            }
        },
        {
            "label": 4,
            "probability": 0.999,
            "rect": {
                "bottom": 0.25176752,
                "left": 0.64578307,
                "right": 0.64578307,
                "top": 0.25176752
            }
        },
        {
            "label": 6,
            "probability": 0.999,
            "rect": {
                "bottom": 0.27968577,
                "left": 0.6211815,
                "right": 0.6211815,
                "top": 0.27968577
            }
        }
    ]
}