{
    "file_name": "000000422677.jpg",
    "generator": "convert_to_region_cropper.py",
    "labels": [
        "position",
        "left_eye",
        "right_eye",
        "left_cheek",
        "right_cheek",
        "nose_base",
        "left_mouth",
        "right_mouth",
        "bottom_mouth"
    ],
    "regions": [
        {
            "label": 0,
            "probability": 0.999,
            "rect": {
                "bottom": 0.18359375,
                "left": 0.42352942,
                "right": 0.62352943,
                "top": 0.01953125
            }
        },
        {
            "label": 1,
            "probability": 0.999,
            "rect": {
                "bottom": 0.105253235,
                "left": 0.5481271,
                "right": 0.5481271,
                "top": 0.105253235
            }
        },
        {
            "label": 4,
            "probability": 0.999,
            "rect": {
                "bottom": 0.113888204,
                "left": 0.5930333,
                "right": 0.5930333,
                "top": 0.113888204
            }
        },
        {
            "label": 5,
            "probability": 0.999,
            "rect": {
                "bottom": 0.14165998,
                "left": 0.52500635,
                "right": 0.52500635,
                "top": 0.14165998
            }
        }
    ]
}