{
    "file_name": "000000017566.jpg",
    "generator": "convert_to_region_cropper.py",
    "labels": [
        "position",
        "left_eye",
        "right_eye",
        "left_cheek",
        "right_cheek",
        "nose_base",
        "left_mouth",
        "right_mouth",
        "bottom_mouth"
    ],
    "regions": [
        {
            "label": 0,
            "probability": 0.999,
            "rect": {
                "bottom": 0.3046875,
                "left": 0.4619883,
                "right": 0.6023392,
                "top": 0.1875
            }
        },
        {
            "label": 2,
            "probability": 0.999,
            "rect": {
                "bottom": 0.2519554,
                "left": 0.50591904,
                "right": 0.50591904,
                "top": 0.2519554
            }
        },
        {
            "label": 7,
            "probability": 0.999,
            "rect": {
                "bottom": 0.28155264,
                "left": 0.51761496,
                "right": 0.51761496,
                "top": 0.28155264
            }
        },
        {
            "label": 8,
            "probability": 0.999,
            "rect": {
                "bottom": 0.28936514,
                "left": 0.54100674,
                "right": 0.54100674,
                "top": 0.28936514
            }
        }
    ]
}