{
  "generator": "convert_to_region_cropper.py",
  "file_name": "000000017587.jpg",
  "regions": [
    {
      "probability": 1.0,
      "label": 0,
      "rect": {
        "left": 0.19726562,
        "top": 0.37279412,
        "right": 0.3388672,
        "bottom": 0.5536765
      }
    },
    {
      "probability": 0.999,
      "label": 0,
      "rect": {
        "left": 0.71484375,
        "top": 0.15625,
        "right": 0.96875,
        "bottom": 0.47265625
      }
    }
  ],
  "created_at": "2018-08-27T03:55:10.716"
}