{
    "file_name": "000000398130.jpg",
    "generator": "convert_to_region_cropper.py",
    "labels": [
        "position",
        "left_eye",
        "right_eye",
        "left_cheek",
        "right_cheek",
        "nose_base",
        "left_mouth",
        "right_mouth",
        "bottom_mouth"
    ],
    "regions": [
        {
            "label": 0,
            "probability": 0.999,
            "rect": {
                "bottom": 0.27734375,
                "left": 0.40234375,
                "right": 0.58203125,
                "top": 0.0546875
            }
        },
        {
            "label": 1,
            "probability": 0.999,
            "rect": {
                "bottom": 0.17559545,
                "left": 0.5258573,
                "right": 0.5258573,
                "top": 0.17559545
            }
        },
        {
            "label": 4,
            "probability": 0.999,
            "rect": {
                "bottom": 0.2026723,
                "left": 0.52933925,
                "right": 0.52933925,
                "top": 0.2026723
            }
        },
        {
            "label": 5,
            "probability": 0.999,
            "rect": {
                "bottom": 0.20892921,
                "left": 0.49186832,
                "right": 0.49186832,
                "top": 0.20892921
            }
        }
    ]
}