{
  "generator": "convert_to_region_cropper.py",
  "file_name": "000000013267.jpg",
  "regions": [
    {
      "probability": 0.999,
      "label": 2,
      "rect": {
        "left": 0.47716168,
        "top": 0.11357845,
        "right": 0.47716168,
        "bottom": 0.11357845
      }
    },
    {
      "probability": 0.999,
      "label": 0,
      "rect": {
        "left": 0.4453125,
        "top": 0.07421875,
        "right": 0.53515625,
        "bottom": 0.1875
      }
    },
    {
      "probability": 0.999,
      "label": 4,
      "rect": {
        "left": 0.50865614,
        "top": 0.13319872,
        "right": 0.50865614,
        "bottom": 0.13319872
      }
    }
  ],
  "created_at": "2018-08-27T03:51:06.674"
}