{
    "file_name": "000000146742.jpg",
    "generator": "convert_to_region_cropper.py",
    "labels": [
        "position",
        "left_eye",
        "right_eye",
        "left_cheek",
        "right_cheek",
        "nose_base",
        "left_mouth",
        "right_mouth",
        "bottom_mouth"
    ],
    "regions": [
        {
            "label": 0,
            "probability": 0.999,
            "rect": {
                "bottom": 0.28125,
                "left": 0.67578125,
                "right": 0.8046875,
                "top": 0.1171875
            }
        },
        {
            "label": 1,
            "probability": 0.999,
            "rect": {
                "bottom": 0.20760852,
                "left": 0.7611448,
                "right": 0.7611448,
                "top": 0.20760852
            }
        },
        {
            "label": 4,
            "probability": 0.999,
            "rect": {
                "bottom": 0.21894555,
                "left": 0.78251445,
                "right": 0.78251445,
                "top": 0.21894555
            }
        },
        {
            "label": 6,
            "probability": 0.999,
            "rect": {
                "bottom": 0.24823815,
                "left": 0.7582821,
                "right": 0.7582821,
                "top": 0.24823815
            }
        }
    ]
}