{
    "file_name": "000000297279.jpg",
    "generator": "convert_to_region_cropper.py",
    "labels": [
        "position",
        "left_eye",
        "right_eye",
        "left_cheek",
        "right_cheek",
        "nose_base",
        "left_mouth",
        "right_mouth",
        "bottom_mouth"
    ],
    "regions": [
        {
            "label": 0,
            "probability": 0.999,
            "rect": {
                "bottom": 0.109375,
                "left": 0.89453125,
                "right": 0.9921875,
                "top": 0.0
            }
        },
        {
            "label": 1,
            "probability": 0.999,
            "rect": {
                "bottom": 0.046495404,
                "left": 0.9573374,
                "right": 0.9573374,
                "top": 0.046495404
            }
        },
        {
            "label": 2,
            "probability": 0.999,
            "rect": {
                "bottom": 0.05765972,
                "left": 0.9332573,
                "right": 0.9332573,
                "top": 0.05765972
            }
        },
        {
            "label": 3,
            "probability": 0.999,
            "rect": {
                "bottom": 0.078547016,
                "left": 0.93575245,
                "right": 0.93575245,
                "top": 0.078547016
            }
        }
    ]
}