{
    "file_name": "000000580678.jpg",
    "generator": "convert_to_region_cropper.py",
    "labels": [
        "position",
        "left_eye",
        "right_eye",
        "left_cheek",
        "right_cheek",
        "nose_base",
        "left_mouth",
        "right_mouth",
        "bottom_mouth"
    ],
    "regions": [
        {
            "label": 0,
            "probability": 0.999,
            "rect": {
                "bottom": 0.58984375,
                "left": 0.1953125,
                "right": 0.65625,
                "top": 0.01171875
            }
        },
        {
            "label": 1,
            "probability": 0.999,
            "rect": {
                "bottom": 0.31377158,
                "left": 0.50353414,
                "right": 0.50353414,
                "top": 0.31377158
            }
        },
        {
            "label": 4,
            "probability": 0.999,
            "rect": {
                "bottom": 0.39137146,
                "left": 0.5931441,
                "right": 0.5931441,
                "top": 0.39137146
            }
        },
        {
            "label": 5,
            "probability": 0.999,
            "rect": {
                "bottom": 0.4277872,
                "left": 0.40801343,
                "right": 0.40801343,
                "top": 0.4277872
            }
        }
    ]
}