{
    "file_name": "000000548471.jpg",
    "generator": "convert_to_region_cropper.py",
    "labels": [
        "position",
        "left_eye",
        "right_eye",
        "left_cheek",
        "right_cheek",
        "nose_base",
        "left_mouth",
        "right_mouth",
        "bottom_mouth"
    ],
    "regions": [
        {
            "label": 0,
            "probability": 0.999,
            "rect": {
                "bottom": 0.51171875,
                "left": 0.2890625,
                "right": 0.3984375,
                "top": 0.375
            }
        },
        {
            "label": 2,
            "probability": 0.999,
            "rect": {
                "bottom": 0.45445126,
                "left": 0.33058646,
                "right": 0.33058646,
                "top": 0.45445126
            }
        },
        {
            "label": 3,
            "probability": 0.999,
            "rect": {
                "bottom": 0.4712557,
                "left": 0.31730625,
                "right": 0.31730625,
                "top": 0.4712557
            }
        },
        {
            "label": 7,
            "probability": 0.999,
            "rect": {
                "bottom": 0.48807678,
                "left": 0.34461242,
                "right": 0.34461242,
                "top": 0.48807678
            }
        }
    ]
}