{
  "generator": "convert_to_region_cropper.py",
  "file_name": "000000024723.jpg",
  "regions": [
    {
      "probability": 0.999,
      "label": 0,
      "rect": {
        "left": 0.3984375,
        "top": 0.36328125,
        "right": 0.53125,
        "bottom": 0.53125
      }
    },
    {
      "probability": 0.999,
      "label": 1,
      "rect": {
        "left": 0.44519913,
        "top": 0.45764443,
        "right": 0.44519913,
        "bottom": 0.45764443
      }
    },
    {
      "probability": 0.999,
      "label": 4,
      "rect": {
        "left": 0.47356203,
        "top": 0.4506212,
        "right": 0.47356203,
        "bottom": 0.4506212
      }
    },
    {
      "probability": 0.999,
      "label": 6,
      "rect": {
        "left": 0.47073218,
        "top": 0.4868301,
        "right": 0.47073218,
        "bottom": 0.4868301
      }
    }
  ],
  "created_at": "2018-08-27T06:09:14.986"
}