{
    "file_name": "000000545155.jpg",
    "generator": "convert_to_region_cropper.py",
    "labels": [
        "position",
        "left_eye",
        "right_eye",
        "left_cheek",
        "right_cheek",
        "nose_base",
        "left_mouth",
        "right_mouth",
        "bottom_mouth"
    ],
    "regions": [
        {
            "label": 0,
            "probability": 0.999,
            "rect": {
                "bottom": 0.2734375,
                "left": 0.7421875,
                "right": 0.87109375,
                "top": 0.109375
            }
        },
        {
            "label": 2,
            "probability": 0.999,
            "rect": {
                "bottom": 0.19738497,
                "left": 0.79690707,
                "right": 0.79690707,
                "top": 0.19738497
            }
        },
        {
            "label": 5,
            "probability": 0.999,
            "rect": {
                "bottom": 0.22454934,
                "left": 0.80391556,
                "right": 0.80391556,
                "top": 0.22454934
            }
        },
        {
            "label": 8,
            "probability": 0.999,
            "rect": {
                "bottom": 0.24643782,
                "left": 0.79610306,
                "right": 0.79610306,
                "top": 0.24643782
            }
        }
    ]
}