{
    "file_name": "000000232936.jpg",
    "generator": "convert_to_region_cropper.py",
    "labels": [
        "position",
        "left_eye",
        "right_eye",
        "left_cheek",
        "right_cheek",
        "nose_base",
        "left_mouth",
        "right_mouth",
        "bottom_mouth"
    ],
    "regions": [
        {
            "label": 0,
            "probability": 0.999,
            "rect": {
                "bottom": 0.33333334,
                "left": 0.0546875,
                "right": 0.15625,
                "top": 0.13450292
            }
        },
        {
            "label": 2,
            "probability": 0.999,
            "rect": {
                "bottom": 0.24285217,
                "left": 0.10026981,
                "right": 0.10026981,
                "top": 0.24285217
            }
        },
        {
            "label": 3,
            "probability": 0.999,
            "rect": {
                "bottom": 0.24416934,
                "left": 0.07616986,
                "right": 0.07616986,
                "top": 0.24416934
            }
        },
        {
            "label": 7,
            "probability": 0.999,
            "rect": {
                "bottom": 0.281292,
                "left": 0.0910995,
                "right": 0.0910995,
                "top": 0.281292
            }
        }
    ]
}