{
    "file_name": "000000125120.jpg",
    "generator": "convert_to_region_cropper.py",
    "labels": [
        "position",
        "left_eye",
        "right_eye",
        "left_cheek",
        "right_cheek",
        "nose_base",
        "left_mouth",
        "right_mouth",
        "bottom_mouth"
    ],
    "regions": [
        {
            "label": 0,
            "probability": 0.999,
            "rect": {
                "bottom": 0.3359375,
                "left": 0.3828125,
                "right": 0.49609375,
                "top": 0.1953125
            }
        },
        {
            "label": 2,
            "probability": 0.999,
            "rect": {
                "bottom": 0.27197507,
                "left": 0.4212249,
                "right": 0.4212249,
                "top": 0.27197507
            }
        },
        {
            "label": 3,
            "probability": 0.999,
            "rect": {
                "bottom": 0.29164442,
                "left": 0.42047685,
                "right": 0.42047685,
                "top": 0.29164442
            }
        },
        {
            "label": 5,
            "probability": 0.999,
            "rect": {
                "bottom": 0.29498848,
                "left": 0.43998772,
                "right": 0.43998772,
                "top": 0.29498848
            }
        }
    ]
}