{
  "generator": "convert_to_region_cropper.py",
  "file_name": "000000013565.jpg",
  "regions": [
    {
      "probability": 0.999,
      "label": 0,
      "rect": {
        "left": 0.625,
        "top": 0.30078125,
        "right": 0.80078125,
        "bottom": 0.51953125
      }
    },
    {
      "probability": 0.999,
      "label": 1,
      "rect": {
        "left": 0.72844255,
        "top": 0.42043558,
        "right": 0.72844255,
        "bottom": 0.42043558
      }
    },
    {
      "probability": 1.0,
      "label": 0,
      "rect": {
        "left": 0.39899397,
        "top": 0.6135402,
        "right": 0.54165196,
        "bottom": 0.82087445
      }
    },
    {
      "probability": 0.999,
      "label": 4,
      "rect": {
        "left": 0.748249,
        "top": 0.43843418,
        "right": 0.748249,
        "bottom": 0.43843418
      }
    }
  ],
  "created_at": "2018-08-27T03:51:15.584"
}