{
    "file_name": "000000263760.jpg",
    "generator": "convert_to_region_cropper.py",
    "labels": [
        "position",
        "left_eye",
        "right_eye",
        "left_cheek",
        "right_cheek",
        "nose_base",
        "left_mouth",
        "right_mouth",
        "bottom_mouth"
    ],
    "regions": [
        {
            "label": 0,
            "probability": 0.999,
            "rect": {
                "bottom": 0.33984375,
                "left": 0.625,
                "right": 0.7421875,
                "top": 0.1953125
            }
        },
        {
            "label": 1,
            "probability": 0.999,
            "rect": {
                "bottom": 0.27312243,
                "left": 0.70278496,
                "right": 0.70278496,
                "top": 0.27312243
            }
        },
        {
            "label": 2,
            "probability": 0.999,
            "rect": {
                "bottom": 0.27373457,
                "left": 0.6739764,
                "right": 0.6739764,
                "top": 0.27373457
            }
        },
        {
            "label": 5,
            "probability": 0.999,
            "rect": {
                "bottom": 0.30635017,
                "left": 0.68194586,
                "right": 0.68194586,
                "top": 0.30635017
            }
        }
    ]
}