{
    "file_name": "000000395426.jpg",
    "generator": "convert_to_region_cropper.py",
    "labels": [
        "position",
        "left_eye",
        "right_eye",
        "left_cheek",
        "right_cheek",
        "nose_base",
        "left_mouth",
        "right_mouth",
        "bottom_mouth"
    ],
    "regions": [
        {
            "label": 0,
            "probability": 0.999,
            "rect": {
                "bottom": 0.375,
                "left": 0.06640625,
                "right": 0.171875,
                "top": 0.24609375
            }
        },
        {
            "label": 2,
            "probability": 0.999,
            "rect": {
                "bottom": 0.31630993,
                "left": 0.10625059,
                "right": 0.10625059,
                "top": 0.31630993
            }
        },
        {
            "label": 3,
            "probability": 0.999,
            "rect": {
                "bottom": 0.33310205,
                "left": 0.08870918,
                "right": 0.08870918,
                "top": 0.33310205
            }
        },
        {
            "label": 7,
            "probability": 0.999,
            "rect": {
                "bottom": 0.3515017,
                "left": 0.10897878,
                "right": 0.10897878,
                "top": 0.3515017
            }
        }
    ]
}