{
    "file_name": "000000470472.jpg",
    "generator": "convert_to_region_cropper.py",
    "labels": [
        "position",
        "left_eye",
        "right_eye",
        "left_cheek",
        "right_cheek",
        "nose_base",
        "left_mouth",
        "right_mouth",
        "bottom_mouth"
    ],
    "regions": [
        {
            "label": 0,
            "probability": 0.999,
            "rect": {
                "bottom": 0.6145833,
                "left": 0.765625,
                "right": 0.9765625,
                "top": 0.26041666
            }
        },
        {
            "label": 1,
            "probability": 0.999,
            "rect": {
                "bottom": 0.45537832,
                "left": 0.8686511,
                "right": 0.8686511,
                "top": 0.45537832
            }
        },
        {
            "label": 4,
            "probability": 0.999,
            "rect": {
                "bottom": 0.44419456,
                "left": 0.92537993,
                "right": 0.92537993,
                "top": 0.44419456
            }
        },
        {
            "label": 6,
            "probability": 0.999,
            "rect": {
                "bottom": 0.5193074,
                "left": 0.9157996,
                "right": 0.9157996,
                "top": 0.5193074
            }
        }
    ]
}