{
  "generator": "convert_to_region_cropper.py",
  "file_name": "000000019157.jpg",
  "regions": [
    {
      "probability": 0.999,
      "label": 0,
      "rect": {
        "left": 0.7578125,
        "top": 0.07421875,
        "right": 0.8515625,
        "bottom": 0.19140625
      }
    },
    {
      "probability": 1.0,
      "label": 0,
      "rect": {
        "left": 0.8770275,
        "top": 0.13822284,
        "right": 0.93618876,
        "bottom": 0.22990127
      }
    }
  ],
  "created_at": "2018-08-27T03:57:07.284"
}