{
    "file_name": "000000110187.jpg",
    "generator": "convert_to_region_cropper.py",
    "labels": [
        "position",
        "left_eye",
        "right_eye",
        "left_cheek",
        "right_cheek",
        "nose_base",
        "left_mouth",
        "right_mouth",
        "bottom_mouth"
    ],
    "regions": [
        {
            "label": 0,
            "probability": 0.999,
            "rect": {
                "bottom": 0.76171875,
                "left": 0.328125,
                "right": 0.453125,
                "top": 0.60546875
            }
        },
        {
            "label": 1,
            "probability": 0.999,
            "rect": {
                "bottom": 0.69154304,
                "left": 0.42162645,
                "right": 0.42162645,
                "top": 0.69154304
            }
        },
        {
            "label": 2,
            "probability": 0.999,
            "rect": {
                "bottom": 0.6909065,
                "left": 0.38758934,
                "right": 0.38758934,
                "top": 0.6909065
            }
        },
        {
            "label": 4,
            "probability": 0.999,
            "rect": {
                "bottom": 0.6973613,
                "left": 0.43831584,
                "right": 0.43831584,
                "top": 0.6973613
            }
        }
    ]
}