{
    "file_name": "000000289236.jpg",
    "generator": "convert_to_region_cropper.py",
    "labels": [
        "position",
        "left_eye",
        "right_eye",
        "left_cheek",
        "right_cheek",
        "nose_base",
        "left_mouth",
        "right_mouth",
        "bottom_mouth"
    ],
    "regions": [
        {
            "label": 0,
            "probability": 0.999,
            "rect": {
                "bottom": 0.32421875,
                "left": 0.40234375,
                "right": 0.52734375,
                "top": 0.16796875
            }
        },
        {
            "label": 2,
            "probability": 0.999,
            "rect": {
                "bottom": 0.25542012,
                "left": 0.44647744,
                "right": 0.44647744,
                "top": 0.25542012
            }
        },
        {
            "label": 7,
            "probability": 0.999,
            "rect": {
                "bottom": 0.28860533,
                "left": 0.45629236,
                "right": 0.45629236,
                "top": 0.28860533
            }
        },
        {
            "label": 8,
            "probability": 0.999,
            "rect": {
                "bottom": 0.2907814,
                "left": 0.46850955,
                "right": 0.46850955,
                "top": 0.2907814
            }
        }
    ]
}