{
  "generator": "convert_to_region_cropper.py",
  "file_name": "000000026466.jpg",
  "regions": [
    {
      "probability": 0.999,
      "label": 0,
      "rect": {
        "left": 0.54296875,
        "top": 0.5906433,
        "right": 0.6640625,
        "bottom": 0.8187134
      }
    },
    {
      "probability": 0.999,
      "label": 1,
      "rect": {
        "left": 0.6067337,
        "top": 0.7130362,
        "right": 0.6067337,
        "bottom": 0.7130362
      }
    },
    {
      "probability": 0.999,
      "label": 4,
      "rect": {
        "left": 0.6212422,
        "top": 0.75414485,
        "right": 0.6212422,
        "bottom": 0.75414485
      }
    }
  ],
  "created_at": "2018-08-27T06:10:53.911"
}