{
    "file_name": "000000360179.jpg",
    "generator": "convert_to_region_cropper.py",
    "labels": [
        "position",
        "left_eye",
        "right_eye",
        "left_cheek",
        "right_cheek",
        "nose_base",
        "left_mouth",
        "right_mouth",
        "bottom_mouth"
    ],
    "regions": [
        {
            "label": 0,
            "probability": 0.999,
            "rect": {
                "bottom": 0.3984375,
                "left": 0.58984375,
                "right": 0.69140625,
                "top": 0.26953125
            }
        },
        {
            "label": 4,
            "probability": 0.999,
            "rect": {
                "bottom": 0.3511798,
                "left": 0.678002,
                "right": 0.678002,
                "top": 0.3511798
            }
        },
        {
            "label": 6,
            "probability": 0.999,
            "rect": {
                "bottom": 0.37175468,
                "left": 0.65433186,
                "right": 0.65433186,
                "top": 0.37175468
            }
        },
        {
            "label": 8,
            "probability": 0.999,
            "rect": {
                "bottom": 0.36337844,
                "left": 0.6401032,
                "right": 0.6401032,
                "top": 0.36337844
            }
        }
    ]
}