{
    "file_name": "000000149233.jpg",
    "generator": "convert_to_region_cropper.py",
    "labels": [
        "position",
        "left_eye",
        "right_eye",
        "left_cheek",
        "right_cheek",
        "nose_base",
        "left_mouth",
        "right_mouth",
        "bottom_mouth"
    ],
    "regions": [
        {
            "label": 0,
            "probability": 0.999,
            "rect": {
                "bottom": 0.40234375,
                "left": 0.125,
                "right": 0.4296875,
                "top": 0.01953125
            }
        },
        {
            "label": 1,
            "probability": 0.999,
            "rect": {
                "bottom": 0.21057415,
                "left": 0.30934125,
                "right": 0.30934125,
                "top": 0.21057415
            }
        },
        {
            "label": 4,
            "probability": 0.999,
            "rect": {
                "bottom": 0.24067296,
                "left": 0.35874313,
                "right": 0.35874313,
                "top": 0.24067296
            }
        },
        {
            "label": 6,
            "probability": 0.999,
            "rect": {
                "bottom": 0.34719062,
                "left": 0.33096632,
                "right": 0.33096632,
                "top": 0.34719062
            }
        }
    ]
}