{
    "file_name": "000000258853.jpg",
    "generator": "convert_to_region_cropper.py",
    "labels": [
        "position",
        "left_eye",
        "right_eye",
        "left_cheek",
        "right_cheek",
        "nose_base",
        "left_mouth",
        "right_mouth",
        "bottom_mouth"
    ],
    "regions": [
        {
            "label": 0,
            "probability": 0.999,
            "rect": {
                "bottom": 0.34895834,
                "left": 0.40234375,
                "right": 0.52734375,
                "top": 0.14583333
            }
        },
        {
            "label": 1,
            "probability": 0.999,
            "rect": {
                "bottom": 0.25442502,
                "left": 0.48247653,
                "right": 0.48247653,
                "top": 0.25442502
            }
        },
        {
            "label": 2,
            "probability": 0.999,
            "rect": {
                "bottom": 0.2548189,
                "left": 0.4573723,
                "right": 0.4573723,
                "top": 0.2548189
            }
        },
        {
            "label": 5,
            "probability": 0.999,
            "rect": {
                "bottom": 0.29050395,
                "left": 0.46137896,
                "right": 0.46137896,
                "top": 0.29050395
            }
        }
    ]
}