{
  "generator": "convert_to_region_cropper.py",
  "file_name": "000000015725.jpg",
  "regions": [
    {
      "probability": 0.999,
      "label": 0,
      "rect": {
        "left": 0.53125,
        "top": 0.203125,
        "right": 0.6640625,
        "bottom": 0.43229166
      }
    },
    {
      "probability": 0.999,
      "label": 1,
      "rect": {
        "left": 0.573812,
        "top": 0.28994218,
        "right": 0.573812,
        "bottom": 0.28994218
      }
    },
    {
      "probability": 0.999,
      "label": 5,
      "rect": {
        "left": 0.56872034,
        "top": 0.32151464,
        "right": 0.56872034,
        "bottom": 0.32151464
      }
    },
    {
      "probability": 0.999,
      "label": 6,
      "rect": {
        "left": 0.5657188,
        "top": 0.3494955,
        "right": 0.5657188,
        "bottom": 0.3494955
      }
    }
  ],
  "created_at": "2018-08-27T03:53:32.534"
}