{
    "file_name": "000000560349.jpg",
    "generator": "convert_to_region_cropper.py",
    "labels": [
        "position",
        "left_eye",
        "right_eye",
        "left_cheek",
        "right_cheek",
        "nose_base",
        "left_mouth",
        "right_mouth",
        "bottom_mouth"
    ],
    "regions": [
        {
            "label": 0,
            "probability": 0.999,
            "rect": {
                "bottom": 0.39453125,
                "left": 0.29296875,
                "right": 0.421875,
                "top": 0.234375
            }
        },
        {
            "label": 1,
            "probability": 0.999,
            "rect": {
                "bottom": 0.31944886,
                "left": 0.3768276,
                "right": 0.3768276,
                "top": 0.31944886
            }
        },
        {
            "label": 2,
            "probability": 0.999,
            "rect": {
                "bottom": 0.32487932,
                "left": 0.34605643,
                "right": 0.34605643,
                "top": 0.32487932
            }
        },
        {
            "label": 4,
            "probability": 0.999,
            "rect": {
                "bottom": 0.31372184,
                "left": 0.39788958,
                "right": 0.39788958,
                "top": 0.31372184
            }
        }
    ]
}