{
  "generator": "convert_to_region_cropper.py",
  "file_name": "000000000529.jpg",
  "regions": [
    {
      "probability": 1.0,
      "label": 0,
      "rect": {
        "left": 0.42187333,
        "top": 0.16078985,
        "right": 0.56334597,
        "bottom": 0.2651622
      }
    },
    {
      "probability": 0.999,
      "label": 3,
      "rect": {
        "left": 0.5947041,
        "top": 0.2078615,
        "right": 0.5947041,
        "bottom": 0.2078615
      }
    },
    {
      "probability": 0.999,
      "label": 0,
      "rect": {
        "left": 0.5614035,
        "top": 0.14453125,
        "right": 0.7017544,
        "bottom": 0.26171875
      }
    }
  ],
  "created_at": "2018-08-27T03:35:03.996"
}