{
    "file_name": "000000576607.jpg",
    "generator": "convert_to_region_cropper.py",
    "labels": [
        "position",
        "left_eye",
        "right_eye",
        "left_cheek",
        "right_cheek",
        "nose_base",
        "left_mouth",
        "right_mouth",
        "bottom_mouth"
    ],
    "regions": [
        {
            "label": 0,
            "probability": 0.999,
            "rect": {
                "bottom": 0.1875,
                "left": 0.43359375,
                "right": 0.546875,
                "top": 0.04296875
            }
        },
        {
            "label": 1,
            "probability": 0.999,
            "rect": {
                "bottom": 0.11955303,
                "left": 0.5006774,
                "right": 0.5006774,
                "top": 0.11955303
            }
        },
        {
            "label": 5,
            "probability": 0.999,
            "rect": {
                "bottom": 0.1516714,
                "left": 0.49807218,
                "right": 0.49807218,
                "top": 0.1516714
            }
        },
        {
            "label": 8,
            "probability": 0.999,
            "rect": {
                "bottom": 0.16936329,
                "left": 0.49712837,
                "right": 0.49712837,
                "top": 0.16936329
            }
        }
    ]
}