{
    "file_name": "000000194153.jpg",
    "generator": "convert_to_region_cropper.py",
    "labels": [
        "position",
        "left_eye",
        "right_eye",
        "left_cheek",
        "right_cheek",
        "nose_base",
        "left_mouth",
        "right_mouth",
        "bottom_mouth"
    ],
    "regions": [
        {
            "label": 0,
            "probability": 0.999,
            "rect": {
                "bottom": 0.30078125,
                "left": 0.38947368,
                "right": 0.5105263,
                "top": 0.1875
            }
        },
        {
            "label": 2,
            "probability": 0.999,
            "rect": {
                "bottom": 0.24715823,
                "left": 0.43451178,
                "right": 0.43451178,
                "top": 0.24715823
            }
        },
        {
            "label": 3,
            "probability": 0.999,
            "rect": {
                "bottom": 0.2624188,
                "left": 0.42604566,
                "right": 0.42604566,
                "top": 0.2624188
            }
        },
        {
            "label": 4,
            "probability": 0.999,
            "rect": {
                "bottom": 0.2711774,
                "left": 0.47216845,
                "right": 0.47216845,
                "top": 0.2711774
            }
        }
    ]
}