{
    "created_at": "2018-09-06T14:45:13.924743",
    "file_name": "000000133056.jpg",
    "generator": "convert_to_region_cropper.py",
    "labels": [
        "position",
        "left_eye",
        "right_eye",
        "left_cheek",
        "right_cheek",
        "nose_base",
        "left_mouth",
        "right_mouth",
        "bottom_mouth"
    ],
    "regions": [
        {
            "label": 0,
            "probability": 0.999,
            "rect": {
                "bottom": 0.515625,
                "left": 0.57421875,
                "right": 0.66796875,
                "top": 0.3984375
            }
        },
        {
            "label": 4,
            "probability": 0.999,
            "rect": {
                "bottom": 0.47692537,
                "left": 0.6404782,
                "right": 0.6404782,
                "top": 0.47692537
            }
        },
        {
            "label": 7,
            "probability": 0.999,
            "rect": {
                "bottom": 0.4925504,
                "left": 0.61313444,
                "right": 0.61313444,
                "top": 0.4925504
            }
        },
        {
            "label": 0,
            "probability": 0.999,
            "rect": {
                "bottom": 0.49609375,
                "left": 0.3828125,
                "right": 0.47265625,
                "top": 0.3828125
            }
        }
    ]
}