{
    "created_at": "2018-09-06T14:46:26.852068",
    "file_name": "000000454402.jpg",
    "generator": "convert_to_region_cropper.py",
    "labels": [
        "position",
        "left_eye",
        "right_eye",
        "left_cheek",
        "right_cheek",
        "nose_base",
        "left_mouth",
        "right_mouth",
        "bottom_mouth"
    ],
    "regions": [
        {
            "label": 0,
            "probability": 0.999,
            "rect": {
                "bottom": 0.1875,
                "left": 0.39453125,
                "right": 0.515625,
                "top": 0.03515625
            }
        },
        {
            "label": 1,
            "probability": 0.999,
            "rect": {
                "bottom": 0.11286918,
                "left": 0.47301325,
                "right": 0.47301325,
                "top": 0.11286918
            }
        },
        {
            "label": 4,
            "probability": 0.999,
            "rect": {
                "bottom": 0.1221486,
                "left": 0.49460158,
                "right": 0.49460158,
                "top": 0.1221486
            }
        },
        {
            "label": 6,
            "probability": 0.999,
            "rect": {
                "bottom": 0.14846691,
                "left": 0.47736567,
                "right": 0.47736567,
                "top": 0.14846691
            }
        }
    ]
}