{
    "created_at": "2018-09-06T14:44:51.135166",
    "file_name": "000000038951.jpg",
    "generator": "convert_to_region_cropper.py",
    "labels": [
        "position",
        "left_eye",
        "right_eye",
        "left_cheek",
        "right_cheek",
        "nose_base",
        "left_mouth",
        "right_mouth",
        "bottom_mouth"
    ],
    "regions": [
        {
            "label": 0,
            "probability": 0.999,
            "rect": {
                "bottom": 0.37109375,
                "left": 0.64453125,
                "right": 0.75,
                "top": 0.2421875
            }
        },
        {
            "label": 2,
            "probability": 0.999,
            "rect": {
                "bottom": 0.32149795,
                "left": 0.68916863,
                "right": 0.68916863,
                "top": 0.32149795
            }
        },
        {
            "label": 4,
            "probability": 0.999,
            "rect": {
                "bottom": 0.3141752,
                "left": 0.73580784,
                "right": 0.73580784,
                "top": 0.3141752
            }
        },
        {
            "label": 5,
            "probability": 0.999,
            "rect": {
                "bottom": 0.34322983,
                "left": 0.70308197,
                "right": 0.70308197,
                "top": 0.34322983
            }
        }
    ]
}