{
    "created_at": "2018-09-06T14:45:17.021911",
    "file_name": "000000147814.jpg",
    "generator": "convert_to_region_cropper.py",
    "labels": [
        "position",
        "left_eye",
        "right_eye",
        "left_cheek",
        "right_cheek",
        "nose_base",
        "left_mouth",
        "right_mouth",
        "bottom_mouth"
    ],
    "regions": [
        {
            "label": 0,
            "probability": 0.999,
            "rect": {
                "bottom": 0.25390625,
                "left": 0.234375,
                "right": 0.3828125,
                "top": 0.06640625
            }
        },
        {
            "label": 2,
            "probability": 0.999,
            "rect": {
                "bottom": 0.17003976,
                "left": 0.2990445,
                "right": 0.2990445,
                "top": 0.17003976
            }
        },
        {
            "label": 6,
            "probability": 0.999,
            "rect": {
                "bottom": 0.24130353,
                "left": 0.33114123,
                "right": 0.33114123,
                "top": 0.24130353
            }
        },
        {
            "label": 8,
            "probability": 0.999,
            "rect": {
                "bottom": 0.2505274,
                "left": 0.31341806,
                "right": 0.31341806,
                "top": 0.2505274
            }
        }
    ]
}