{
    "created_at": "2018-09-06T14:46:27.494822",
    "file_name": "000000457625.jpg",
    "generator": "convert_to_region_cropper.py",
    "labels": [
        "position",
        "left_eye",
        "right_eye",
        "left_cheek",
        "right_cheek",
        "nose_base",
        "left_mouth",
        "right_mouth",
        "bottom_mouth"
    ],
    "regions": [
        {
            "label": 0,
            "probability": 0.999,
            "rect": {
                "bottom": 0.3671875,
                "left": 0.5078125,
                "right": 0.7421875,
                "top": 0.07421875
            }
        },
        {
            "label": 1,
            "probability": 0.999,
            "rect": {
                "bottom": 0.22557455,
                "left": 0.64770854,
                "right": 0.64770854,
                "top": 0.22557455
            }
        },
        {
            "label": 5,
            "probability": 0.999,
            "rect": {
                "bottom": 0.27856886,
                "left": 0.6335057,
                "right": 0.6335057,
                "top": 0.27856886
            }
        },
        {
            "label": 7,
            "probability": 0.999,
            "rect": {
                "bottom": 0.29364675,
                "left": 0.5964147,
                "right": 0.5964147,
                "top": 0.29364675
            }
        }
    ]
}