{
    "created_at": "2018-09-06T14:46:27.513256",
    "file_name": "000000457702.jpg",
    "generator": "convert_to_region_cropper.py",
    "labels": [
        "position",
        "left_eye",
        "right_eye",
        "left_cheek",
        "right_cheek",
        "nose_base",
        "left_mouth",
        "right_mouth",
        "bottom_mouth"
    ],
    "regions": [
        {
            "label": 0,
            "probability": 0.999,
            "rect": {
                "bottom": 0.1953125,
                "left": 0.23046875,
                "right": 0.34765625,
                "top": 0.046875
            }
        },
        {
            "label": 1,
            "probability": 0.999,
            "rect": {
                "bottom": 0.12633128,
                "left": 0.30260023,
                "right": 0.30260023,
                "top": 0.12633128
            }
        },
        {
            "label": 2,
            "probability": 0.999,
            "rect": {
                "bottom": 0.12636244,
                "left": 0.27345333,
                "right": 0.27345333,
                "top": 0.12636244
            }
        },
        {
            "label": 3,
            "probability": 0.999,
            "rect": {
                "bottom": 0.13445087,
                "left": 0.25448418,
                "right": 0.25448418,
                "top": 0.13445087
            }
        }
    ]
}