{
    "created_at": "2018-09-06T14:46:22.533169",
    "file_name": "000000435496.jpg",
    "generator": "convert_to_region_cropper.py",
    "labels": [
        "position",
        "left_eye",
        "right_eye",
        "left_cheek",
        "right_cheek",
        "nose_base",
        "left_mouth",
        "right_mouth",
        "bottom_mouth"
    ],
    "regions": [
        {
            "label": 0,
            "probability": 0.999,
            "rect": {
                "bottom": 0.16015625,
                "left": 0.66796875,
                "right": 0.8046875,
                "top": 0.0
            }
        },
        {
            "label": 1,
            "probability": 0.999,
            "rect": {
                "bottom": 0.080230795,
                "left": 0.75267094,
                "right": 0.75267094,
                "top": 0.080230795
            }
        },
        {
            "label": 4,
            "probability": 0.999,
            "rect": {
                "bottom": 0.10479333,
                "left": 0.77648216,
                "right": 0.77648216,
                "top": 0.10479333
            }
        }
    ]
}