{
    "created_at": "2018-09-06T14:46:05.936212",
    "file_name": "000000361810.jpg",
    "generator": "convert_to_region_cropper.py",
    "labels": [
        "position",
        "left_eye",
        "right_eye",
        "left_cheek",
        "right_cheek",
        "nose_base",
        "left_mouth",
        "right_mouth",
        "bottom_mouth"
    ],
    "regions": [
        {
            "label": 0,
            "probability": 0.999,
            "rect": {
                "bottom": 0.265625,
                "left": 0.3515625,
                "right": 0.46484375,
                "top": 0.12109375
            }
        },
        {
            "label": 1,
            "probability": 0.999,
            "rect": {
                "bottom": 0.20243476,
                "left": 0.4266719,
                "right": 0.4266719,
                "top": 0.20243476
            }
        },
        {
            "label": 4,
            "probability": 0.999,
            "rect": {
                "bottom": 0.21530208,
                "left": 0.4512614,
                "right": 0.4512614,
                "top": 0.21530208
            }
        },
        {
            "label": 6,
            "probability": 0.999,
            "rect": {
                "bottom": 0.23165804,
                "left": 0.4192313,
                "right": 0.4192313,
                "top": 0.23165804
            }
        }
    ]
}