{
    "created_at": "2018-09-06T14:45:30.574241",
    "file_name": "000000206310.jpg",
    "generator": "convert_to_region_cropper.py",
    "labels": [
        "position",
        "left_eye",
        "right_eye",
        "left_cheek",
        "right_cheek",
        "nose_base",
        "left_mouth",
        "right_mouth",
        "bottom_mouth"
    ],
    "regions": [
        {
            "label": 0,
            "probability": 0.999,
            "rect": {
                "bottom": 0.52734375,
                "left": 0.5859375,
                "right": 0.71484375,
                "top": 0.3671875
            }
        },
        {
            "label": 4,
            "probability": 0.999,
            "rect": {
                "bottom": 0.47941402,
                "left": 0.6816373,
                "right": 0.6816373,
                "top": 0.47941402
            }
        },
        {
            "label": 6,
            "probability": 0.999,
            "rect": {
                "bottom": 0.4915748,
                "left": 0.67375153,
                "right": 0.67375153,
                "top": 0.4915748
            }
        }
    ]
}