{
    "created_at": "2018-09-06T14:46:23.333387",
    "file_name": "000000439012.jpg",
    "generator": "convert_to_region_cropper.py",
    "labels": [
        "position",
        "left_eye",
        "right_eye",
        "left_cheek",
        "right_cheek",
        "nose_base",
        "left_mouth",
        "right_mouth",
        "bottom_mouth"
    ],
    "regions": [
        {
            "label": 0,
            "probability": 0.999,
            "rect": {
                "bottom": 0.359375,
                "left": 0.09375,
                "right": 0.19140625,
                "top": 0.23828125
            }
        },
        {
            "label": 2,
            "probability": 0.999,
            "rect": {
                "bottom": 0.30436033,
                "left": 0.13634095,
                "right": 0.13634095,
                "top": 0.30436033
            }
        },
        {
            "label": 3,
            "probability": 0.999,
            "rect": {
                "bottom": 0.30915505,
                "left": 0.11845226,
                "right": 0.11845226,
                "top": 0.30915505
            }
        }
    ]
}