{
    "created_at": "2018-09-06T14:45:41.472338",
    "file_name": "000000254757.jpg",
    "generator": "convert_to_region_cropper.py",
    "labels": [
        "position",
        "left_eye",
        "right_eye",
        "left_cheek",
        "right_cheek",
        "nose_base",
        "left_mouth",
        "right_mouth",
        "bottom_mouth"
    ],
    "regions": [
        {
            "label": 0,
            "probability": 0.999,
            "rect": {
                "bottom": 0.35546875,
                "left": 0.58984375,
                "right": 0.69140625,
                "top": 0.22265625
            }
        },
        {
            "label": 1,
            "probability": 0.999,
            "rect": {
                "bottom": 0.29725122,
                "left": 0.65719247,
                "right": 0.65719247,
                "top": 0.29725122
            }
        },
        {
            "label": 6,
            "probability": 0.999,
            "rect": {
                "bottom": 0.33240747,
                "left": 0.66500497,
                "right": 0.66500497,
                "top": 0.33240747
            }
        }
    ]
}