{
    "created_at": "2018-09-06T14:45:52.675593",
    "file_name": "000000304877.jpg",
    "generator": "convert_to_region_cropper.py",
    "labels": [
        "position",
        "left_eye",
        "right_eye",
        "left_cheek",
        "right_cheek",
        "nose_base",
        "left_mouth",
        "right_mouth",
        "bottom_mouth"
    ],
    "regions": [
        {
            "label": 0,
            "probability": 0.999,
            "rect": {
                "bottom": 0.375,
                "left": 0.50390625,
                "right": 0.66015625,
                "top": 0.1796875
            }
        },
        {
            "label": 1,
            "probability": 0.999,
            "rect": {
                "bottom": 0.28575802,
                "left": 0.5993327,
                "right": 0.5993327,
                "top": 0.28575802
            }
        },
        {
            "label": 2,
            "probability": 0.999,
            "rect": {
                "bottom": 0.28735602,
                "left": 0.56019896,
                "right": 0.56019896,
                "top": 0.28735602
            }
        },
        {
            "label": 4,
            "probability": 0.999,
            "rect": {
                "bottom": 0.29961562,
                "left": 0.6248679,
                "right": 0.6248679,
                "top": 0.29961562
            }
        }
    ]
}