{
    "created_at": "2018-09-06T14:46:00.344202",
    "file_name": "000000337742.jpg",
    "generator": "convert_to_region_cropper.py",
    "labels": [
        "position",
        "left_eye",
        "right_eye",
        "left_cheek",
        "right_cheek",
        "nose_base",
        "left_mouth",
        "right_mouth",
        "bottom_mouth"
    ],
    "regions": [
        {
            "label": 0,
            "probability": 0.999,
            "rect": {
                "bottom": 0.5234375,
                "left": 0.3984375,
                "right": 0.6171875,
                "top": 0.24609375
            }
        },
        {
            "label": 1,
            "probability": 0.999,
            "rect": {
                "bottom": 0.39711672,
                "left": 0.5372274,
                "right": 0.5372274,
                "top": 0.39711672
            }
        },
        {
            "label": 4,
            "probability": 0.999,
            "rect": {
                "bottom": 0.4184301,
                "left": 0.5874393,
                "right": 0.5874393,
                "top": 0.4184301
            }
        },
        {
            "label": 6,
            "probability": 0.999,
            "rect": {
                "bottom": 0.4764465,
                "left": 0.5404182,
                "right": 0.5404182,
                "top": 0.4764465
            }
        }
    ]
}