{
    "created_at": "2018-09-06T14:45:45.962939",
    "file_name": "000000275935.jpg",
    "generator": "convert_to_region_cropper.py",
    "labels": [
        "position",
        "left_eye",
        "right_eye",
        "left_cheek",
        "right_cheek",
        "nose_base",
        "left_mouth",
        "right_mouth",
        "bottom_mouth"
    ],
    "regions": [
        {
            "label": 0,
            "probability": 0.999,
            "rect": {
                "bottom": 0.4140625,
                "left": 0.30859375,
                "right": 0.48828125,
                "top": 0.19140625
            }
        },
        {
            "label": 2,
            "probability": 0.999,
            "rect": {
                "bottom": 0.31400433,
                "left": 0.37527072,
                "right": 0.37527072,
                "top": 0.31400433
            }
        },
        {
            "label": 3,
            "probability": 0.999,
            "rect": {
                "bottom": 0.35132092,
                "left": 0.35767367,
                "right": 0.35767367,
                "top": 0.35132092
            }
        },
        {
            "label": 7,
            "probability": 0.999,
            "rect": {
                "bottom": 0.36897907,
                "left": 0.39821473,
                "right": 0.39821473,
                "top": 0.36897907
            }
        }
    ]
}