{
    "created_at": "2018-09-06T14:45:47.412744",
    "file_name": "000000281884.jpg",
    "generator": "convert_to_region_cropper.py",
    "labels": [
        "position",
        "left_eye",
        "right_eye",
        "left_cheek",
        "right_cheek",
        "nose_base",
        "left_mouth",
        "right_mouth",
        "bottom_mouth"
    ],
    "regions": [
        {
            "label": 0,
            "probability": 0.999,
            "rect": {
                "bottom": 0.46484375,
                "left": 0.5625,
                "right": 0.69140625,
                "top": 0.30078125
            }
        },
        {
            "label": 1,
            "probability": 0.999,
            "rect": {
                "bottom": 0.38815475,
                "left": 0.64775926,
                "right": 0.64775926,
                "top": 0.38815475
            }
        },
        {
            "label": 4,
            "probability": 0.999,
            "rect": {
                "bottom": 0.40406895,
                "left": 0.6670556,
                "right": 0.6670556,
                "top": 0.40406895
            }
        },
        {
            "label": 6,
            "probability": 0.999,
            "rect": {
                "bottom": 0.442778,
                "left": 0.6430388,
                "right": 0.6430388,
                "top": 0.442778
            }
        }
    ]
}