{
    "created_at": "2018-09-06T14:46:41.804288",
    "file_name": "000000522300.jpg",
    "generator": "convert_to_region_cropper.py",
    "labels": [
        "position",
        "left_eye",
        "right_eye",
        "left_cheek",
        "right_cheek",
        "nose_base",
        "left_mouth",
        "right_mouth",
        "bottom_mouth"
    ],
    "regions": [
        {
            "label": 0,
            "probability": 0.999,
            "rect": {
                "bottom": 0.5234375,
                "left": 0.72265625,
                "right": 0.83203125,
                "top": 0.3828125
            }
        },
        {
            "label": 1,
            "probability": 0.999,
            "rect": {
                "bottom": 0.46120724,
                "left": 0.7930145,
                "right": 0.7930145,
                "top": 0.46120724
            }
        },
        {
            "label": 4,
            "probability": 0.999,
            "rect": {
                "bottom": 0.46906483,
                "left": 0.8124164,
                "right": 0.8124164,
                "top": 0.46906483
            }
        }
    ]
}