{
    "created_at": "2018-09-06T14:46:12.367728",
    "file_name": "000000390225.jpg",
    "generator": "convert_to_region_cropper.py",
    "labels": [
        "position",
        "left_eye",
        "right_eye",
        "left_cheek",
        "right_cheek",
        "nose_base",
        "left_mouth",
        "right_mouth",
        "bottom_mouth"
    ],
    "regions": [
        {
            "label": 0,
            "probability": 0.999,
            "rect": {
                "bottom": 0.19140625,
                "left": 0.18359375,
                "right": 0.296875,
                "top": 0.046875
            }
        },
        {
            "label": 2,
            "probability": 0.999,
            "rect": {
                "bottom": 0.12423845,
                "left": 0.2291842,
                "right": 0.2291842,
                "top": 0.12423845
            }
        },
        {
            "label": 3,
            "probability": 0.999,
            "rect": {
                "bottom": 0.13111234,
                "left": 0.20739467,
                "right": 0.20739467,
                "top": 0.13111234
            }
        }
    ]
}