{
    "created_at": "2018-09-06T14:46:22.071328",
    "file_name": "000000433634.jpg",
    "generator": "convert_to_region_cropper.py",
    "labels": [
        "position",
        "left_eye",
        "right_eye",
        "left_cheek",
        "right_cheek",
        "nose_base",
        "left_mouth",
        "right_mouth",
        "bottom_mouth"
    ],
    "regions": [
        {
            "label": 0,
            "probability": 0.999,
            "rect": {
                "bottom": 0.41796875,
                "left": 0.37890625,
                "right": 0.5859375,
                "top": 0.15625
            }
        },
        {
            "label": 1,
            "probability": 0.999,
            "rect": {
                "bottom": 0.30120355,
                "left": 0.5168507,
                "right": 0.5168507,
                "top": 0.30120355
            }
        },
        {
            "label": 3,
            "probability": 0.999,
            "rect": {
                "bottom": 0.33409473,
                "left": 0.44462463,
                "right": 0.44462463,
                "top": 0.33409473
            }
        },
        {
            "label": 7,
            "probability": 0.999,
            "rect": {
                "bottom": 0.38686416,
                "left": 0.4549184,
                "right": 0.4549184,
                "top": 0.38686416
            }
        }
    ]
}