{
    "created_at": "2018-09-06T14:45:21.770136",
    "file_name": "000000169759.jpg",
    "generator": "convert_to_region_cropper.py",
    "labels": [
        "position",
        "left_eye",
        "right_eye",
        "left_cheek",
        "right_cheek",
        "nose_base",
        "left_mouth",
        "right_mouth",
        "bottom_mouth"
    ],
    "regions": [
        {
            "label": 0,
            "probability": 0.999,
            "rect": {
                "bottom": 0.59375,
                "left": 0.18359375,
                "right": 0.453125,
                "top": 0.2578125
            }
        },
        {
            "label": 1,
            "probability": 0.999,
            "rect": {
                "bottom": 0.42440692,
                "left": 0.34726912,
                "right": 0.34726912,
                "top": 0.42440692
            }
        },
        {
            "label": 2,
            "probability": 0.999,
            "rect": {
                "bottom": 0.44125727,
                "left": 0.28504035,
                "right": 0.28504035,
                "top": 0.44125727
            }
        },
        {
            "label": 5,
            "probability": 0.999,
            "rect": {
                "bottom": 0.47677964,
                "left": 0.34753844,
                "right": 0.34753844,
                "top": 0.47677964
            }
        }
    ]
}