{
    "created_at": "2018-09-06T14:44:59.242763",
    "file_name": "000000071421.jpg",
    "generator": "convert_to_region_cropper.py",
    "labels": [
        "position",
        "left_eye",
        "right_eye",
        "left_cheek",
        "right_cheek",
        "nose_base",
        "left_mouth",
        "right_mouth",
        "bottom_mouth"
    ],
    "regions": [
        {
            "label": 0,
            "probability": 0.999,
            "rect": {
                "bottom": 0.96875,
                "left": 0.27734375,
                "right": 0.41015625,
                "top": 0.8046875
            }
        },
        {
            "label": 2,
            "probability": 0.999,
            "rect": {
                "bottom": 0.8924447,
                "left": 0.3352993,
                "right": 0.3352993,
                "top": 0.8924447
            }
        },
        {
            "label": 5,
            "probability": 0.999,
            "rect": {
                "bottom": 0.93062174,
                "left": 0.34197268,
                "right": 0.34197268,
                "top": 0.93062174
            }
        },
        {
            "label": 8,
            "probability": 0.999,
            "rect": {
                "bottom": 0.9568454,
                "left": 0.34390494,
                "right": 0.34390494,
                "top": 0.9568454
            }
        }
    ]
}