{
    "created_at": "2018-09-06T14:46:15.795916",
    "file_name": "000000406202.jpg",
    "generator": "convert_to_region_cropper.py",
    "labels": [
        "position",
        "left_eye",
        "right_eye",
        "left_cheek",
        "right_cheek",
        "nose_base",
        "left_mouth",
        "right_mouth",
        "bottom_mouth"
    ],
    "regions": [
        {
            "label": 0,
            "probability": 0.999,
            "rect": {
                "bottom": 0.65625,
                "left": 0.14453125,
                "right": 0.234375,
                "top": 0.5390625
            }
        },
        {
            "label": 1,
            "probability": 0.999,
            "rect": {
                "bottom": 0.6031753,
                "left": 0.20743142,
                "right": 0.20743142,
                "top": 0.6031753
            }
        },
        {
            "label": 4,
            "probability": 0.999,
            "rect": {
                "bottom": 0.62699986,
                "left": 0.21391739,
                "right": 0.21391739,
                "top": 0.62699986
            }
        },
        {
            "label": 5,
            "probability": 0.999,
            "rect": {
                "bottom": 0.62665635,
                "left": 0.19087546,
                "right": 0.19087546,
                "top": 0.62665635
            }
        }
    ]
}