{
    "created_at": "2018-09-06T14:46:05.842396",
    "file_name": "000000361412.jpg",
    "generator": "convert_to_region_cropper.py",
    "labels": [
        "position",
        "left_eye",
        "right_eye",
        "left_cheek",
        "right_cheek",
        "nose_base",
        "left_mouth",
        "right_mouth",
        "bottom_mouth"
    ],
    "regions": [
        {
            "label": 0,
            "probability": 0.999,
            "rect": {
                "bottom": 0.31640625,
                "left": 0.3125,
                "right": 0.43359375,
                "top": 0.1640625
            }
        },
        {
            "label": 2,
            "probability": 0.999,
            "rect": {
                "bottom": 0.24923709,
                "left": 0.3647843,
                "right": 0.3647843,
                "top": 0.24923709
            }
        },
        {
            "label": 5,
            "probability": 0.999,
            "rect": {
                "bottom": 0.28328124,
                "left": 0.3698796,
                "right": 0.3698796,
                "top": 0.28328124
            }
        },
        {
            "label": 8,
            "probability": 0.999,
            "rect": {
                "bottom": 0.30771023,
                "left": 0.3748525,
                "right": 0.3748525,
                "top": 0.30771023
            }
        }
    ]
}