{
    "created_at": "2018-09-06T14:46:03.159325",
    "file_name": "000000350473.jpg",
    "generator": "convert_to_region_cropper.py",
    "labels": [
        "position",
        "left_eye",
        "right_eye",
        "left_cheek",
        "right_cheek",
        "nose_base",
        "left_mouth",
        "right_mouth",
        "bottom_mouth"
    ],
    "regions": [
        {
            "label": 0,
            "probability": 0.999,
            "rect": {
                "bottom": 0.17578125,
                "left": 0.30859375,
                "right": 0.41796875,
                "top": 0.0390625
            }
        },
        {
            "label": 4,
            "probability": 0.999,
            "rect": {
                "bottom": 0.13261044,
                "left": 0.3895333,
                "right": 0.3895333,
                "top": 0.13261044
            }
        },
        {
            "label": 5,
            "probability": 0.999,
            "rect": {
                "bottom": 0.1370908,
                "left": 0.370153,
                "right": 0.370153,
                "top": 0.1370908
            }
        },
        {
            "label": 0,
            "probability": 0.999,
            "rect": {
                "bottom": 0.2421875,
                "left": 0.7890625,
                "right": 0.88671875,
                "top": 0.125
            }
        }
    ]
}