{
    "created_at": "2018-09-06T14:45:36.765252",
    "file_name": "000000233367.jpg",
    "generator": "convert_to_region_cropper.py",
    "labels": [
        "position",
        "left_eye",
        "right_eye",
        "left_cheek",
        "right_cheek",
        "nose_base",
        "left_mouth",
        "right_mouth",
        "bottom_mouth"
    ],
    "regions": [
        {
            "label": 0,
            "probability": 0.999,
            "rect": {
                "bottom": 0.2109375,
                "left": 0.3515625,
                "right": 0.44921875,
                "top": 0.08984375
            }
        },
        {
            "label": 1,
            "probability": 0.999,
            "rect": {
                "bottom": 0.15655161,
                "left": 0.41123366,
                "right": 0.41123366,
                "top": 0.15655161
            }
        },
        {
            "label": 4,
            "probability": 0.999,
            "rect": {
                "bottom": 0.16057046,
                "left": 0.43200505,
                "right": 0.43200505,
                "top": 0.16057046
            }
        }
    ]
}