{
    "created_at": "2018-09-06T14:46:28.405251",
    "file_name": "000000461271.jpg",
    "generator": "convert_to_region_cropper.py",
    "labels": [
        "position",
        "left_eye",
        "right_eye",
        "left_cheek",
        "right_cheek",
        "nose_base",
        "left_mouth",
        "right_mouth",
        "bottom_mouth"
    ],
    "regions": [
        {
            "label": 0,
            "probability": 0.999,
            "rect": {
                "bottom": 0.2109375,
                "left": 0.4140625,
                "right": 0.52734375,
                "top": 0.07421875
            }
        },
        {
            "label": 2,
            "probability": 0.999,
            "rect": {
                "bottom": 0.14900805,
                "left": 0.45809928,
                "right": 0.45809928,
                "top": 0.14900805
            }
        },
        {
            "label": 3,
            "probability": 0.999,
            "rect": {
                "bottom": 0.16958126,
                "left": 0.44528773,
                "right": 0.44528773,
                "top": 0.16958126
            }
        },
        {
            "label": 7,
            "probability": 0.999,
            "rect": {
                "bottom": 0.18439542,
                "left": 0.46341795,
                "right": 0.46341795,
                "top": 0.18439542
            }
        }
    ]
}