{
    "created_at": "2018-09-06T14:46:32.622569",
    "file_name": "000000480228.jpg",
    "generator": "convert_to_region_cropper.py",
    "labels": [
        "position",
        "left_eye",
        "right_eye",
        "left_cheek",
        "right_cheek",
        "nose_base",
        "left_mouth",
        "right_mouth",
        "bottom_mouth"
    ],
    "regions": [
        {
            "label": 0,
            "probability": 0.999,
            "rect": {
                "bottom": 0.26171875,
                "left": 0.76171875,
                "right": 0.88671875,
                "top": 0.10546875
            }
        },
        {
            "label": 1,
            "probability": 0.999,
            "rect": {
                "bottom": 0.18702985,
                "left": 0.84370506,
                "right": 0.84370506,
                "top": 0.18702985
            }
        },
        {
            "label": 4,
            "probability": 0.999,
            "rect": {
                "bottom": 0.1880399,
                "left": 0.86547583,
                "right": 0.86547583,
                "top": 0.1880399
            }
        },
        {
            "label": 5,
            "probability": 0.999,
            "rect": {
                "bottom": 0.21906486,
                "left": 0.8417649,
                "right": 0.8417649,
                "top": 0.21906486
            }
        }
    ]
}