{
    "created_at": "2018-09-06T14:45:03.085731",
    "file_name": "000000088394.jpg",
    "generator": "convert_to_region_cropper.py",
    "labels": [
        "position",
        "left_eye",
        "right_eye",
        "left_cheek",
        "right_cheek",
        "nose_base",
        "left_mouth",
        "right_mouth",
        "bottom_mouth"
    ],
    "regions": [
        {
            "label": 0,
            "probability": 0.999,
            "rect": {
                "bottom": 0.3125,
                "left": 0.40625,
                "right": 0.55078125,
                "top": 0.12890625
            }
        },
        {
            "label": 1,
            "probability": 0.999,
            "rect": {
                "bottom": 0.228883,
                "left": 0.50476474,
                "right": 0.50476474,
                "top": 0.228883
            }
        },
        {
            "label": 2,
            "probability": 0.999,
            "rect": {
                "bottom": 0.23225175,
                "left": 0.47368273,
                "right": 0.47368273,
                "top": 0.23225175
            }
        },
        {
            "label": 5,
            "probability": 0.999,
            "rect": {
                "bottom": 0.2654244,
                "left": 0.48386765,
                "right": 0.48386765,
                "top": 0.2654244
            }
        }
    ]
}