{
    "created_at": "2018-09-06T14:45:02.248694",
    "file_name": "000000085024.jpg",
    "generator": "convert_to_region_cropper.py",
    "labels": [
        "position",
        "left_eye",
        "right_eye",
        "left_cheek",
        "right_cheek",
        "nose_base",
        "left_mouth",
        "right_mouth",
        "bottom_mouth"
    ],
    "regions": [
        {
            "label": 0,
            "probability": 0.999,
            "rect": {
                "bottom": 0.38671875,
                "left": 0.36328125,
                "right": 0.64453125,
                "top": 0.03515625
            }
        },
        {
            "label": 1,
            "probability": 0.999,
            "rect": {
                "bottom": 0.2267491,
                "left": 0.5419734,
                "right": 0.5419734,
                "top": 0.2267491
            }
        },
        {
            "label": 4,
            "probability": 0.999,
            "rect": {
                "bottom": 0.27350226,
                "left": 0.5772126,
                "right": 0.5772126,
                "top": 0.27350226
            }
        },
        {
            "label": 5,
            "probability": 0.999,
            "rect": {
                "bottom": 0.29482552,
                "left": 0.48136452,
                "right": 0.48136452,
                "top": 0.29482552
            }
        }
    ]
}