{
    "created_at": "2018-09-06T14:45:42.036389",
    "file_name": "000000257787.jpg",
    "generator": "convert_to_region_cropper.py",
    "labels": [
        "position",
        "left_eye",
        "right_eye",
        "left_cheek",
        "right_cheek",
        "nose_base",
        "left_mouth",
        "right_mouth",
        "bottom_mouth"
    ],
    "regions": [
        {
            "label": 0,
            "probability": 0.999,
            "rect": {
                "bottom": 0.64453125,
                "left": 0.27734375,
                "right": 0.703125,
                "top": 0.11328125
            }
        },
        {
            "label": 1,
            "probability": 0.999,
            "rect": {
                "bottom": 0.40835714,
                "left": 0.53991914,
                "right": 0.53991914,
                "top": 0.40835714
            }
        },
        {
            "label": 4,
            "probability": 0.999,
            "rect": {
                "bottom": 0.469793,
                "left": 0.60546774,
                "right": 0.60546774,
                "top": 0.469793
            }
        },
        {
            "label": 6,
            "probability": 0.999,
            "rect": {
                "bottom": 0.53811854,
                "left": 0.5544847,
                "right": 0.5544847,
                "top": 0.53811854
            }
        }
    ]
}