{
    "created_at": "2018-09-06T14:45:03.230124",
    "file_name": "000000089001.jpg",
    "generator": "convert_to_region_cropper.py",
    "labels": [
        "position",
        "left_eye",
        "right_eye",
        "left_cheek",
        "right_cheek",
        "nose_base",
        "left_mouth",
        "right_mouth",
        "bottom_mouth"
    ],
    "regions": [
        {
            "label": 0,
            "probability": 0.999,
            "rect": {
                "bottom": 0.2109375,
                "left": 0.65234375,
                "right": 0.890625,
                "top": 0.0
            }
        },
        {
            "label": 1,
            "probability": 0.999,
            "rect": {
                "bottom": 0.069806516,
                "left": 0.8051714,
                "right": 0.8051714,
                "top": 0.069806516
            }
        },
        {
            "label": 2,
            "probability": 0.999,
            "rect": {
                "bottom": 0.07194267,
                "left": 0.7534338,
                "right": 0.7534338,
                "top": 0.07194267
            }
        },
        {
            "label": 4,
            "probability": 0.999,
            "rect": {
                "bottom": 0.09840725,
                "left": 0.85261005,
                "right": 0.85261005,
                "top": 0.09840725
            }
        }
    ]
}