{
    "created_at": "2018-09-06T14:45:11.540513",
    "file_name": "000000123660.jpg",
    "generator": "convert_to_region_cropper.py",
    "labels": [
        "position",
        "left_eye",
        "right_eye",
        "left_cheek",
        "right_cheek",
        "nose_base",
        "left_mouth",
        "right_mouth",
        "bottom_mouth"
    ],
    "regions": [
        {
            "label": 0,
            "probability": 0.999,
            "rect": {
                "bottom": 0.33203125,
                "left": 0.3046875,
                "right": 0.4375,
                "top": 0.1640625
            }
        },
        {
            "label": 2,
            "probability": 0.999,
            "rect": {
                "bottom": 0.25641266,
                "left": 0.36192137,
                "right": 0.36192137,
                "top": 0.25641266
            }
        },
        {
            "label": 3,
            "probability": 0.999,
            "rect": {
                "bottom": 0.26315668,
                "left": 0.33869582,
                "right": 0.33869582,
                "top": 0.26315668
            }
        }
    ]
}