{
    "created_at": "2018-09-06T14:46:54.121514",
    "file_name": "000000576563.jpg",
    "generator": "convert_to_region_cropper.py",
    "labels": [
        "position",
        "left_eye",
        "right_eye",
        "left_cheek",
        "right_cheek",
        "nose_base",
        "left_mouth",
        "right_mouth",
        "bottom_mouth"
    ],
    "regions": [
        {
            "label": 0,
            "probability": 0.999,
            "rect": {
                "bottom": 0.21484375,
                "left": 0.44921875,
                "right": 0.57421875,
                "top": 0.05859375
            }
        },
        {
            "label": 1,
            "probability": 0.999,
            "rect": {
                "bottom": 0.1351171,
                "left": 0.52811044,
                "right": 0.52811044,
                "top": 0.1351171
            }
        },
        {
            "label": 6,
            "probability": 0.999,
            "rect": {
                "bottom": 0.19162685,
                "left": 0.527507,
                "right": 0.527507,
                "top": 0.19162685
            }
        },
        {
            "label": 8,
            "probability": 0.999,
            "rect": {
                "bottom": 0.20037031,
                "left": 0.51048577,
                "right": 0.51048577,
                "top": 0.20037031
            }
        }
    ]
}