{
    "created_at": "2018-09-06T14:46:43.075707",
    "file_name": "000000527610.jpg",
    "generator": "convert_to_region_cropper.py",
    "labels": [
        "position",
        "left_eye",
        "right_eye",
        "left_cheek",
        "right_cheek",
        "nose_base",
        "left_mouth",
        "right_mouth",
        "bottom_mouth"
    ],
    "regions": [
        {
            "label": 0,
            "probability": 0.999,
            "rect": {
                "bottom": 0.34765625,
                "left": 0.6640625,
                "right": 0.87890625,
                "top": 0.078125
            }
        },
        {
            "label": 1,
            "probability": 0.999,
            "rect": {
                "bottom": 0.21969628,
                "left": 0.8058643,
                "right": 0.8058643,
                "top": 0.21969628
            }
        },
        {
            "label": 4,
            "probability": 0.999,
            "rect": {
                "bottom": 0.26402295,
                "left": 0.83546764,
                "right": 0.83546764,
                "top": 0.26402295
            }
        },
        {
            "label": 6,
            "probability": 0.999,
            "rect": {
                "bottom": 0.28741217,
                "left": 0.79194134,
                "right": 0.79194134,
                "top": 0.28741217
            }
        }
    ]
}