{
    "created_at": "2018-09-06T14:46:18.175150",
    "file_name": "000000416863.jpg",
    "generator": "convert_to_region_cropper.py",
    "labels": [
        "position",
        "left_eye",
        "right_eye",
        "left_cheek",
        "right_cheek",
        "nose_base",
        "left_mouth",
        "right_mouth",
        "bottom_mouth"
    ],
    "regions": [
        {
            "label": 0,
            "probability": 0.999,
            "rect": {
                "bottom": 0.31640625,
                "left": 0.42578125,
                "right": 0.546875,
                "top": 0.16796875
            }
        },
        {
            "label": 1,
            "probability": 0.999,
            "rect": {
                "bottom": 0.24994804,
                "left": 0.49755377,
                "right": 0.49755377,
                "top": 0.24994804
            }
        },
        {
            "label": 4,
            "probability": 0.999,
            "rect": {
                "bottom": 0.25951788,
                "left": 0.52321136,
                "right": 0.52321136,
                "top": 0.25951788
            }
        }
    ]
}