{
    "created_at": "2018-09-06T14:45:52.137240",
    "file_name": "000000302650.jpg",
    "generator": "convert_to_region_cropper.py",
    "labels": [
        "position",
        "left_eye",
        "right_eye",
        "left_cheek",
        "right_cheek",
        "nose_base",
        "left_mouth",
        "right_mouth",
        "bottom_mouth"
    ],
    "regions": [
        {
            "label": 0,
            "probability": 0.999,
            "rect": {
                "bottom": 0.3984375,
                "left": 0.6875,
                "right": 0.7890625,
                "top": 0.2734375
            }
        },
        {
            "label": 1,
            "probability": 0.999,
            "rect": {
                "bottom": 0.33819938,
                "left": 0.7465296,
                "right": 0.7465296,
                "top": 0.33819938
            }
        },
        {
            "label": 4,
            "probability": 0.999,
            "rect": {
                "bottom": 0.3468222,
                "left": 0.7701663,
                "right": 0.7701663,
                "top": 0.3468222
            }
        },
        {
            "label": 6,
            "probability": 0.999,
            "rect": {
                "bottom": 0.36841303,
                "left": 0.75113815,
                "right": 0.75113815,
                "top": 0.36841303
            }
        }
    ]
}