{
    "created_at": "2018-09-06T14:44:54.404629",
    "file_name": "000000052547.jpg",
    "generator": "convert_to_region_cropper.py",
    "labels": [
        "position",
        "left_eye",
        "right_eye",
        "left_cheek",
        "right_cheek",
        "nose_base",
        "left_mouth",
        "right_mouth",
        "bottom_mouth"
    ],
    "regions": [
        {
            "label": 0,
            "probability": 0.999,
            "rect": {
                "bottom": 0.4609375,
                "left": 0.44140625,
                "right": 0.546875,
                "top": 0.328125
            }
        },
        {
            "label": 1,
            "probability": 0.999,
            "rect": {
                "bottom": 0.4002209,
                "left": 0.5042613,
                "right": 0.5042613,
                "top": 0.4002209
            }
        },
        {
            "label": 7,
            "probability": 0.999,
            "rect": {
                "bottom": 0.44587967,
                "left": 0.48462513,
                "right": 0.48462513,
                "top": 0.44587967
            }
        },
        {
            "label": 8,
            "probability": 0.999,
            "rect": {
                "bottom": 0.45201427,
                "left": 0.5044471,
                "right": 0.5044471,
                "top": 0.45201427
            }
        }
    ]
}