{
    "created_at": "2018-09-06T14:46:54.288597",
    "file_name": "000000577287.jpg",
    "generator": "convert_to_region_cropper.py",
    "labels": [
        "position",
        "left_eye",
        "right_eye",
        "left_cheek",
        "right_cheek",
        "nose_base",
        "left_mouth",
        "right_mouth",
        "bottom_mouth"
    ],
    "regions": [
        {
            "label": 0,
            "probability": 0.999,
            "rect": {
                "bottom": 0.203125,
                "left": 0.48046875,
                "right": 0.57421875,
                "top": 0.0859375
            }
        },
        {
            "label": 1,
            "probability": 0.999,
            "rect": {
                "bottom": 0.15232204,
                "left": 0.54650843,
                "right": 0.54650843,
                "top": 0.15232204
            }
        },
        {
            "label": 4,
            "probability": 0.999,
            "rect": {
                "bottom": 0.17300919,
                "left": 0.5496582,
                "right": 0.5496582,
                "top": 0.17300919
            }
        },
        {
            "label": 5,
            "probability": 0.999,
            "rect": {
                "bottom": 0.16625015,
                "left": 0.5282337,
                "right": 0.5282337,
                "top": 0.16625015
            }
        }
    ]
}