{
    "created_at": "2018-09-06T14:45:14.142932",
    "file_name": "000000133807.jpg",
    "generator": "convert_to_region_cropper.py",
    "labels": [
        "position",
        "left_eye",
        "right_eye",
        "left_cheek",
        "right_cheek",
        "nose_base",
        "left_mouth",
        "right_mouth",
        "bottom_mouth"
    ],
    "regions": [
        {
            "label": 0,
            "probability": 0.999,
            "rect": {
                "bottom": 0.3046875,
                "left": 0.62890625,
                "right": 0.75,
                "top": 0.15234375
            }
        },
        {
            "label": 1,
            "probability": 0.999,
            "rect": {
                "bottom": 0.23315336,
                "left": 0.70957726,
                "right": 0.70957726,
                "top": 0.23315336
            }
        },
        {
            "label": 2,
            "probability": 0.999,
            "rect": {
                "bottom": 0.23405887,
                "left": 0.67839605,
                "right": 0.67839605,
                "top": 0.23405887
            }
        },
        {
            "label": 5,
            "probability": 0.999,
            "rect": {
                "bottom": 0.26588407,
                "left": 0.68648076,
                "right": 0.68648076,
                "top": 0.26588407
            }
        }
    ]
}