{
    "created_at": "2018-09-06T14:46:49.871539",
    "file_name": "000000557600.jpg",
    "generator": "convert_to_region_cropper.py",
    "labels": [
        "position",
        "left_eye",
        "right_eye",
        "left_cheek",
        "right_cheek",
        "nose_base",
        "left_mouth",
        "right_mouth",
        "bottom_mouth"
    ],
    "regions": [
        {
            "label": 0,
            "probability": 0.999,
            "rect": {
                "bottom": 0.28515625,
                "left": 0.35546875,
                "right": 0.45703125,
                "top": 0.15234375
            }
        },
        {
            "label": 1,
            "probability": 0.999,
            "rect": {
                "bottom": 0.2246307,
                "left": 0.41958287,
                "right": 0.41958287,
                "top": 0.2246307
            }
        },
        {
            "label": 4,
            "probability": 0.999,
            "rect": {
                "bottom": 0.23600847,
                "left": 0.4395324,
                "right": 0.4395324,
                "top": 0.23600847
            }
        }
    ]
}