{
    "created_at": "2018-09-06T14:46:48.708450",
    "file_name": "000000552120.jpg",
    "generator": "convert_to_region_cropper.py",
    "labels": [
        "position",
        "left_eye",
        "right_eye",
        "left_cheek",
        "right_cheek",
        "nose_base",
        "left_mouth",
        "right_mouth",
        "bottom_mouth"
    ],
    "regions": [
        {
            "label": 0,
            "probability": 0.999,
            "rect": {
                "bottom": 0.3125,
                "left": 0.40234375,
                "right": 0.51953125,
                "top": 0.16015625
            }
        },
        {
            "label": 1,
            "probability": 0.999,
            "rect": {
                "bottom": 0.24398759,
                "left": 0.47509983,
                "right": 0.47509983,
                "top": 0.24398759
            }
        },
        {
            "label": 4,
            "probability": 0.999,
            "rect": {
                "bottom": 0.25929502,
                "left": 0.4926997,
                "right": 0.4926997,
                "top": 0.25929502
            }
        },
        {
            "label": 6,
            "probability": 0.999,
            "rect": {
                "bottom": 0.2837072,
                "left": 0.47205594,
                "right": 0.47205594,
                "top": 0.2837072
            }
        }
    ]
}