{
    "created_at": "2018-09-06T14:45:00.479510",
    "file_name": "000000077098.jpg",
    "generator": "convert_to_region_cropper.py",
    "labels": [
        "position",
        "left_eye",
        "right_eye",
        "left_cheek",
        "right_cheek",
        "nose_base",
        "left_mouth",
        "right_mouth",
        "bottom_mouth"
    ],
    "regions": [
        {
            "label": 0,
            "probability": 0.999,
            "rect": {
                "bottom": 0.2109375,
                "left": 0.46875,
                "right": 0.58984375,
                "top": 0.0625
            }
        },
        {
            "label": 1,
            "probability": 0.999,
            "rect": {
                "bottom": 0.14163777,
                "left": 0.5456685,
                "right": 0.5456685,
                "top": 0.14163777
            }
        },
        {
            "label": 2,
            "probability": 0.999,
            "rect": {
                "bottom": 0.14374426,
                "left": 0.5215821,
                "right": 0.5215821,
                "top": 0.14374426
            }
        },
        {
            "label": 3,
            "probability": 0.999,
            "rect": {
                "bottom": 0.15427575,
                "left": 0.4978872,
                "right": 0.4978872,
                "top": 0.15427575
            }
        }
    ]
}