{
    "created_at": "2018-09-06T14:46:19.872945",
    "file_name": "000000424835.jpg",
    "generator": "convert_to_region_cropper.py",
    "labels": [
        "position",
        "left_eye",
        "right_eye",
        "left_cheek",
        "right_cheek",
        "nose_base",
        "left_mouth",
        "right_mouth",
        "bottom_mouth"
    ],
    "regions": [
        {
            "label": 0,
            "probability": 0.999,
            "rect": {
                "bottom": 0.5546875,
                "left": 0.3515625,
                "right": 0.48046875,
                "top": 0.390625
            }
        },
        {
            "label": 2,
            "probability": 0.999,
            "rect": {
                "bottom": 0.4826398,
                "left": 0.39641014,
                "right": 0.39641014,
                "top": 0.4826398
            }
        },
        {
            "label": 3,
            "probability": 0.999,
            "rect": {
                "bottom": 0.495474,
                "left": 0.36979517,
                "right": 0.36979517,
                "top": 0.495474
            }
        },
        {
            "label": 7,
            "probability": 0.999,
            "rect": {
                "bottom": 0.51227283,
                "left": 0.4070367,
                "right": 0.4070367,
                "top": 0.51227283
            }
        }
    ]
}