{
    "created_at": "2018-09-06T14:46:13.240418",
    "file_name": "000000395021.jpg",
    "generator": "convert_to_region_cropper.py",
    "labels": [
        "position",
        "left_eye",
        "right_eye",
        "left_cheek",
        "right_cheek",
        "nose_base",
        "left_mouth",
        "right_mouth",
        "bottom_mouth"
    ],
    "regions": [
        {
            "label": 0,
            "probability": 0.999,
            "rect": {
                "bottom": 0.3125,
                "left": 0.51171875,
                "right": 0.69921875,
                "top": 0.078125
            }
        },
        {
            "label": 1,
            "probability": 0.999,
            "rect": {
                "bottom": 0.20119236,
                "left": 0.6341068,
                "right": 0.6341068,
                "top": 0.20119236
            }
        },
        {
            "label": 2,
            "probability": 0.999,
            "rect": {
                "bottom": 0.20905657,
                "left": 0.5890332,
                "right": 0.5890332,
                "top": 0.20905657
            }
        },
        {
            "label": 5,
            "probability": 0.999,
            "rect": {
                "bottom": 0.26442102,
                "left": 0.6065965,
                "right": 0.6065965,
                "top": 0.26442102
            }
        }
    ]
}