{
    "created_at": "2018-09-06T14:45:50.413343",
    "file_name": "000000295378.jpg",
    "generator": "convert_to_region_cropper.py",
    "labels": [
        "position",
        "left_eye",
        "right_eye",
        "left_cheek",
        "right_cheek",
        "nose_base",
        "left_mouth",
        "right_mouth",
        "bottom_mouth"
    ],
    "regions": [
        {
            "label": 0,
            "probability": 0.999,
            "rect": {
                "bottom": 0.23828125,
                "left": 0.63671875,
                "right": 0.73828125,
                "top": 0.109375
            }
        },
        {
            "label": 4,
            "probability": 0.999,
            "rect": {
                "bottom": 0.19566078,
                "left": 0.7214304,
                "right": 0.7214304,
                "top": 0.19566078
            }
        },
        {
            "label": 0,
            "probability": 0.999,
            "rect": {
                "bottom": 0.2109375,
                "left": 0.22265625,
                "right": 0.3203125,
                "top": 0.0859375
            }
        },
        {
            "label": 2,
            "probability": 0.999,
            "rect": {
                "bottom": 0.15355648,
                "left": 0.25928533,
                "right": 0.25928533,
                "top": 0.15355648
            }
        }
    ]
}