{
    "created_at": "2018-09-06T14:45:02.761983",
    "file_name": "000000086941.jpg",
    "generator": "convert_to_region_cropper.py",
    "labels": [
        "position",
        "left_eye",
        "right_eye",
        "left_cheek",
        "right_cheek",
        "nose_base",
        "left_mouth",
        "right_mouth",
        "bottom_mouth"
    ],
    "regions": [
        {
            "label": 0,
            "probability": 0.999,
            "rect": {
                "bottom": 0.38671875,
                "left": 0.296875,
                "right": 0.53515625,
                "top": 0.0859375
            }
        },
        {
            "label": 1,
            "probability": 0.999,
            "rect": {
                "bottom": 0.23439005,
                "left": 0.41895726,
                "right": 0.41895726,
                "top": 0.23439005
            }
        },
        {
            "label": 4,
            "probability": 0.999,
            "rect": {
                "bottom": 0.25191957,
                "left": 0.48544848,
                "right": 0.48544848,
                "top": 0.25191957
            }
        },
        {
            "label": 8,
            "probability": 0.999,
            "rect": {
                "bottom": 0.35191488,
                "left": 0.45454362,
                "right": 0.45454362,
                "top": 0.35191488
            }
        }
    ]
}