{
    "created_at": "2018-09-06T14:44:59.531127",
    "file_name": "000000072981.jpg",
    "generator": "convert_to_region_cropper.py",
    "labels": [
        "position",
        "left_eye",
        "right_eye",
        "left_cheek",
        "right_cheek",
        "nose_base",
        "left_mouth",
        "right_mouth",
        "bottom_mouth"
    ],
    "regions": [
        {
            "label": 0,
            "probability": 0.999,
            "rect": {
                "bottom": 0.203125,
                "left": 0.45703125,
                "right": 0.5703125,
                "top": 0.05859375
            }
        },
        {
            "label": 1,
            "probability": 0.999,
            "rect": {
                "bottom": 0.12189616,
                "left": 0.5226289,
                "right": 0.5226289,
                "top": 0.12189616
            }
        },
        {
            "label": 4,
            "probability": 0.999,
            "rect": {
                "bottom": 0.12846163,
                "left": 0.55409735,
                "right": 0.55409735,
                "top": 0.12846163
            }
        },
        {
            "label": 6,
            "probability": 0.999,
            "rect": {
                "bottom": 0.14885569,
                "left": 0.5496753,
                "right": 0.5496753,
                "top": 0.14885569
            }
        }
    ]
}