{
    "created_at": "2018-09-06T14:45:17.565705",
    "file_name": "000000150273.jpg",
    "generator": "convert_to_region_cropper.py",
    "labels": [
        "position",
        "left_eye",
        "right_eye",
        "left_cheek",
        "right_cheek",
        "nose_base",
        "left_mouth",
        "right_mouth",
        "bottom_mouth"
    ],
    "regions": [
        {
            "label": 0,
            "probability": 0.999,
            "rect": {
                "bottom": 0.5703125,
                "left": 0.53515625,
                "right": 0.6484375,
                "top": 0.42578125
            }
        },
        {
            "label": 2,
            "probability": 0.999,
            "rect": {
                "bottom": 0.5052112,
                "left": 0.5780922,
                "right": 0.5780922,
                "top": 0.5052112
            }
        },
        {
            "label": 3,
            "probability": 0.999,
            "rect": {
                "bottom": 0.5102063,
                "left": 0.5572841,
                "right": 0.5572841,
                "top": 0.5102063
            }
        },
        {
            "label": 7,
            "probability": 0.999,
            "rect": {
                "bottom": 0.5415575,
                "left": 0.57043225,
                "right": 0.57043225,
                "top": 0.5415575
            }
        }
    ]
}