{
    "created_at": "2018-09-06T14:46:41.079588",
    "file_name": "000000519257.jpg",
    "generator": "convert_to_region_cropper.py",
    "labels": [
        "position",
        "left_eye",
        "right_eye",
        "left_cheek",
        "right_cheek",
        "nose_base",
        "left_mouth",
        "right_mouth",
        "bottom_mouth"
    ],
    "regions": [
        {
            "label": 0,
            "probability": 0.999,
            "rect": {
                "bottom": 0.37109375,
                "left": 0.27734375,
                "right": 0.39453125,
                "top": 0.2265625
            }
        },
        {
            "label": 2,
            "probability": 0.999,
            "rect": {
                "bottom": 0.30550078,
                "left": 0.31402233,
                "right": 0.31402233,
                "top": 0.30550078
            }
        },
        {
            "label": 5,
            "probability": 0.999,
            "rect": {
                "bottom": 0.33272433,
                "left": 0.3405676,
                "right": 0.3405676,
                "top": 0.33272433
            }
        },
        {
            "label": 7,
            "probability": 0.999,
            "rect": {
                "bottom": 0.32961684,
                "left": 0.32171044,
                "right": 0.32171044,
                "top": 0.32961684
            }
        }
    ]
}