{
    "created_at": "2018-09-06T14:45:56.738001",
    "file_name": "000000322469.jpg",
    "generator": "convert_to_region_cropper.py",
    "labels": [
        "position",
        "left_eye",
        "right_eye",
        "left_cheek",
        "right_cheek",
        "nose_base",
        "left_mouth",
        "right_mouth",
        "bottom_mouth"
    ],
    "regions": [
        {
            "label": 0,
            "probability": 0.999,
            "rect": {
                "bottom": 0.30078125,
                "left": 0.49609375,
                "right": 0.6328125,
                "top": 0.1328125
            }
        },
        {
            "label": 1,
            "probability": 0.999,
            "rect": {
                "bottom": 0.2227147,
                "left": 0.5868499,
                "right": 0.5868499,
                "top": 0.2227147
            }
        },
        {
            "label": 4,
            "probability": 0.999,
            "rect": {
                "bottom": 0.2353767,
                "left": 0.61319894,
                "right": 0.61319894,
                "top": 0.2353767
            }
        },
        {
            "label": 6,
            "probability": 0.999,
            "rect": {
                "bottom": 0.26854265,
                "left": 0.5838673,
                "right": 0.5838673,
                "top": 0.26854265
            }
        }
    ]
}