{
    "created_at": "2018-09-06T14:46:26.098926",
    "file_name": "000000451282.jpg",
    "generator": "convert_to_region_cropper.py",
    "labels": [
        "position",
        "left_eye",
        "right_eye",
        "left_cheek",
        "right_cheek",
        "nose_base",
        "left_mouth",
        "right_mouth",
        "bottom_mouth"
    ],
    "regions": [
        {
            "label": 0,
            "probability": 0.999,
            "rect": {
                "bottom": 0.53125,
                "left": 0.3515625,
                "right": 0.47265625,
                "top": 0.37890625
            }
        },
        {
            "label": 1,
            "probability": 0.999,
            "rect": {
                "bottom": 0.46295363,
                "left": 0.4351171,
                "right": 0.4351171,
                "top": 0.46295363
            }
        },
        {
            "label": 4,
            "probability": 0.999,
            "rect": {
                "bottom": 0.47077176,
                "left": 0.46163875,
                "right": 0.46163875,
                "top": 0.47077176
            }
        }
    ]
}