{
    "created_at": "2018-09-06T14:44:58.338527",
    "file_name": "000000068107.jpg",
    "generator": "convert_to_region_cropper.py",
    "labels": [
        "position",
        "left_eye",
        "right_eye",
        "left_cheek",
        "right_cheek",
        "nose_base",
        "left_mouth",
        "right_mouth",
        "bottom_mouth"
    ],
    "regions": [
        {
            "label": 0,
            "probability": 0.999,
            "rect": {
                "bottom": 0.265625,
                "left": 0.69140625,
                "right": 0.80078125,
                "top": 0.12890625
            }
        },
        {
            "label": 5,
            "probability": 0.999,
            "rect": {
                "bottom": 0.22577713,
                "left": 0.7438701,
                "right": 0.7438701,
                "top": 0.22577713
            }
        },
        {
            "label": 7,
            "probability": 0.999,
            "rect": {
                "bottom": 0.23729658,
                "left": 0.7334006,
                "right": 0.7334006,
                "top": 0.23729658
            }
        },
        {
            "label": 8,
            "probability": 0.999,
            "rect": {
                "bottom": 0.24492115,
                "left": 0.75108707,
                "right": 0.75108707,
                "top": 0.24492115
            }
        }
    ]
}