{
    "created_at": "2018-09-06T14:45:33.832254",
    "file_name": "000000220817.jpg",
    "generator": "convert_to_region_cropper.py",
    "labels": [
        "position",
        "left_eye",
        "right_eye",
        "left_cheek",
        "right_cheek",
        "nose_base",
        "left_mouth",
        "right_mouth",
        "bottom_mouth"
    ],
    "regions": [
        {
            "label": 0,
            "probability": 0.999,
            "rect": {
                "bottom": 0.16796875,
                "left": 0.37109375,
                "right": 0.50390625,
                "top": 0.00390625
            }
        },
        {
            "label": 1,
            "probability": 0.999,
            "rect": {
                "bottom": 0.09271954,
                "left": 0.45092052,
                "right": 0.45092052,
                "top": 0.09271954
            }
        },
        {
            "label": 4,
            "probability": 0.999,
            "rect": {
                "bottom": 0.10786084,
                "left": 0.4799454,
                "right": 0.4799454,
                "top": 0.10786084
            }
        }
    ]
}