{
    "created_at": "2018-09-06T14:46:00.563336",
    "file_name": "000000339023.jpg",
    "generator": "convert_to_region_cropper.py",
    "labels": [
        "position",
        "left_eye",
        "right_eye",
        "left_cheek",
        "right_cheek",
        "nose_base",
        "left_mouth",
        "right_mouth",
        "bottom_mouth"
    ],
    "regions": [
        {
            "label": 0,
            "probability": 0.999,
            "rect": {
                "bottom": 0.6328125,
                "left": 0.07421875,
                "right": 0.66796875,
                "top": 0.0
            }
        },
        {
            "label": 1,
            "probability": 0.999,
            "rect": {
                "bottom": 0.28448287,
                "left": 0.4650825,
                "right": 0.4650825,
                "top": 0.28448287
            }
        },
        {
            "label": 4,
            "probability": 0.999,
            "rect": {
                "bottom": 0.36832118,
                "left": 0.5711328,
                "right": 0.5711328,
                "top": 0.36832118
            }
        },
        {
            "label": 5,
            "probability": 0.999,
            "rect": {
                "bottom": 0.3624223,
                "left": 0.37148696,
                "right": 0.37148696,
                "top": 0.3624223
            }
        }
    ]
}