{
    "created_at": "2018-09-06T14:45:19.488993",
    "file_name": "000000159051.jpg",
    "generator": "convert_to_region_cropper.py",
    "labels": [
        "position",
        "left_eye",
        "right_eye",
        "left_cheek",
        "right_cheek",
        "nose_base",
        "left_mouth",
        "right_mouth",
        "bottom_mouth"
    ],
    "regions": [
        {
            "label": 0,
            "probability": 0.999,
            "rect": {
                "bottom": 0.19140625,
                "left": 0.45703125,
                "right": 0.5859375,
                "top": 0.02734375
            }
        },
        {
            "label": 1,
            "probability": 0.999,
            "rect": {
                "bottom": 0.11811864,
                "left": 0.54726195,
                "right": 0.54726195,
                "top": 0.11811864
            }
        },
        {
            "label": 6,
            "probability": 0.999,
            "rect": {
                "bottom": 0.18038274,
                "left": 0.54171675,
                "right": 0.54171675,
                "top": 0.18038274
            }
        },
        {
            "label": 8,
            "probability": 0.999,
            "rect": {
                "bottom": 0.18790999,
                "left": 0.5298416,
                "right": 0.5298416,
                "top": 0.18790999
            }
        }
    ]
}