{
    "created_at": "2018-09-06T14:46:01.633152",
    "file_name": "000000343581.jpg",
    "generator": "convert_to_region_cropper.py",
    "labels": [
        "position",
        "left_eye",
        "right_eye",
        "left_cheek",
        "right_cheek",
        "nose_base",
        "left_mouth",
        "right_mouth",
        "bottom_mouth"
    ],
    "regions": [
        {
            "label": 0,
            "probability": 0.999,
            "rect": {
                "bottom": 0.76953125,
                "left": 0.13671875,
                "right": 0.26953125,
                "top": 0.6015625
            }
        },
        {
            "label": 2,
            "probability": 0.999,
            "rect": {
                "bottom": 0.69094396,
                "left": 0.18703009,
                "right": 0.18703009,
                "top": 0.69094396
            }
        },
        {
            "label": 3,
            "probability": 0.999,
            "rect": {
                "bottom": 0.71002847,
                "left": 0.16495237,
                "right": 0.16495237,
                "top": 0.71002847
            }
        },
        {
            "label": 5,
            "probability": 0.999,
            "rect": {
                "bottom": 0.7155483,
                "left": 0.19325511,
                "right": 0.19325511,
                "top": 0.7155483
            }
        }
    ]
}