{
    "created_at": "2018-09-06T14:45:18.611328",
    "file_name": "000000155625.jpg",
    "generator": "convert_to_region_cropper.py",
    "labels": [
        "position",
        "left_eye",
        "right_eye",
        "left_cheek",
        "right_cheek",
        "nose_base",
        "left_mouth",
        "right_mouth",
        "bottom_mouth"
    ],
    "regions": [
        {
            "label": 0,
            "probability": 0.999,
            "rect": {
                "bottom": 0.42578125,
                "left": 0.49609375,
                "right": 0.6328125,
                "top": 0.25390625
            }
        },
        {
            "label": 1,
            "probability": 0.999,
            "rect": {
                "bottom": 0.34389842,
                "left": 0.5688893,
                "right": 0.5688893,
                "top": 0.34389842
            }
        },
        {
            "label": 4,
            "probability": 0.999,
            "rect": {
                "bottom": 0.3335339,
                "left": 0.60230786,
                "right": 0.60230786,
                "top": 0.3335339
            }
        },
        {
            "label": 6,
            "probability": 0.999,
            "rect": {
                "bottom": 0.37748566,
                "left": 0.58971065,
                "right": 0.58971065,
                "top": 0.37748566
            }
        }
    ]
}