{
    "created_at": "2018-09-06T14:44:58.348358",
    "file_name": "000000068118.jpg",
    "generator": "convert_to_region_cropper.py",
    "labels": [
        "position",
        "left_eye",
        "right_eye",
        "left_cheek",
        "right_cheek",
        "nose_base",
        "left_mouth",
        "right_mouth",
        "bottom_mouth"
    ],
    "regions": [
        {
            "label": 0,
            "probability": 0.999,
            "rect": {
                "bottom": 0.6484375,
                "left": 0.51953125,
                "right": 0.69921875,
                "top": 0.42578125
            }
        },
        {
            "label": 4,
            "probability": 0.999,
            "rect": {
                "bottom": 0.5432849,
                "left": 0.67519206,
                "right": 0.67519206,
                "top": 0.5432849
            }
        },
        {
            "label": 6,
            "probability": 0.999,
            "rect": {
                "bottom": 0.6038186,
                "left": 0.637591,
                "right": 0.637591,
                "top": 0.6038186
            }
        },
        {
            "label": 8,
            "probability": 0.999,
            "rect": {
                "bottom": 0.624686,
                "left": 0.60752684,
                "right": 0.60752684,
                "top": 0.624686
            }
        }
    ]
}