{
    "created_at": "2018-09-06T14:45:00.517118",
    "file_name": "000000077448.jpg",
    "generator": "convert_to_region_cropper.py",
    "labels": [
        "position",
        "left_eye",
        "right_eye",
        "left_cheek",
        "right_cheek",
        "nose_base",
        "left_mouth",
        "right_mouth",
        "bottom_mouth"
    ],
    "regions": [
        {
            "label": 0,
            "probability": 0.999,
            "rect": {
                "bottom": 0.54296875,
                "left": 0.4140625,
                "right": 0.546875,
                "top": 0.37890625
            }
        },
        {
            "label": 1,
            "probability": 0.999,
            "rect": {
                "bottom": 0.46879736,
                "left": 0.4884679,
                "right": 0.4884679,
                "top": 0.46879736
            }
        },
        {
            "label": 5,
            "probability": 0.999,
            "rect": {
                "bottom": 0.50185734,
                "left": 0.48194554,
                "right": 0.48194554,
                "top": 0.50185734
            }
        }
    ]
}