{
    "created_at": "2018-09-06T14:45:19.603402",
    "file_name": "000000159564.jpg",
    "generator": "convert_to_region_cropper.py",
    "labels": [
        "position",
        "left_eye",
        "right_eye",
        "left_cheek",
        "right_cheek",
        "nose_base",
        "left_mouth",
        "right_mouth",
        "bottom_mouth"
    ],
    "regions": [
        {
            "label": 0,
            "probability": 0.999,
            "rect": {
                "bottom": 0.32421875,
                "left": 0.50390625,
                "right": 0.6328125,
                "top": 0.16796875
            }
        },
        {
            "label": 1,
            "probability": 0.999,
            "rect": {
                "bottom": 0.25100505,
                "left": 0.5912879,
                "right": 0.5912879,
                "top": 0.25100505
            }
        },
        {
            "label": 2,
            "probability": 0.999,
            "rect": {
                "bottom": 0.251646,
                "left": 0.54564714,
                "right": 0.54564714,
                "top": 0.251646
            }
        },
        {
            "label": 3,
            "probability": 0.999,
            "rect": {
                "bottom": 0.26960984,
                "left": 0.54460794,
                "right": 0.54460794,
                "top": 0.26960984
            }
        }
    ]
}