{
    "created_at": "2018-09-06T14:46:14.107151",
    "file_name": "000000398677.jpg",
    "generator": "convert_to_region_cropper.py",
    "labels": [
        "position",
        "left_eye",
        "right_eye",
        "left_cheek",
        "right_cheek",
        "nose_base",
        "left_mouth",
        "right_mouth",
        "bottom_mouth"
    ],
    "regions": [
        {
            "label": 0,
            "probability": 0.999,
            "rect": {
                "bottom": 0.38671875,
                "left": 0.60546875,
                "right": 0.71875,
                "top": 0.2421875
            }
        },
        {
            "label": 1,
            "probability": 0.999,
            "rect": {
                "bottom": 0.31984124,
                "left": 0.6779149,
                "right": 0.6779149,
                "top": 0.31984124
            }
        },
        {
            "label": 4,
            "probability": 0.999,
            "rect": {
                "bottom": 0.32683763,
                "left": 0.69975346,
                "right": 0.69975346,
                "top": 0.32683763
            }
        },
        {
            "label": 6,
            "probability": 0.999,
            "rect": {
                "bottom": 0.36326164,
                "left": 0.6768913,
                "right": 0.6768913,
                "top": 0.36326164
            }
        }
    ]
}