{
    "created_at": "2018-09-06T14:45:49.372198",
    "file_name": "000000290711.jpg",
    "generator": "convert_to_region_cropper.py",
    "labels": [
        "position",
        "left_eye",
        "right_eye",
        "left_cheek",
        "right_cheek",
        "nose_base",
        "left_mouth",
        "right_mouth",
        "bottom_mouth"
    ],
    "regions": [
        {
            "label": 0,
            "probability": 0.999,
            "rect": {
                "bottom": 0.32421875,
                "left": 0.1796875,
                "right": 0.32421875,
                "top": 0.14453125
            }
        },
        {
            "label": 2,
            "probability": 0.999,
            "rect": {
                "bottom": 0.23750618,
                "left": 0.23551197,
                "right": 0.23551197,
                "top": 0.23750618
            }
        },
        {
            "label": 3,
            "probability": 0.999,
            "rect": {
                "bottom": 0.25956494,
                "left": 0.20967942,
                "right": 0.20967942,
                "top": 0.25956494
            }
        },
        {
            "label": 7,
            "probability": 0.999,
            "rect": {
                "bottom": 0.30023795,
                "left": 0.24144585,
                "right": 0.24144585,
                "top": 0.30023795
            }
        }
    ]
}