{
    "created_at": "2018-09-06T14:44:56.900830",
    "file_name": "000000062667.jpg",
    "generator": "convert_to_region_cropper.py",
    "labels": [
        "position",
        "left_eye",
        "right_eye",
        "left_cheek",
        "right_cheek",
        "nose_base",
        "left_mouth",
        "right_mouth",
        "bottom_mouth"
    ],
    "regions": [
        {
            "label": 0,
            "probability": 0.999,
            "rect": {
                "bottom": 0.15234375,
                "left": 0.83984375,
                "right": 0.93359375,
                "top": 0.03125
            }
        },
        {
            "label": 4,
            "probability": 0.999,
            "rect": {
                "bottom": 0.10261606,
                "left": 0.92699707,
                "right": 0.92699707,
                "top": 0.10261606
            }
        },
        {
            "label": 6,
            "probability": 0.999,
            "rect": {
                "bottom": 0.12753204,
                "left": 0.9082237,
                "right": 0.9082237,
                "top": 0.12753204
            }
        }
    ]
}