{
    "created_at": "2018-09-06T14:45:21.991698",
    "file_name": "000000170799.jpg",
    "generator": "convert_to_region_cropper.py",
    "labels": [
        "position",
        "left_eye",
        "right_eye",
        "left_cheek",
        "right_cheek",
        "nose_base",
        "left_mouth",
        "right_mouth",
        "bottom_mouth"
    ],
    "regions": [
        {
            "label": 0,
            "probability": 0.999,
            "rect": {
                "bottom": 0.796875,
                "left": 0.12109375,
                "right": 0.3828125,
                "top": 0.46484375
            }
        },
        {
            "label": 4,
            "probability": 0.999,
            "rect": {
                "bottom": 0.6583607,
                "left": 0.3215372,
                "right": 0.3215372,
                "top": 0.6583607
            }
        },
        {
            "label": 5,
            "probability": 0.999,
            "rect": {
                "bottom": 0.7039781,
                "left": 0.2759982,
                "right": 0.2759982,
                "top": 0.7039781
            }
        },
        {
            "label": 6,
            "probability": 0.999,
            "rect": {
                "bottom": 0.7334822,
                "left": 0.28560615,
                "right": 0.28560615,
                "top": 0.7334822
            }
        }
    ]
}