{
    "created_at": "2018-09-06T14:44:57.334372",
    "file_name": "000000064039.jpg",
    "generator": "convert_to_region_cropper.py",
    "labels": [
        "position",
        "left_eye",
        "right_eye",
        "left_cheek",
        "right_cheek",
        "nose_base",
        "left_mouth",
        "right_mouth",
        "bottom_mouth"
    ],
    "regions": [
        {
            "label": 0,
            "probability": 0.999,
            "rect": {
                "bottom": 0.3125,
                "left": 0.57421875,
                "right": 0.81640625,
                "top": 0.0078125
            }
        },
        {
            "label": 4,
            "probability": 0.999,
            "rect": {
                "bottom": 0.23058201,
                "left": 0.7700665,
                "right": 0.7700665,
                "top": 0.23058201
            }
        },
        {
            "label": 6,
            "probability": 0.999,
            "rect": {
                "bottom": 0.25217605,
                "left": 0.71201617,
                "right": 0.71201617,
                "top": 0.25217605
            }
        },
        {
            "label": 8,
            "probability": 0.999,
            "rect": {
                "bottom": 0.2541884,
                "left": 0.6695935,
                "right": 0.6695935,
                "top": 0.2541884
            }
        }
    ]
}