{
    "created_at": "2018-09-06T14:45:07.230491",
    "file_name": "000000106250.jpg",
    "generator": "convert_to_region_cropper.py",
    "labels": [
        "position",
        "left_eye",
        "right_eye",
        "left_cheek",
        "right_cheek",
        "nose_base",
        "left_mouth",
        "right_mouth",
        "bottom_mouth"
    ],
    "regions": [
        {
            "label": 0,
            "probability": 0.999,
            "rect": {
                "bottom": 0.31640625,
                "left": 0.29296875,
                "right": 0.38671875,
                "top": 0.203125
            }
        },
        {
            "label": 4,
            "probability": 0.999,
            "rect": {
                "bottom": 0.28013247,
                "left": 0.36545503,
                "right": 0.36545503,
                "top": 0.28013247
            }
        },
        {
            "label": 5,
            "probability": 0.999,
            "rect": {
                "bottom": 0.28632188,
                "left": 0.34479466,
                "right": 0.34479466,
                "top": 0.28632188
            }
        },
        {
            "label": 8,
            "probability": 0.999,
            "rect": {
                "bottom": 0.30138382,
                "left": 0.34270245,
                "right": 0.34270245,
                "top": 0.30138382
            }
        }
    ]
}