{
    "created_at": "2018-09-06T14:44:56.109288",
    "file_name": "000000059363.jpg",
    "generator": "convert_to_region_cropper.py",
    "labels": [
        "position",
        "left_eye",
        "right_eye",
        "left_cheek",
        "right_cheek",
        "nose_base",
        "left_mouth",
        "right_mouth",
        "bottom_mouth"
    ],
    "regions": [
        {
            "label": 0,
            "probability": 0.999,
            "rect": {
                "bottom": 0.41796875,
                "left": 0.70703125,
                "right": 0.80859375,
                "top": 0.29296875
            }
        },
        {
            "label": 1,
            "probability": 0.999,
            "rect": {
                "bottom": 0.36059585,
                "left": 0.7673607,
                "right": 0.7673607,
                "top": 0.36059585
            }
        },
        {
            "label": 5,
            "probability": 0.999,
            "rect": {
                "bottom": 0.38872695,
                "left": 0.75768334,
                "right": 0.75768334,
                "top": 0.38872695
            }
        }
    ]
}