{
    "created_at": "2018-09-06T14:45:32.406009",
    "file_name": "000000214483.jpg",
    "generator": "convert_to_region_cropper.py",
    "labels": [
        "position",
        "left_eye",
        "right_eye",
        "left_cheek",
        "right_cheek",
        "nose_base",
        "left_mouth",
        "right_mouth",
        "bottom_mouth"
    ],
    "regions": [
        {
            "label": 0,
            "probability": 0.999,
            "rect": {
                "bottom": 0.3125,
                "left": 0.27734375,
                "right": 0.37890625,
                "top": 0.18359375
            }
        },
        {
            "label": 3,
            "probability": 0.999,
            "rect": {
                "bottom": 0.26740742,
                "left": 0.30759633,
                "right": 0.30759633,
                "top": 0.26740742
            }
        },
        {
            "label": 5,
            "probability": 0.999,
            "rect": {
                "bottom": 0.27418947,
                "left": 0.32860357,
                "right": 0.32860357,
                "top": 0.27418947
            }
        },
        {
            "label": 7,
            "probability": 0.999,
            "rect": {
                "bottom": 0.28652352,
                "left": 0.31529516,
                "right": 0.31529516,
                "top": 0.28652352
            }
        }
    ]
}