{
    "created_at": "2018-09-06T14:45:27.495408",
    "file_name": "000000193668.jpg",
    "generator": "convert_to_region_cropper.py",
    "labels": [
        "position",
        "left_eye",
        "right_eye",
        "left_cheek",
        "right_cheek",
        "nose_base",
        "left_mouth",
        "right_mouth",
        "bottom_mouth"
    ],
    "regions": [
        {
            "label": 0,
            "probability": 0.999,
            "rect": {
                "bottom": 0.50390625,
                "left": 0.3984375,
                "right": 0.51171875,
                "top": 0.36328125
            }
        },
        {
            "label": 1,
            "probability": 0.999,
            "rect": {
                "bottom": 0.43745473,
                "left": 0.47596288,
                "right": 0.47596288,
                "top": 0.43745473
            }
        },
        {
            "label": 6,
            "probability": 0.999,
            "rect": {
                "bottom": 0.47324446,
                "left": 0.47625852,
                "right": 0.47625852,
                "top": 0.47324446
            }
        },
        {
            "label": 8,
            "probability": 0.999,
            "rect": {
                "bottom": 0.47079703,
                "left": 0.4517189,
                "right": 0.4517189,
                "top": 0.47079703
            }
        }
    ]
}