{
    "created_at": "2018-09-06T14:44:50.703307",
    "file_name": "000000037461.jpg",
    "generator": "convert_to_region_cropper.py",
    "labels": [
        "position",
        "left_eye",
        "right_eye",
        "left_cheek",
        "right_cheek",
        "nose_base",
        "left_mouth",
        "right_mouth",
        "bottom_mouth"
    ],
    "regions": [
        {
            "label": 0,
            "probability": 0.999,
            "rect": {
                "bottom": 0.30078125,
                "left": 0.30078125,
                "right": 0.40234375,
                "top": 0.171875
            }
        },
        {
            "label": 1,
            "probability": 0.999,
            "rect": {
                "bottom": 0.242939,
                "left": 0.36879078,
                "right": 0.36879078,
                "top": 0.242939
            }
        },
        {
            "label": 4,
            "probability": 0.999,
            "rect": {
                "bottom": 0.25494516,
                "left": 0.39064634,
                "right": 0.39064634,
                "top": 0.25494516
            }
        }
    ]
}