{
    "created_at": "2018-09-06T14:46:21.283829",
    "file_name": "000000430137.jpg",
    "generator": "convert_to_region_cropper.py",
    "labels": [
        "position",
        "left_eye",
        "right_eye",
        "left_cheek",
        "right_cheek",
        "nose_base",
        "left_mouth",
        "right_mouth",
        "bottom_mouth"
    ],
    "regions": [
        {
            "label": 0,
            "probability": 0.999,
            "rect": {
                "bottom": 0.33984375,
                "left": 0.52734375,
                "right": 0.7421875,
                "top": 0.0703125
            }
        },
        {
            "label": 4,
            "probability": 0.999,
            "rect": {
                "bottom": 0.23816745,
                "left": 0.6979303,
                "right": 0.6979303,
                "top": 0.23816745
            }
        },
        {
            "label": 6,
            "probability": 0.999,
            "rect": {
                "bottom": 0.2889434,
                "left": 0.65686905,
                "right": 0.65686905,
                "top": 0.2889434
            }
        }
    ]
}