{
    "created_at": "2018-09-06T14:44:59.078788",
    "file_name": "000000070613.jpg",
    "generator": "convert_to_region_cropper.py",
    "labels": [
        "position",
        "left_eye",
        "right_eye",
        "left_cheek",
        "right_cheek",
        "nose_base",
        "left_mouth",
        "right_mouth",
        "bottom_mouth"
    ],
    "regions": [
        {
            "label": 0,
            "probability": 0.999,
            "rect": {
                "bottom": 0.6796875,
                "left": 0.265625,
                "right": 0.41015625,
                "top": 0.49609375
            }
        },
        {
            "label": 1,
            "probability": 0.999,
            "rect": {
                "bottom": 0.58121055,
                "left": 0.37191373,
                "right": 0.37191373,
                "top": 0.58121055
            }
        },
        {
            "label": 5,
            "probability": 0.999,
            "rect": {
                "bottom": 0.61988044,
                "left": 0.34429237,
                "right": 0.34429237,
                "top": 0.61988044
            }
        }
    ]
}