{
    "created_at": "2018-09-06T14:45:49.287234",
    "file_name": "000000290310.jpg",
    "generator": "convert_to_region_cropper.py",
    "labels": [
        "position",
        "left_eye",
        "right_eye",
        "left_cheek",
        "right_cheek",
        "nose_base",
        "left_mouth",
        "right_mouth",
        "bottom_mouth"
    ],
    "regions": [
        {
            "label": 0,
            "probability": 0.999,
            "rect": {
                "bottom": 0.25,
                "left": 0.4375,
                "right": 0.57421875,
                "top": 0.08203125
            }
        },
        {
            "label": 1,
            "probability": 0.999,
            "rect": {
                "bottom": 0.16982286,
                "left": 0.5275542,
                "right": 0.5275542,
                "top": 0.16982286
            }
        },
        {
            "label": 4,
            "probability": 0.999,
            "rect": {
                "bottom": 0.18856974,
                "left": 0.5532527,
                "right": 0.5532527,
                "top": 0.18856974
            }
        },
        {
            "label": 6,
            "probability": 0.999,
            "rect": {
                "bottom": 0.221929,
                "left": 0.51970065,
                "right": 0.51970065,
                "top": 0.221929
            }
        }
    ]
}