{
    "created_at": "2018-09-06T14:46:53.044042",
    "file_name": "000000571736.jpg",
    "generator": "convert_to_region_cropper.py",
    "labels": [
        "position",
        "left_eye",
        "right_eye",
        "left_cheek",
        "right_cheek",
        "nose_base",
        "left_mouth",
        "right_mouth",
        "bottom_mouth"
    ],
    "regions": [
        {
            "label": 0,
            "probability": 0.999,
            "rect": {
                "bottom": 0.12890625,
                "left": 0.703125,
                "right": 0.8125,
                "top": 0.0
            }
        },
        {
            "label": 2,
            "probability": 0.999,
            "rect": {
                "bottom": 0.06527188,
                "left": 0.7440938,
                "right": 0.7440938,
                "top": 0.06527188
            }
        },
        {
            "label": 3,
            "probability": 0.999,
            "rect": {
                "bottom": 0.07726885,
                "left": 0.72455037,
                "right": 0.72455037,
                "top": 0.07726885
            }
        },
        {
            "label": 5,
            "probability": 0.999,
            "rect": {
                "bottom": 0.09234656,
                "left": 0.748262,
                "right": 0.748262,
                "top": 0.09234656
            }
        }
    ]
}