{
    "created_at": "2018-09-06T14:45:33.278689",
    "file_name": "000000217979.jpg",
    "generator": "convert_to_region_cropper.py",
    "labels": [
        "position",
        "left_eye",
        "right_eye",
        "left_cheek",
        "right_cheek",
        "nose_base",
        "left_mouth",
        "right_mouth",
        "bottom_mouth"
    ],
    "regions": [
        {
            "label": 0,
            "probability": 0.999,
            "rect": {
                "bottom": 0.3046875,
                "left": 0.453125,
                "right": 0.703125,
                "top": 0.0
            }
        },
        {
            "label": 1,
            "probability": 0.999,
            "rect": {
                "bottom": 0.16546886,
                "left": 0.60741264,
                "right": 0.60741264,
                "top": 0.16546886
            }
        },
        {
            "label": 4,
            "probability": 0.999,
            "rect": {
                "bottom": 0.17894244,
                "left": 0.6545842,
                "right": 0.6545842,
                "top": 0.17894244
            }
        },
        {
            "label": 6,
            "probability": 0.999,
            "rect": {
                "bottom": 0.24360898,
                "left": 0.6067313,
                "right": 0.6067313,
                "top": 0.24360898
            }
        }
    ]
}