{
    "created_at": "2018-09-06T14:46:07.329284",
    "file_name": "000000368110.jpg",
    "generator": "convert_to_region_cropper.py",
    "labels": [
        "position",
        "left_eye",
        "right_eye",
        "left_cheek",
        "right_cheek",
        "nose_base",
        "left_mouth",
        "right_mouth",
        "bottom_mouth"
    ],
    "regions": [
        {
            "label": 0,
            "probability": 0.999,
            "rect": {
                "bottom": 0.57421875,
                "left": 0.47265625,
                "right": 0.60546875,
                "top": 0.40625
            }
        },
        {
            "label": 1,
            "probability": 0.999,
            "rect": {
                "bottom": 0.49630156,
                "left": 0.5641852,
                "right": 0.5641852,
                "top": 0.49630156
            }
        },
        {
            "label": 2,
            "probability": 0.999,
            "rect": {
                "bottom": 0.4973704,
                "left": 0.5229538,
                "right": 0.5229538,
                "top": 0.4973704
            }
        },
        {
            "label": 3,
            "probability": 0.999,
            "rect": {
                "bottom": 0.501856,
                "left": 0.49914956,
                "right": 0.49914956,
                "top": 0.501856
            }
        }
    ]
}