{
    "created_at": "2018-09-06T14:45:54.793236",
    "file_name": "000000314528.jpg",
    "generator": "convert_to_region_cropper.py",
    "labels": [
        "position",
        "left_eye",
        "right_eye",
        "left_cheek",
        "right_cheek",
        "nose_base",
        "left_mouth",
        "right_mouth",
        "bottom_mouth"
    ],
    "regions": [
        {
            "label": 0,
            "probability": 0.999,
            "rect": {
                "bottom": 0.46875,
                "left": 0.20703125,
                "right": 0.48046875,
                "top": 0.125
            }
        },
        {
            "label": 2,
            "probability": 0.999,
            "rect": {
                "bottom": 0.3248116,
                "left": 0.33269897,
                "right": 0.33269897,
                "top": 0.3248116
            }
        },
        {
            "label": 3,
            "probability": 0.999,
            "rect": {
                "bottom": 0.3411711,
                "left": 0.27790073,
                "right": 0.27790073,
                "top": 0.3411711
            }
        },
        {
            "label": 5,
            "probability": 0.999,
            "rect": {
                "bottom": 0.3889866,
                "left": 0.3723565,
                "right": 0.3723565,
                "top": 0.3889866
            }
        }
    ]
}