{
    "created_at": "2018-09-06T14:45:58.375544",
    "file_name": "000000329579.jpg",
    "generator": "convert_to_region_cropper.py",
    "labels": [
        "position",
        "left_eye",
        "right_eye",
        "left_cheek",
        "right_cheek",
        "nose_base",
        "left_mouth",
        "right_mouth",
        "bottom_mouth"
    ],
    "regions": [
        {
            "label": 0,
            "probability": 0.999,
            "rect": {
                "bottom": 0.2890625,
                "left": 0.3828125,
                "right": 0.48046875,
                "top": 0.16796875
            }
        },
        {
            "label": 3,
            "probability": 0.999,
            "rect": {
                "bottom": 0.25104645,
                "left": 0.41581497,
                "right": 0.41581497,
                "top": 0.25104645
            }
        },
        {
            "label": 4,
            "probability": 0.999,
            "rect": {
                "bottom": 0.25179258,
                "left": 0.44866616,
                "right": 0.44866616,
                "top": 0.25179258
            }
        },
        {
            "label": 5,
            "probability": 0.999,
            "rect": {
                "bottom": 0.260431,
                "left": 0.4208575,
                "right": 0.4208575,
                "top": 0.260431
            }
        }
    ]
}