{
    "created_at": "2018-09-06T14:46:15.297374",
    "file_name": "000000404103.jpg",
    "generator": "convert_to_region_cropper.py",
    "labels": [
        "position",
        "left_eye",
        "right_eye",
        "left_cheek",
        "right_cheek",
        "nose_base",
        "left_mouth",
        "right_mouth",
        "bottom_mouth"
    ],
    "regions": [
        {
            "label": 0,
            "probability": 0.999,
            "rect": {
                "bottom": 0.34765625,
                "left": 0.62890625,
                "right": 0.734375,
                "top": 0.21484375
            }
        },
        {
            "label": 4,
            "probability": 0.999,
            "rect": {
                "bottom": 0.30612224,
                "left": 0.6996332,
                "right": 0.6996332,
                "top": 0.30612224
            }
        },
        {
            "label": 0,
            "probability": 0.999,
            "rect": {
                "bottom": 0.33203125,
                "left": 0.5390625,
                "right": 0.6328125,
                "top": 0.21484375
            }
        }
    ]
}