{
    "created_at": "2018-09-06T14:45:58.141916",
    "file_name": "000000328457.jpg",
    "generator": "convert_to_region_cropper.py",
    "labels": [
        "position",
        "left_eye",
        "right_eye",
        "left_cheek",
        "right_cheek",
        "nose_base",
        "left_mouth",
        "right_mouth",
        "bottom_mouth"
    ],
    "regions": [
        {
            "label": 0,
            "probability": 0.999,
            "rect": {
                "bottom": 0.1796875,
                "left": 0.7109375,
                "right": 0.82421875,
                "top": 0.03515625
            }
        },
        {
            "label": 1,
            "probability": 0.999,
            "rect": {
                "bottom": 0.11639607,
                "left": 0.77881753,
                "right": 0.77881753,
                "top": 0.11639607
            }
        },
        {
            "label": 4,
            "probability": 0.999,
            "rect": {
                "bottom": 0.1310812,
                "left": 0.81919503,
                "right": 0.81919503,
                "top": 0.1310812
            }
        },
        {
            "label": 6,
            "probability": 0.999,
            "rect": {
                "bottom": 0.1485683,
                "left": 0.7830978,
                "right": 0.7830978,
                "top": 0.1485683
            }
        }
    ]
}