{
    "created_at": "2018-09-06T14:45:40.923783",
    "file_name": "000000252478.jpg",
    "generator": "convert_to_region_cropper.py",
    "labels": [
        "position",
        "left_eye",
        "right_eye",
        "left_cheek",
        "right_cheek",
        "nose_base",
        "left_mouth",
        "right_mouth",
        "bottom_mouth"
    ],
    "regions": [
        {
            "label": 0,
            "probability": 0.999,
            "rect": {
                "bottom": 0.28515625,
                "left": 0.44140625,
                "right": 0.546875,
                "top": 0.15625
            }
        },
        {
            "label": 1,
            "probability": 0.999,
            "rect": {
                "bottom": 0.22402439,
                "left": 0.5079281,
                "right": 0.5079281,
                "top": 0.22402439
            }
        },
        {
            "label": 4,
            "probability": 0.999,
            "rect": {
                "bottom": 0.23708943,
                "left": 0.529288,
                "right": 0.529288,
                "top": 0.23708943
            }
        },
        {
            "label": 6,
            "probability": 0.999,
            "rect": {
                "bottom": 0.26095986,
                "left": 0.51311404,
                "right": 0.51311404,
                "top": 0.26095986
            }
        }
    ]
}