{
    "created_at": "2018-09-06T14:45:15.264740",
    "file_name": "000000139135.jpg",
    "generator": "convert_to_region_cropper.py",
    "labels": [
        "position",
        "left_eye",
        "right_eye",
        "left_cheek",
        "right_cheek",
        "nose_base",
        "left_mouth",
        "right_mouth",
        "bottom_mouth"
    ],
    "regions": [
        {
            "label": 0,
            "probability": 0.999,
            "rect": {
                "bottom": 0.328125,
                "left": 0.40234375,
                "right": 0.5234375,
                "top": 0.1796875
            }
        },
        {
            "label": 1,
            "probability": 0.999,
            "rect": {
                "bottom": 0.26677287,
                "left": 0.48058686,
                "right": 0.48058686,
                "top": 0.26677287
            }
        },
        {
            "label": 2,
            "probability": 0.999,
            "rect": {
                "bottom": 0.25977793,
                "left": 0.45435378,
                "right": 0.45435378,
                "top": 0.25977793
            }
        }
    ]
}