{
    "created_at": "2018-09-06T14:45:12.375413",
    "file_name": "000000127402.jpg",
    "generator": "convert_to_region_cropper.py",
    "labels": [
        "position",
        "left_eye",
        "right_eye",
        "left_cheek",
        "right_cheek",
        "nose_base",
        "left_mouth",
        "right_mouth",
        "bottom_mouth"
    ],
    "regions": [
        {
            "label": 0,
            "probability": 0.999,
            "rect": {
                "bottom": 0.51953125,
                "left": 0.484375,
                "right": 0.6015625,
                "top": 0.37109375
            }
        },
        {
            "label": 1,
            "probability": 0.999,
            "rect": {
                "bottom": 0.44481942,
                "left": 0.56079495,
                "right": 0.56079495,
                "top": 0.44481942
            }
        },
        {
            "label": 5,
            "probability": 0.999,
            "rect": {
                "bottom": 0.48547468,
                "left": 0.5448419,
                "right": 0.5448419,
                "top": 0.48547468
            }
        }
    ]
}