{
    "created_at": "2018-09-06T14:45:05.248683",
    "file_name": "000000097791.jpg",
    "generator": "convert_to_region_cropper.py",
    "labels": [
        "position",
        "left_eye",
        "right_eye",
        "left_cheek",
        "right_cheek",
        "nose_base",
        "left_mouth",
        "right_mouth",
        "bottom_mouth"
    ],
    "regions": [
        {
            "label": 0,
            "probability": 0.999,
            "rect": {
                "bottom": 0.33203125,
                "left": 0.43359375,
                "right": 0.5390625,
                "top": 0.19921875
            }
        },
        {
            "label": 1,
            "probability": 0.999,
            "rect": {
                "bottom": 0.26890707,
                "left": 0.5015793,
                "right": 0.5015793,
                "top": 0.26890707
            }
        },
        {
            "label": 4,
            "probability": 0.999,
            "rect": {
                "bottom": 0.27839628,
                "left": 0.5264022,
                "right": 0.5264022,
                "top": 0.27839628
            }
        },
        {
            "label": 6,
            "probability": 0.999,
            "rect": {
                "bottom": 0.29878217,
                "left": 0.5057976,
                "right": 0.5057976,
                "top": 0.29878217
            }
        }
    ]
}