{
    "created_at": "2018-09-06T14:46:51.226885",
    "file_name": "000000563845.jpg",
    "generator": "convert_to_region_cropper.py",
    "labels": [
        "position",
        "left_eye",
        "right_eye",
        "left_cheek",
        "right_cheek",
        "nose_base",
        "left_mouth",
        "right_mouth",
        "bottom_mouth"
    ],
    "regions": [
        {
            "label": 0,
            "probability": 0.999,
            "rect": {
                "bottom": 0.328125,
                "left": 0.5390625,
                "right": 0.66796875,
                "top": 0.16796875
            }
        },
        {
            "label": 1,
            "probability": 0.999,
            "rect": {
                "bottom": 0.25711823,
                "left": 0.61605835,
                "right": 0.61605835,
                "top": 0.25711823
            }
        },
        {
            "label": 2,
            "probability": 0.999,
            "rect": {
                "bottom": 0.25381178,
                "left": 0.584843,
                "right": 0.584843,
                "top": 0.25381178
            }
        },
        {
            "label": 5,
            "probability": 0.999,
            "rect": {
                "bottom": 0.2894205,
                "left": 0.60802966,
                "right": 0.60802966,
                "top": 0.2894205
            }
        }
    ]
}