{
    "created_at": "2018-09-06T14:46:00.990729",
    "file_name": "000000340827.jpg",
    "generator": "convert_to_region_cropper.py",
    "labels": [
        "position",
        "left_eye",
        "right_eye",
        "left_cheek",
        "right_cheek",
        "nose_base",
        "left_mouth",
        "right_mouth",
        "bottom_mouth"
    ],
    "regions": [
        {
            "label": 0,
            "probability": 0.999,
            "rect": {
                "bottom": 0.17578125,
                "left": 0.51171875,
                "right": 0.62890625,
                "top": 0.02734375
            }
        },
        {
            "label": 1,
            "probability": 0.999,
            "rect": {
                "bottom": 0.121933036,
                "left": 0.588568,
                "right": 0.588568,
                "top": 0.121933036
            }
        },
        {
            "label": 2,
            "probability": 0.999,
            "rect": {
                "bottom": 0.10787075,
                "left": 0.5643827,
                "right": 0.5643827,
                "top": 0.10787075
            }
        },
        {
            "label": 3,
            "probability": 0.999,
            "rect": {
                "bottom": 0.11676249,
                "left": 0.54139227,
                "right": 0.54139227,
                "top": 0.11676249
            }
        }
    ]
}