{
    "created_at": "2018-09-06T14:45:08.832010",
    "file_name": "000000112777.jpg",
    "generator": "convert_to_region_cropper.py",
    "labels": [
        "position",
        "left_eye",
        "right_eye",
        "left_cheek",
        "right_cheek",
        "nose_base",
        "left_mouth",
        "right_mouth",
        "bottom_mouth"
    ],
    "regions": [
        {
            "label": 0,
            "probability": 0.999,
            "rect": {
                "bottom": 0.2109375,
                "left": 0.1328125,
                "right": 0.234375,
                "top": 0.0859375
            }
        },
        {
            "label": 2,
            "probability": 0.999,
            "rect": {
                "bottom": 0.15840146,
                "left": 0.17674059,
                "right": 0.17674059,
                "top": 0.15840146
            }
        },
        {
            "label": 6,
            "probability": 0.999,
            "rect": {
                "bottom": 0.18756369,
                "left": 0.20226587,
                "right": 0.20226587,
                "top": 0.18756369
            }
        }
    ]
}