{
    "created_at": "2018-09-06T14:45:12.942233",
    "file_name": "000000129076.jpg",
    "generator": "convert_to_region_cropper.py",
    "labels": [
        "position",
        "left_eye",
        "right_eye",
        "left_cheek",
        "right_cheek",
        "nose_base",
        "left_mouth",
        "right_mouth",
        "bottom_mouth"
    ],
    "regions": [
        {
            "label": 0,
            "probability": 0.999,
            "rect": {
                "bottom": 0.42578125,
                "left": 0.078125,
                "right": 0.171875,
                "top": 0.3046875
            }
        },
        {
            "label": 3,
            "probability": 0.999,
            "rect": {
                "bottom": 0.38216907,
                "left": 0.098973736,
                "right": 0.098973736,
                "top": 0.38216907
            }
        },
        {
            "label": 5,
            "probability": 0.999,
            "rect": {
                "bottom": 0.3926135,
                "left": 0.13412999,
                "right": 0.13412999,
                "top": 0.3926135
            }
        }
    ]
}