{
    "created_at": "2018-09-06T14:46:43.107576",
    "file_name": "000000527911.jpg",
    "generator": "convert_to_region_cropper.py",
    "labels": [
        "position",
        "left_eye",
        "right_eye",
        "left_cheek",
        "right_cheek",
        "nose_base",
        "left_mouth",
        "right_mouth",
        "bottom_mouth"
    ],
    "regions": [
        {
            "label": 0,
            "probability": 0.999,
            "rect": {
                "bottom": 0.28125,
                "left": 0.375,
                "right": 0.48828125,
                "top": 0.140625
            }
        },
        {
            "label": 1,
            "probability": 0.999,
            "rect": {
                "bottom": 0.219215,
                "left": 0.45157915,
                "right": 0.45157915,
                "top": 0.219215
            }
        },
        {
            "label": 2,
            "probability": 0.999,
            "rect": {
                "bottom": 0.21895461,
                "left": 0.4217121,
                "right": 0.4217121,
                "top": 0.21895461
            }
        },
        {
            "label": 3,
            "probability": 0.999,
            "rect": {
                "bottom": 0.22105515,
                "left": 0.39482895,
                "right": 0.39482895,
                "top": 0.22105515
            }
        }
    ]
}