{
    "created_at": "2018-09-06T14:46:48.208090",
    "file_name": "000000549513.jpg",
    "generator": "convert_to_region_cropper.py",
    "labels": [
        "position",
        "left_eye",
        "right_eye",
        "left_cheek",
        "right_cheek",
        "nose_base",
        "left_mouth",
        "right_mouth",
        "bottom_mouth"
    ],
    "regions": [
        {
            "label": 0,
            "probability": 0.999,
            "rect": {
                "bottom": 0.26171875,
                "left": 0.52734375,
                "right": 0.64453125,
                "top": 0.11328125
            }
        },
        {
            "label": 1,
            "probability": 0.999,
            "rect": {
                "bottom": 0.19639137,
                "left": 0.5958553,
                "right": 0.5958553,
                "top": 0.19639137
            }
        },
        {
            "label": 4,
            "probability": 0.999,
            "rect": {
                "bottom": 0.19918345,
                "left": 0.6181472,
                "right": 0.6181472,
                "top": 0.19918345
            }
        }
    ]
}