{
    "created_at": "2018-09-06T14:46:10.824061",
    "file_name": "000000383010.jpg",
    "generator": "convert_to_region_cropper.py",
    "labels": [
        "position",
        "left_eye",
        "right_eye",
        "left_cheek",
        "right_cheek",
        "nose_base",
        "left_mouth",
        "right_mouth",
        "bottom_mouth"
    ],
    "regions": [
        {
            "label": 0,
            "probability": 0.999,
            "rect": {
                "bottom": 0.37890625,
                "left": 0.58203125,
                "right": 0.67578125,
                "top": 0.2578125
            }
        },
        {
            "label": 1,
            "probability": 0.999,
            "rect": {
                "bottom": 0.32361123,
                "left": 0.6470272,
                "right": 0.6470272,
                "top": 0.32361123
            }
        },
        {
            "label": 4,
            "probability": 0.999,
            "rect": {
                "bottom": 0.34343103,
                "left": 0.64583135,
                "right": 0.64583135,
                "top": 0.34343103
            }
        }
    ]
}