{
    "created_at": "2018-09-06T14:45:24.801727",
    "file_name": "000000183116.jpg",
    "generator": "convert_to_region_cropper.py",
    "labels": [
        "position",
        "left_eye",
        "right_eye",
        "left_cheek",
        "right_cheek",
        "nose_base",
        "left_mouth",
        "right_mouth",
        "bottom_mouth"
    ],
    "regions": [
        {
            "label": 0,
            "probability": 0.999,
            "rect": {
                "bottom": 0.3359375,
                "left": 0.53515625,
                "right": 0.65625,
                "top": 0.18359375
            }
        },
        {
            "label": 1,
            "probability": 0.999,
            "rect": {
                "bottom": 0.26798248,
                "left": 0.6043727,
                "right": 0.6043727,
                "top": 0.26798248
            }
        },
        {
            "label": 4,
            "probability": 0.999,
            "rect": {
                "bottom": 0.27051327,
                "left": 0.630899,
                "right": 0.630899,
                "top": 0.27051327
            }
        },
        {
            "label": 6,
            "probability": 0.999,
            "rect": {
                "bottom": 0.3065013,
                "left": 0.6125191,
                "right": 0.6125191,
                "top": 0.3065013
            }
        }
    ]
}