{
    "created_at": "2018-09-06T14:46:14.988526",
    "file_name": "000000402940.jpg",
    "generator": "convert_to_region_cropper.py",
    "labels": [
        "position",
        "left_eye",
        "right_eye",
        "left_cheek",
        "right_cheek",
        "nose_base",
        "left_mouth",
        "right_mouth",
        "bottom_mouth"
    ],
    "regions": [
        {
            "label": 0,
            "probability": 0.999,
            "rect": {
                "bottom": 0.52734375,
                "left": 0.55078125,
                "right": 0.671875,
                "top": 0.375
            }
        },
        {
            "label": 0,
            "probability": 0.999,
            "rect": {
                "bottom": 0.5234375,
                "left": 0.3046875,
                "right": 0.4296875,
                "top": 0.3671875
            }
        },
        {
            "label": 1,
            "probability": 0.999,
            "rect": {
                "bottom": 0.45419365,
                "left": 0.38923806,
                "right": 0.38923806,
                "top": 0.45419365
            }
        },
        {
            "label": 4,
            "probability": 0.999,
            "rect": {
                "bottom": 0.46180576,
                "left": 0.40561017,
                "right": 0.40561017,
                "top": 0.46180576
            }
        }
    ]
}