{
    "created_at": "2018-09-06T14:45:45.997305",
    "file_name": "000000276107.jpg",
    "generator": "convert_to_region_cropper.py",
    "labels": [
        "position",
        "left_eye",
        "right_eye",
        "left_cheek",
        "right_cheek",
        "nose_base",
        "left_mouth",
        "right_mouth",
        "bottom_mouth"
    ],
    "regions": [
        {
            "label": 0,
            "probability": 0.999,
            "rect": {
                "bottom": 0.3203125,
                "left": 0.55078125,
                "right": 0.78515625,
                "top": 0.0234375
            }
        },
        {
            "label": 1,
            "probability": 0.999,
            "rect": {
                "bottom": 0.18867129,
                "left": 0.6920669,
                "right": 0.6920669,
                "top": 0.18867129
            }
        },
        {
            "label": 4,
            "probability": 0.999,
            "rect": {
                "bottom": 0.20202595,
                "left": 0.74357873,
                "right": 0.74357873,
                "top": 0.20202595
            }
        },
        {
            "label": 6,
            "probability": 0.999,
            "rect": {
                "bottom": 0.26194292,
                "left": 0.70513856,
                "right": 0.70513856,
                "top": 0.26194292
            }
        }
    ]
}