{
    "created_at": "2018-09-06T14:46:17.768007",
    "file_name": "000000415375.jpg",
    "generator": "convert_to_region_cropper.py",
    "labels": [
        "position",
        "left_eye",
        "right_eye",
        "left_cheek",
        "right_cheek",
        "nose_base",
        "left_mouth",
        "right_mouth",
        "bottom_mouth"
    ],
    "regions": [
        {
            "label": 0,
            "probability": 0.999,
            "rect": {
                "bottom": 0.48828125,
                "left": 0.078125,
                "right": 0.18359375,
                "top": 0.35546875
            }
        },
        {
            "label": 5,
            "probability": 0.999,
            "rect": {
                "bottom": 0.4501741,
                "left": 0.1344649,
                "right": 0.1344649,
                "top": 0.4501741
            }
        },
        {
            "label": 6,
            "probability": 0.999,
            "rect": {
                "bottom": 0.46016172,
                "left": 0.15008989,
                "right": 0.15008989,
                "top": 0.46016172
            }
        }
    ]
}