{
    "created_at": "2018-09-06T14:44:48.125361",
    "file_name": "000000025227.jpg",
    "generator": "convert_to_region_cropper.py",
    "labels": [
        "position",
        "left_eye",
        "right_eye",
        "left_cheek",
        "right_cheek",
        "nose_base",
        "left_mouth",
        "right_mouth",
        "bottom_mouth"
    ],
    "regions": [
        {
            "label": 0,
            "probability": 0.999,
            "rect": {
                "bottom": 0.16796875,
                "left": 0.71484375,
                "right": 0.8125,
                "top": 0.046875
            }
        },
        {
            "label": 1,
            "probability": 0.999,
            "rect": {
                "bottom": 0.11155965,
                "left": 0.77833796,
                "right": 0.77833796,
                "top": 0.11155965
            }
        },
        {
            "label": 4,
            "probability": 0.999,
            "rect": {
                "bottom": 0.13127995,
                "left": 0.7769243,
                "right": 0.7769243,
                "top": 0.13127995
            }
        },
        {
            "label": 5,
            "probability": 0.999,
            "rect": {
                "bottom": 0.13442309,
                "left": 0.76056594,
                "right": 0.76056594,
                "top": 0.13442309
            }
        }
    ]
}