{
    "created_at": "2018-09-06T14:46:28.095443",
    "file_name": "000000459782.jpg",
    "generator": "convert_to_region_cropper.py",
    "labels": [
        "position",
        "left_eye",
        "right_eye",
        "left_cheek",
        "right_cheek",
        "nose_base",
        "left_mouth",
        "right_mouth",
        "bottom_mouth"
    ],
    "regions": [
        {
            "label": 0,
            "probability": 0.999,
            "rect": {
                "bottom": 0.37109375,
                "left": 0.484375,
                "right": 0.7109375,
                "top": 0.08984375
            }
        },
        {
            "label": 1,
            "probability": 0.999,
            "rect": {
                "bottom": 0.24803098,
                "left": 0.6278592,
                "right": 0.6278592,
                "top": 0.24803098
            }
        },
        {
            "label": 4,
            "probability": 0.999,
            "rect": {
                "bottom": 0.25887617,
                "left": 0.6648348,
                "right": 0.6648348,
                "top": 0.25887617
            }
        },
        {
            "label": 5,
            "probability": 0.999,
            "rect": {
                "bottom": 0.29395497,
                "left": 0.6258006,
                "right": 0.6258006,
                "top": 0.29395497
            }
        }
    ]
}