{
    "created_at": "2018-09-06T14:44:52.074202",
    "file_name": "000000043019.jpg",
    "generator": "convert_to_region_cropper.py",
    "labels": [
        "position",
        "left_eye",
        "right_eye",
        "left_cheek",
        "right_cheek",
        "nose_base",
        "left_mouth",
        "right_mouth",
        "bottom_mouth"
    ],
    "regions": [
        {
            "label": 0,
            "probability": 0.999,
            "rect": {
                "bottom": 0.546875,
                "left": 0.1875,
                "right": 0.5,
                "top": 0.16015625
            }
        },
        {
            "label": 2,
            "probability": 0.999,
            "rect": {
                "bottom": 0.36572972,
                "left": 0.3049496,
                "right": 0.3049496,
                "top": 0.36572972
            }
        },
        {
            "label": 3,
            "probability": 0.999,
            "rect": {
                "bottom": 0.3992361,
                "left": 0.24818408,
                "right": 0.24818408,
                "top": 0.3992361
            }
        },
        {
            "label": 5,
            "probability": 0.999,
            "rect": {
                "bottom": 0.439666,
                "left": 0.36327457,
                "right": 0.36327457,
                "top": 0.439666
            }
        }
    ]
}