{
    "created_at": "2018-09-06T14:46:02.641700",
    "file_name": "000000348137.jpg",
    "generator": "convert_to_region_cropper.py",
    "labels": [
        "position",
        "left_eye",
        "right_eye",
        "left_cheek",
        "right_cheek",
        "nose_base",
        "left_mouth",
        "right_mouth",
        "bottom_mouth"
    ],
    "regions": [
        {
            "label": 0,
            "probability": 0.999,
            "rect": {
                "bottom": 0.39453125,
                "left": 0.49609375,
                "right": 0.609375,
                "top": 0.25390625
            }
        },
        {
            "label": 2,
            "probability": 0.999,
            "rect": {
                "bottom": 0.33191103,
                "left": 0.5438148,
                "right": 0.5438148,
                "top": 0.33191103
            }
        },
        {
            "label": 3,
            "probability": 0.999,
            "rect": {
                "bottom": 0.3426558,
                "left": 0.52121305,
                "right": 0.52121305,
                "top": 0.3426558
            }
        },
        {
            "label": 7,
            "probability": 0.999,
            "rect": {
                "bottom": 0.3700173,
                "left": 0.5446494,
                "right": 0.5446494,
                "top": 0.3700173
            }
        }
    ]
}