{
    "created_at": "2018-09-06T14:45:32.521829",
    "file_name": "000000214806.jpg",
    "generator": "convert_to_region_cropper.py",
    "labels": [
        "position",
        "left_eye",
        "right_eye",
        "left_cheek",
        "right_cheek",
        "nose_base",
        "left_mouth",
        "right_mouth",
        "bottom_mouth"
    ],
    "regions": [
        {
            "label": 0,
            "probability": 0.999,
            "rect": {
                "bottom": 0.27734375,
                "left": 0.37890625,
                "right": 0.49609375,
                "top": 0.125
            }
        },
        {
            "label": 2,
            "probability": 0.999,
            "rect": {
                "bottom": 0.20836094,
                "left": 0.42393008,
                "right": 0.42393008,
                "top": 0.20836094
            }
        },
        {
            "label": 3,
            "probability": 0.999,
            "rect": {
                "bottom": 0.22220838,
                "left": 0.38816184,
                "right": 0.38816184,
                "top": 0.22220838
            }
        },
        {
            "label": 7,
            "probability": 0.999,
            "rect": {
                "bottom": 0.24568576,
                "left": 0.42138016,
                "right": 0.42138016,
                "top": 0.24568576
            }
        }
    ]
}