{
    "created_at": "2018-09-06T14:45:56.068135",
    "file_name": "000000319806.jpg",
    "generator": "convert_to_region_cropper.py",
    "labels": [
        "position",
        "left_eye",
        "right_eye",
        "left_cheek",
        "right_cheek",
        "nose_base",
        "left_mouth",
        "right_mouth",
        "bottom_mouth"
    ],
    "regions": [
        {
            "label": 0,
            "probability": 0.999,
            "rect": {
                "bottom": 0.6328125,
                "left": 0.578125,
                "right": 0.69140625,
                "top": 0.48828125
            }
        },
        {
            "label": 1,
            "probability": 0.999,
            "rect": {
                "bottom": 0.5667583,
                "left": 0.653294,
                "right": 0.653294,
                "top": 0.5667583
            }
        },
        {
            "label": 4,
            "probability": 0.999,
            "rect": {
                "bottom": 0.57977414,
                "left": 0.6702804,
                "right": 0.6702804,
                "top": 0.57977414
            }
        },
        {
            "label": 6,
            "probability": 0.999,
            "rect": {
                "bottom": 0.6021365,
                "left": 0.64656836,
                "right": 0.64656836,
                "top": 0.6021365
            }
        }
    ]
}