{
    "created_at": "2018-09-06T14:46:11.727592",
    "file_name": "000000386410.jpg",
    "generator": "convert_to_region_cropper.py",
    "labels": [
        "position",
        "left_eye",
        "right_eye",
        "left_cheek",
        "right_cheek",
        "nose_base",
        "left_mouth",
        "right_mouth",
        "bottom_mouth"
    ],
    "regions": [
        {
            "label": 0,
            "probability": 0.999,
            "rect": {
                "bottom": 0.31640625,
                "left": 0.7578125,
                "right": 0.875,
                "top": 0.17578125
            }
        },
        {
            "label": 2,
            "probability": 0.999,
            "rect": {
                "bottom": 0.25240704,
                "left": 0.81158215,
                "right": 0.81158215,
                "top": 0.25240704
            }
        },
        {
            "label": 3,
            "probability": 0.999,
            "rect": {
                "bottom": 0.2602704,
                "left": 0.7896834,
                "right": 0.7896834,
                "top": 0.2602704
            }
        },
        {
            "label": 7,
            "probability": 0.999,
            "rect": {
                "bottom": 0.290059,
                "left": 0.8023661,
                "right": 0.8023661,
                "top": 0.290059
            }
        }
    ]
}