{
    "created_at": "2018-09-06T14:46:46.859652",
    "file_name": "000000544249.jpg",
    "generator": "convert_to_region_cropper.py",
    "labels": [
        "position",
        "left_eye",
        "right_eye",
        "left_cheek",
        "right_cheek",
        "nose_base",
        "left_mouth",
        "right_mouth",
        "bottom_mouth"
    ],
    "regions": [
        {
            "label": 0,
            "probability": 0.999,
            "rect": {
                "bottom": 0.27734375,
                "left": 0.296875,
                "right": 0.40625,
                "top": 0.13671875
            }
        },
        {
            "label": 3,
            "probability": 0.999,
            "rect": {
                "bottom": 0.23213667,
                "left": 0.32197687,
                "right": 0.32197687,
                "top": 0.23213667
            }
        },
        {
            "label": 7,
            "probability": 0.999,
            "rect": {
                "bottom": 0.25246915,
                "left": 0.34387246,
                "right": 0.34387246,
                "top": 0.25246915
            }
        }
    ]
}