{
    "created_at": "2018-09-06T14:46:11.052625",
    "file_name": "000000383772.jpg",
    "generator": "convert_to_region_cropper.py",
    "labels": [
        "position",
        "left_eye",
        "right_eye",
        "left_cheek",
        "right_cheek",
        "nose_base",
        "left_mouth",
        "right_mouth",
        "bottom_mouth"
    ],
    "regions": [
        {
            "label": 0,
            "probability": 0.999,
            "rect": {
                "bottom": 0.3203125,
                "left": 0.37890625,
                "right": 0.4765625,
                "top": 0.19921875
            }
        },
        {
            "label": 4,
            "probability": 0.999,
            "rect": {
                "bottom": 0.28727767,
                "left": 0.45779246,
                "right": 0.45779246,
                "top": 0.28727767
            }
        },
        {
            "label": 8,
            "probability": 0.999,
            "rect": {
                "bottom": 0.3166998,
                "left": 0.44189203,
                "right": 0.44189203,
                "top": 0.3166998
            }
        }
    ]
}