{
    "created_at": "2018-09-06T14:45:36.512361",
    "file_name": "000000232270.jpg",
    "generator": "convert_to_region_cropper.py",
    "labels": [
        "position",
        "left_eye",
        "right_eye",
        "left_cheek",
        "right_cheek",
        "nose_base",
        "left_mouth",
        "right_mouth",
        "bottom_mouth"
    ],
    "regions": [
        {
            "label": 0,
            "probability": 0.999,
            "rect": {
                "bottom": 0.5546875,
                "left": 0.5,
                "right": 0.6875,
                "top": 0.3203125
            }
        },
        {
            "label": 1,
            "probability": 0.999,
            "rect": {
                "bottom": 0.4513358,
                "left": 0.61720955,
                "right": 0.61720955,
                "top": 0.4513358
            }
        },
        {
            "label": 5,
            "probability": 0.999,
            "rect": {
                "bottom": 0.4896652,
                "left": 0.6092042,
                "right": 0.6092042,
                "top": 0.4896652
            }
        },
        {
            "label": 6,
            "probability": 0.999,
            "rect": {
                "bottom": 0.5060633,
                "left": 0.61470246,
                "right": 0.61470246,
                "top": 0.5060633
            }
        }
    ]
}