{
    "created_at": "2018-09-06T14:46:02.135723",
    "file_name": "000000345967.jpg",
    "generator": "convert_to_region_cropper.py",
    "labels": [
        "position",
        "left_eye",
        "right_eye",
        "left_cheek",
        "right_cheek",
        "nose_base",
        "left_mouth",
        "right_mouth",
        "bottom_mouth"
    ],
    "regions": [
        {
            "label": 0,
            "probability": 0.999,
            "rect": {
                "bottom": 0.3359375,
                "left": 0.82421875,
                "right": 0.984375,
                "top": 0.1328125
            }
        },
        {
            "label": 1,
            "probability": 0.999,
            "rect": {
                "bottom": 0.23879397,
                "left": 0.92859614,
                "right": 0.92859614,
                "top": 0.23879397
            }
        },
        {
            "label": 4,
            "probability": 0.999,
            "rect": {
                "bottom": 0.25774914,
                "left": 0.9680275,
                "right": 0.9680275,
                "top": 0.25774914
            }
        },
        {
            "label": 6,
            "probability": 0.999,
            "rect": {
                "bottom": 0.3113547,
                "left": 0.92576563,
                "right": 0.92576563,
                "top": 0.3113547
            }
        }
    ]
}