{
    "created_at": "2018-09-06T14:45:10.252653",
    "file_name": "000000118265.jpg",
    "generator": "convert_to_region_cropper.py",
    "labels": [
        "position",
        "left_eye",
        "right_eye",
        "left_cheek",
        "right_cheek",
        "nose_base",
        "left_mouth",
        "right_mouth",
        "bottom_mouth"
    ],
    "regions": [
        {
            "label": 0,
            "probability": 0.999,
            "rect": {
                "bottom": 0.70703125,
                "left": 0.18359375,
                "right": 0.37890625,
                "top": 0.46484375
            }
        },
        {
            "label": 3,
            "probability": 0.999,
            "rect": {
                "bottom": 0.6123256,
                "left": 0.23052317,
                "right": 0.23052317,
                "top": 0.6123256
            }
        },
        {
            "label": 5,
            "probability": 0.999,
            "rect": {
                "bottom": 0.6387305,
                "left": 0.29897097,
                "right": 0.29897097,
                "top": 0.6387305
            }
        }
    ]
}