{
    "created_at": "2018-09-06T14:46:07.363667",
    "file_name": "000000368136.jpg",
    "generator": "convert_to_region_cropper.py",
    "labels": [
        "position",
        "left_eye",
        "right_eye",
        "left_cheek",
        "right_cheek",
        "nose_base",
        "left_mouth",
        "right_mouth",
        "bottom_mouth"
    ],
    "regions": [
        {
            "label": 0,
            "probability": 0.999,
            "rect": {
                "bottom": 0.45703125,
                "left": 0.36328125,
                "right": 0.484375,
                "top": 0.3046875
            }
        },
        {
            "label": 4,
            "probability": 0.999,
            "rect": {
                "bottom": 0.40610227,
                "left": 0.46220955,
                "right": 0.46220955,
                "top": 0.40610227
            }
        },
        {
            "label": 6,
            "probability": 0.999,
            "rect": {
                "bottom": 0.42602652,
                "left": 0.4400717,
                "right": 0.4400717,
                "top": 0.42602652
            }
        }
    ]
}