{
    "created_at": "2018-09-06T14:46:39.727575",
    "file_name": "000000513746.jpg",
    "generator": "convert_to_region_cropper.py",
    "labels": [
        "position",
        "left_eye",
        "right_eye",
        "left_cheek",
        "right_cheek",
        "nose_base",
        "left_mouth",
        "right_mouth",
        "bottom_mouth"
    ],
    "regions": [
        {
            "label": 0,
            "probability": 0.999,
            "rect": {
                "bottom": 0.29296875,
                "left": 0.44140625,
                "right": 0.54296875,
                "top": 0.1640625
            }
        },
        {
            "label": 1,
            "probability": 0.999,
            "rect": {
                "bottom": 0.23339671,
                "left": 0.50188524,
                "right": 0.50188524,
                "top": 0.23339671
            }
        },
        {
            "label": 4,
            "probability": 0.999,
            "rect": {
                "bottom": 0.24213608,
                "left": 0.52357405,
                "right": 0.52357405,
                "top": 0.24213608
            }
        }
    ]
}