{
    "created_at": "2018-09-06T14:46:25.153331",
    "file_name": "000000447273.jpg",
    "generator": "convert_to_region_cropper.py",
    "labels": [
        "position",
        "left_eye",
        "right_eye",
        "left_cheek",
        "right_cheek",
        "nose_base",
        "left_mouth",
        "right_mouth",
        "bottom_mouth"
    ],
    "regions": [
        {
            "label": 0,
            "probability": 0.999,
            "rect": {
                "bottom": 0.2734375,
                "left": 0.87890625,
                "right": 0.97265625,
                "top": 0.15625
            }
        },
        {
            "label": 1,
            "probability": 0.999,
            "rect": {
                "bottom": 0.21918173,
                "left": 0.93966484,
                "right": 0.93966484,
                "top": 0.21918173
            }
        },
        {
            "label": 4,
            "probability": 0.999,
            "rect": {
                "bottom": 0.23463823,
                "left": 0.94052404,
                "right": 0.94052404,
                "top": 0.23463823
            }
        }
    ]
}