{
    "created_at": "2018-09-06T14:45:23.709613",
    "file_name": "000000178153.jpg",
    "generator": "convert_to_region_cropper.py",
    "labels": [
        "position",
        "left_eye",
        "right_eye",
        "left_cheek",
        "right_cheek",
        "nose_base",
        "left_mouth",
        "right_mouth",
        "bottom_mouth"
    ],
    "regions": [
        {
            "label": 0,
            "probability": 0.999,
            "rect": {
                "bottom": 0.3203125,
                "left": 0.4375,
                "right": 0.61328125,
                "top": 0.1015625
            }
        },
        {
            "label": 1,
            "probability": 0.999,
            "rect": {
                "bottom": 0.21970183,
                "left": 0.5399161,
                "right": 0.5399161,
                "top": 0.21970183
            }
        },
        {
            "label": 4,
            "probability": 0.999,
            "rect": {
                "bottom": 0.24335626,
                "left": 0.5656025,
                "right": 0.5656025,
                "top": 0.24335626
            }
        },
        {
            "label": 6,
            "probability": 0.999,
            "rect": {
                "bottom": 0.26761478,
                "left": 0.5329459,
                "right": 0.5329459,
                "top": 0.26761478
            }
        }
    ]
}