{
    "created_at": "2018-09-06T14:46:49.234486",
    "file_name": "000000554567.jpg",
    "generator": "convert_to_region_cropper.py",
    "labels": [
        "position",
        "left_eye",
        "right_eye",
        "left_cheek",
        "right_cheek",
        "nose_base",
        "left_mouth",
        "right_mouth",
        "bottom_mouth"
    ],
    "regions": [
        {
            "label": 0,
            "probability": 0.999,
            "rect": {
                "bottom": 0.484375,
                "left": 0.47265625,
                "right": 0.5859375,
                "top": 0.33984375
            }
        },
        {
            "label": 1,
            "probability": 0.999,
            "rect": {
                "bottom": 0.41589302,
                "left": 0.549024,
                "right": 0.549024,
                "top": 0.41589302
            }
        },
        {
            "label": 4,
            "probability": 0.999,
            "rect": {
                "bottom": 0.43092555,
                "left": 0.568851,
                "right": 0.568851,
                "top": 0.43092555
            }
        },
        {
            "label": 6,
            "probability": 0.999,
            "rect": {
                "bottom": 0.4541937,
                "left": 0.54655,
                "right": 0.54655,
                "top": 0.4541937
            }
        }
    ]
}