{
    "created_at": "2018-09-06T14:45:06.769521",
    "file_name": "000000104080.jpg",
    "generator": "convert_to_region_cropper.py",
    "labels": [
        "position",
        "left_eye",
        "right_eye",
        "left_cheek",
        "right_cheek",
        "nose_base",
        "left_mouth",
        "right_mouth",
        "bottom_mouth"
    ],
    "regions": [
        {
            "label": 0,
            "probability": 0.999,
            "rect": {
                "bottom": 0.59375,
                "left": 0.70703125,
                "right": 0.94140625,
                "top": 0.30078125
            }
        },
        {
            "label": 1,
            "probability": 0.999,
            "rect": {
                "bottom": 0.46112078,
                "left": 0.8440967,
                "right": 0.8440967,
                "top": 0.46112078
            }
        },
        {
            "label": 4,
            "probability": 0.999,
            "rect": {
                "bottom": 0.4796752,
                "left": 0.90207636,
                "right": 0.90207636,
                "top": 0.4796752
            }
        },
        {
            "label": 8,
            "probability": 0.999,
            "rect": {
                "bottom": 0.54109526,
                "left": 0.8370621,
                "right": 0.8370621,
                "top": 0.54109526
            }
        }
    ]
}