{
    "created_at": "2018-09-06T14:46:27.238789",
    "file_name": "000000456531.jpg",
    "generator": "convert_to_region_cropper.py",
    "labels": [
        "position",
        "left_eye",
        "right_eye",
        "left_cheek",
        "right_cheek",
        "nose_base",
        "left_mouth",
        "right_mouth",
        "bottom_mouth"
    ],
    "regions": [
        {
            "label": 0,
            "probability": 0.999,
            "rect": {
                "bottom": 0.44921875,
                "left": 0.21484375,
                "right": 0.3515625,
                "top": 0.28125
            }
        },
        {
            "label": 3,
            "probability": 0.999,
            "rect": {
                "bottom": 0.39094514,
                "left": 0.2573742,
                "right": 0.2573742,
                "top": 0.39094514
            }
        },
        {
            "label": 7,
            "probability": 0.999,
            "rect": {
                "bottom": 0.42217356,
                "left": 0.27998462,
                "right": 0.27998462,
                "top": 0.42217356
            }
        },
        {
            "label": 8,
            "probability": 0.999,
            "rect": {
                "bottom": 0.43326163,
                "left": 0.29494497,
                "right": 0.29494497,
                "top": 0.43326163
            }
        }
    ]
}