{
    "created_at": "2018-09-06T14:46:30.585291",
    "file_name": "000000472165.jpg",
    "generator": "convert_to_region_cropper.py",
    "labels": [
        "position",
        "left_eye",
        "right_eye",
        "left_cheek",
        "right_cheek",
        "nose_base",
        "left_mouth",
        "right_mouth",
        "bottom_mouth"
    ],
    "regions": [
        {
            "label": 0,
            "probability": 0.999,
            "rect": {
                "bottom": 0.5,
                "left": 0.32421875,
                "right": 0.4765625,
                "top": 0.30859375
            }
        },
        {
            "label": 1,
            "probability": 0.999,
            "rect": {
                "bottom": 0.4183361,
                "left": 0.42548448,
                "right": 0.42548448,
                "top": 0.4183361
            }
        },
        {
            "label": 2,
            "probability": 0.999,
            "rect": {
                "bottom": 0.422536,
                "left": 0.39264327,
                "right": 0.39264327,
                "top": 0.422536
            }
        },
        {
            "label": 4,
            "probability": 0.999,
            "rect": {
                "bottom": 0.43815574,
                "left": 0.45751497,
                "right": 0.45751497,
                "top": 0.43815574
            }
        }
    ]
}