{
    "created_at": "2018-09-06T14:46:09.147611",
    "file_name": "000000375383.jpg",
    "generator": "convert_to_region_cropper.py",
    "labels": [
        "position",
        "left_eye",
        "right_eye",
        "left_cheek",
        "right_cheek",
        "nose_base",
        "left_mouth",
        "right_mouth",
        "bottom_mouth"
    ],
    "regions": [
        {
            "label": 0,
            "probability": 0.999,
            "rect": {
                "bottom": 0.30859375,
                "left": 0.72265625,
                "right": 0.82421875,
                "top": 0.18359375
            }
        },
        {
            "label": 2,
            "probability": 0.999,
            "rect": {
                "bottom": 0.25152227,
                "left": 0.7656913,
                "right": 0.7656913,
                "top": 0.25152227
            }
        },
        {
            "label": 3,
            "probability": 0.999,
            "rect": {
                "bottom": 0.26428583,
                "left": 0.7430476,
                "right": 0.7430476,
                "top": 0.26428583
            }
        }
    ]
}