{
    "created_at": "2018-09-06T14:45:13.687617",
    "file_name": "000000132148.jpg",
    "generator": "convert_to_region_cropper.py",
    "labels": [
        "position",
        "left_eye",
        "right_eye",
        "left_cheek",
        "right_cheek",
        "nose_base",
        "left_mouth",
        "right_mouth",
        "bottom_mouth"
    ],
    "regions": [
        {
            "label": 0,
            "probability": 0.999,
            "rect": {
                "bottom": 0.36328125,
                "left": 0.078125,
                "right": 0.1796875,
                "top": 0.23828125
            }
        },
        {
            "label": 2,
            "probability": 0.999,
            "rect": {
                "bottom": 0.3034647,
                "left": 0.11456721,
                "right": 0.11456721,
                "top": 0.3034647
            }
        },
        {
            "label": 3,
            "probability": 0.999,
            "rect": {
                "bottom": 0.31999618,
                "left": 0.09682907,
                "right": 0.09682907,
                "top": 0.31999618
            }
        },
        {
            "label": 7,
            "probability": 0.999,
            "rect": {
                "bottom": 0.3382863,
                "left": 0.12041415,
                "right": 0.12041415,
                "top": 0.3382863
            }
        }
    ]
}