{
    "created_at": "2018-09-06T14:46:39.907176",
    "file_name": "000000514523.jpg",
    "generator": "convert_to_region_cropper.py",
    "labels": [
        "position",
        "left_eye",
        "right_eye",
        "left_cheek",
        "right_cheek",
        "nose_base",
        "left_mouth",
        "right_mouth",
        "bottom_mouth"
    ],
    "regions": [
        {
            "label": 0,
            "probability": 0.999,
            "rect": {
                "bottom": 0.46484375,
                "left": 0.69921875,
                "right": 0.796875,
                "top": 0.34765625
            }
        },
        {
            "label": 1,
            "probability": 0.999,
            "rect": {
                "bottom": 0.41139993,
                "left": 0.76698655,
                "right": 0.76698655,
                "top": 0.41139993
            }
        },
        {
            "label": 4,
            "probability": 0.999,
            "rect": {
                "bottom": 0.43099642,
                "left": 0.7679762,
                "right": 0.7679762,
                "top": 0.43099642
            }
        }
    ]
}