{
    "created_at": "2018-09-06T14:46:38.516882",
    "file_name": "000000508849.jpg",
    "generator": "convert_to_region_cropper.py",
    "labels": [
        "position",
        "left_eye",
        "right_eye",
        "left_cheek",
        "right_cheek",
        "nose_base",
        "left_mouth",
        "right_mouth",
        "bottom_mouth"
    ],
    "regions": [
        {
            "label": 0,
            "probability": 0.999,
            "rect": {
                "bottom": 0.27734375,
                "left": 0.61328125,
                "right": 0.70703125,
                "top": 0.16015625
            }
        },
        {
            "label": 4,
            "probability": 0.999,
            "rect": {
                "bottom": 0.23692371,
                "left": 0.69321024,
                "right": 0.69321024,
                "top": 0.23692371
            }
        },
        {
            "label": 6,
            "probability": 0.999,
            "rect": {
                "bottom": 0.25327244,
                "left": 0.66953695,
                "right": 0.66953695,
                "top": 0.25327244
            }
        }
    ]
}