{
    "created_at": "2018-09-06T14:46:20.475654",
    "file_name": "000000427098.jpg",
    "generator": "convert_to_region_cropper.py",
    "labels": [
        "position",
        "left_eye",
        "right_eye",
        "left_cheek",
        "right_cheek",
        "nose_base",
        "left_mouth",
        "right_mouth",
        "bottom_mouth"
    ],
    "regions": [
        {
            "label": 0,
            "probability": 0.999,
            "rect": {
                "bottom": 0.19140625,
                "left": 0.20703125,
                "right": 0.328125,
                "top": 0.03515625
            }
        },
        {
            "label": 2,
            "probability": 0.999,
            "rect": {
                "bottom": 0.11910306,
                "left": 0.251739,
                "right": 0.251739,
                "top": 0.11910306
            }
        },
        {
            "label": 5,
            "probability": 0.999,
            "rect": {
                "bottom": 0.14633438,
                "left": 0.27738652,
                "right": 0.27738652,
                "top": 0.14633438
            }
        },
        {
            "label": 7,
            "probability": 0.999,
            "rect": {
                "bottom": 0.15104625,
                "left": 0.24901518,
                "right": 0.24901518,
                "top": 0.15104625
            }
        }
    ]
}