{
    "created_at": "2018-09-06T14:44:47.480957",
    "file_name": "000000021838.jpg",
    "generator": "convert_to_region_cropper.py",
    "labels": [
        "position",
        "left_eye",
        "right_eye",
        "left_cheek",
        "right_cheek",
        "nose_base",
        "left_mouth",
        "right_mouth",
        "bottom_mouth"
    ],
    "regions": [
        {
            "label": 0,
            "probability": 0.999,
            "rect": {
                "bottom": 0.44921875,
                "left": 0.6171875,
                "right": 0.765625,
                "top": 0.265625
            }
        },
        {
            "label": 1,
            "probability": 0.999,
            "rect": {
                "bottom": 0.3718358,
                "left": 0.71641386,
                "right": 0.71641386,
                "top": 0.3718358
            }
        },
        {
            "label": 2,
            "probability": 0.999,
            "rect": {
                "bottom": 0.36649635,
                "left": 0.6686381,
                "right": 0.6686381,
                "top": 0.36649635
            }
        },
        {
            "label": 7,
            "probability": 0.999,
            "rect": {
                "bottom": 0.41361237,
                "left": 0.6729559,
                "right": 0.6729559,
                "top": 0.41361237
            }
        }
    ]
}