{
    "created_at": "2018-09-06T14:46:46.124295",
    "file_name": "000000541311.jpg",
    "generator": "convert_to_region_cropper.py",
    "labels": [
        "position",
        "left_eye",
        "right_eye",
        "left_cheek",
        "right_cheek",
        "nose_base",
        "left_mouth",
        "right_mouth",
        "bottom_mouth"
    ],
    "regions": [
        {
            "label": 0,
            "probability": 0.999,
            "rect": {
                "bottom": 0.26953125,
                "left": 0.50390625,
                "right": 0.6484375,
                "top": 0.0859375
            }
        },
        {
            "label": 4,
            "probability": 0.999,
            "rect": {
                "bottom": 0.1974059,
                "left": 0.61654407,
                "right": 0.61654407,
                "top": 0.1974059
            }
        },
        {
            "label": 5,
            "probability": 0.999,
            "rect": {
                "bottom": 0.21913587,
                "left": 0.5757124,
                "right": 0.5757124,
                "top": 0.21913587
            }
        },
        {
            "label": 6,
            "probability": 0.999,
            "rect": {
                "bottom": 0.23340103,
                "left": 0.59524363,
                "right": 0.59524363,
                "top": 0.23340103
            }
        }
    ]
}