{
    "created_at": "2018-09-06T14:45:14.196409",
    "file_name": "000000133887.jpg",
    "generator": "convert_to_region_cropper.py",
    "labels": [
        "position",
        "left_eye",
        "right_eye",
        "left_cheek",
        "right_cheek",
        "nose_base",
        "left_mouth",
        "right_mouth",
        "bottom_mouth"
    ],
    "regions": [
        {
            "label": 0,
            "probability": 0.999,
            "rect": {
                "bottom": 0.27734375,
                "left": 0.3046875,
                "right": 0.44140625,
                "top": 0.109375
            }
        },
        {
            "label": 2,
            "probability": 0.999,
            "rect": {
                "bottom": 0.20059054,
                "left": 0.35697016,
                "right": 0.35697016,
                "top": 0.20059054
            }
        },
        {
            "label": 3,
            "probability": 0.999,
            "rect": {
                "bottom": 0.21562304,
                "left": 0.33327487,
                "right": 0.33327487,
                "top": 0.21562304
            }
        }
    ]
}