{
    "created_at": "2018-09-06T14:45:10.432045",
    "file_name": "000000118883.jpg",
    "generator": "convert_to_region_cropper.py",
    "labels": [
        "position",
        "left_eye",
        "right_eye",
        "left_cheek",
        "right_cheek",
        "nose_base",
        "left_mouth",
        "right_mouth",
        "bottom_mouth"
    ],
    "regions": [
        {
            "label": 0,
            "probability": 0.999,
            "rect": {
                "bottom": 0.5390625,
                "left": 0.49609375,
                "right": 0.65234375,
                "top": 0.34765625
            }
        },
        {
            "label": 5,
            "probability": 0.999,
            "rect": {
                "bottom": 0.48067078,
                "left": 0.57005835,
                "right": 0.57005835,
                "top": 0.48067078
            }
        },
        {
            "label": 7,
            "probability": 0.999,
            "rect": {
                "bottom": 0.4963078,
                "left": 0.57556874,
                "right": 0.57556874,
                "top": 0.4963078
            }
        }
    ]
}