{
    "created_at": "2018-09-06T14:44:58.730325",
    "file_name": "000000069627.jpg",
    "generator": "convert_to_region_cropper.py",
    "labels": [
        "position",
        "left_eye",
        "right_eye",
        "left_cheek",
        "right_cheek",
        "nose_base",
        "left_mouth",
        "right_mouth",
        "bottom_mouth"
    ],
    "regions": [
        {
            "label": 0,
            "probability": 0.999,
            "rect": {
                "bottom": 0.27734375,
                "left": 0.20703125,
                "right": 0.3203125,
                "top": 0.1328125
            }
        },
        {
            "label": 2,
            "probability": 0.999,
            "rect": {
                "bottom": 0.20825894,
                "left": 0.24267271,
                "right": 0.24267271,
                "top": 0.20825894
            }
        },
        {
            "label": 3,
            "probability": 0.999,
            "rect": {
                "bottom": 0.22541158,
                "left": 0.24769202,
                "right": 0.24769202,
                "top": 0.22541158
            }
        }
    ]
}