{
    "created_at": "2018-09-06T14:45:37.579501",
    "file_name": "000000236849.jpg",
    "generator": "convert_to_region_cropper.py",
    "labels": [
        "position",
        "left_eye",
        "right_eye",
        "left_cheek",
        "right_cheek",
        "nose_base",
        "left_mouth",
        "right_mouth",
        "bottom_mouth"
    ],
    "regions": [
        {
            "label": 0,
            "probability": 0.999,
            "rect": {
                "bottom": 0.296875,
                "left": 0.26953125,
                "right": 0.40234375,
                "top": 0.12890625
            }
        },
        {
            "label": 2,
            "probability": 0.999,
            "rect": {
                "bottom": 0.22108826,
                "left": 0.3161012,
                "right": 0.3161012,
                "top": 0.22108826
            }
        },
        {
            "label": 3,
            "probability": 0.999,
            "rect": {
                "bottom": 0.23054127,
                "left": 0.2844535,
                "right": 0.2844535,
                "top": 0.23054127
            }
        }
    ]
}