{
    "created_at": "2018-09-06T14:45:45.137138",
    "file_name": "000000272382.jpg",
    "generator": "convert_to_region_cropper.py",
    "labels": [
        "position",
        "left_eye",
        "right_eye",
        "left_cheek",
        "right_cheek",
        "nose_base",
        "left_mouth",
        "right_mouth",
        "bottom_mouth"
    ],
    "regions": [
        {
            "label": 0,
            "probability": 0.999,
            "rect": {
                "bottom": 0.4609375,
                "left": 0.6875,
                "right": 0.83984375,
                "top": 0.26953125
            }
        },
        {
            "label": 1,
            "probability": 0.999,
            "rect": {
                "bottom": 0.37112018,
                "left": 0.78682894,
                "right": 0.78682894,
                "top": 0.37112018
            }
        },
        {
            "label": 4,
            "probability": 0.999,
            "rect": {
                "bottom": 0.39234114,
                "left": 0.81678456,
                "right": 0.81678456,
                "top": 0.39234114
            }
        }
    ]
}