{
    "created_at": "2018-09-06T14:46:09.381116",
    "file_name": "000000376914.jpg",
    "generator": "convert_to_region_cropper.py",
    "labels": [
        "position",
        "left_eye",
        "right_eye",
        "left_cheek",
        "right_cheek",
        "nose_base",
        "left_mouth",
        "right_mouth",
        "bottom_mouth"
    ],
    "regions": [
        {
            "label": 0,
            "probability": 0.999,
            "rect": {
                "bottom": 0.3828125,
                "left": 0.46484375,
                "right": 0.6640625,
                "top": 0.1328125
            }
        },
        {
            "label": 1,
            "probability": 0.999,
            "rect": {
                "bottom": 0.26144382,
                "left": 0.60263264,
                "right": 0.60263264,
                "top": 0.26144382
            }
        },
        {
            "label": 5,
            "probability": 0.999,
            "rect": {
                "bottom": 0.3052847,
                "left": 0.5639231,
                "right": 0.5639231,
                "top": 0.3052847
            }
        },
        {
            "label": 6,
            "probability": 0.999,
            "rect": {
                "bottom": 0.32927695,
                "left": 0.58296865,
                "right": 0.58296865,
                "top": 0.32927695
            }
        }
    ]
}