{
    "created_at": "2018-09-06T14:46:35.876871",
    "file_name": "000000495432.jpg",
    "generator": "convert_to_region_cropper.py",
    "labels": [
        "position",
        "left_eye",
        "right_eye",
        "left_cheek",
        "right_cheek",
        "nose_base",
        "left_mouth",
        "right_mouth",
        "bottom_mouth"
    ],
    "regions": [
        {
            "label": 0,
            "probability": 0.999,
            "rect": {
                "bottom": 0.19921875,
                "left": 0.26953125,
                "right": 0.44140625,
                "top": 0.0
            }
        },
        {
            "label": 2,
            "probability": 0.999,
            "rect": {
                "bottom": 0.09722696,
                "left": 0.3389798,
                "right": 0.3389798,
                "top": 0.09722696
            }
        },
        {
            "label": 3,
            "probability": 0.999,
            "rect": {
                "bottom": 0.11181731,
                "left": 0.29307726,
                "right": 0.29307726,
                "top": 0.11181731
            }
        },
        {
            "label": 7,
            "probability": 0.999,
            "rect": {
                "bottom": 0.15504548,
                "left": 0.32777256,
                "right": 0.32777256,
                "top": 0.15504548
            }
        }
    ]
}