{
    "created_at": "2018-09-06T14:46:36.098122",
    "file_name": "000000496384.jpg",
    "generator": "convert_to_region_cropper.py",
    "labels": [
        "position",
        "left_eye",
        "right_eye",
        "left_cheek",
        "right_cheek",
        "nose_base",
        "left_mouth",
        "right_mouth",
        "bottom_mouth"
    ],
    "regions": [
        {
            "label": 0,
            "probability": 0.999,
            "rect": {
                "bottom": 0.3515625,
                "left": 0.5546875,
                "right": 0.69140625,
                "top": 0.17578125
            }
        },
        {
            "label": 2,
            "probability": 0.999,
            "rect": {
                "bottom": 0.27070433,
                "left": 0.6057373,
                "right": 0.6057373,
                "top": 0.27070433
            }
        },
        {
            "label": 5,
            "probability": 0.999,
            "rect": {
                "bottom": 0.3101905,
                "left": 0.6127846,
                "right": 0.6127846,
                "top": 0.3101905
            }
        },
        {
            "label": 8,
            "probability": 0.999,
            "rect": {
                "bottom": 0.32438698,
                "left": 0.61669093,
                "right": 0.61669093,
                "top": 0.32438698
            }
        }
    ]
}