{
    "created_at": "2018-09-06T14:45:41.279431",
    "file_name": "000000253982.jpg",
    "generator": "convert_to_region_cropper.py",
    "labels": [
        "position",
        "left_eye",
        "right_eye",
        "left_cheek",
        "right_cheek",
        "nose_base",
        "left_mouth",
        "right_mouth",
        "bottom_mouth"
    ],
    "regions": [
        {
            "label": 0,
            "probability": 0.999,
            "rect": {
                "bottom": 0.6015625,
                "left": 0.15625,
                "right": 0.2578125,
                "top": 0.47265625
            }
        },
        {
            "label": 1,
            "probability": 0.999,
            "rect": {
                "bottom": 0.54375774,
                "left": 0.22553675,
                "right": 0.22553675,
                "top": 0.54375774
            }
        },
        {
            "label": 2,
            "probability": 0.999,
            "rect": {
                "bottom": 0.5472983,
                "left": 0.19975887,
                "right": 0.19975887,
                "top": 0.5472983
            }
        },
        {
            "label": 4,
            "probability": 0.999,
            "rect": {
                "bottom": 0.5556702,
                "left": 0.24437313,
                "right": 0.24437313,
                "top": 0.5556702
            }
        }
    ]
}