{
    "created_at": "2018-09-06T14:46:49.102907",
    "file_name": "000000553902.jpg",
    "generator": "convert_to_region_cropper.py",
    "labels": [
        "position",
        "left_eye",
        "right_eye",
        "left_cheek",
        "right_cheek",
        "nose_base",
        "left_mouth",
        "right_mouth",
        "bottom_mouth"
    ],
    "regions": [
        {
            "label": 0,
            "probability": 0.999,
            "rect": {
                "bottom": 0.359375,
                "left": 0.375,
                "right": 0.48828125,
                "top": 0.21484375
            }
        },
        {
            "label": 2,
            "probability": 0.999,
            "rect": {
                "bottom": 0.29235715,
                "left": 0.41926542,
                "right": 0.41926542,
                "top": 0.29235715
            }
        },
        {
            "label": 3,
            "probability": 0.999,
            "rect": {
                "bottom": 0.30398178,
                "left": 0.3892,
                "right": 0.3892,
                "top": 0.30398178
            }
        },
        {
            "label": 7,
            "probability": 0.999,
            "rect": {
                "bottom": 0.32516474,
                "left": 0.41456157,
                "right": 0.41456157,
                "top": 0.32516474
            }
        }
    ]
}