{
    "created_at": "2018-09-06T14:45:40.831812",
    "file_name": "000000252202.jpg",
    "generator": "convert_to_region_cropper.py",
    "labels": [
        "position",
        "left_eye",
        "right_eye",
        "left_cheek",
        "right_cheek",
        "nose_base",
        "left_mouth",
        "right_mouth",
        "bottom_mouth"
    ],
    "regions": [
        {
            "label": 0,
            "probability": 0.999,
            "rect": {
                "bottom": 0.2109375,
                "left": 0.734375,
                "right": 0.8359375,
                "top": 0.08203125
            }
        },
        {
            "label": 4,
            "probability": 0.999,
            "rect": {
                "bottom": 0.16457668,
                "left": 0.81956995,
                "right": 0.81956995,
                "top": 0.16457668
            }
        },
        {
            "label": 6,
            "probability": 0.999,
            "rect": {
                "bottom": 0.18443306,
                "left": 0.7985027,
                "right": 0.7985027,
                "top": 0.18443306
            }
        }
    ]
}