{
    "created_at": "2018-09-06T14:45:08.456603",
    "file_name": "000000111445.jpg",
    "generator": "convert_to_region_cropper.py",
    "labels": [
        "position",
        "left_eye",
        "right_eye",
        "left_cheek",
        "right_cheek",
        "nose_base",
        "left_mouth",
        "right_mouth",
        "bottom_mouth"
    ],
    "regions": [
        {
            "label": 0,
            "probability": 0.999,
            "rect": {
                "bottom": 0.28515625,
                "left": 0.56640625,
                "right": 0.6796875,
                "top": 0.140625
            }
        },
        {
            "label": 1,
            "probability": 0.999,
            "rect": {
                "bottom": 0.21844253,
                "left": 0.6243467,
                "right": 0.6243467,
                "top": 0.21844253
            }
        },
        {
            "label": 4,
            "probability": 0.999,
            "rect": {
                "bottom": 0.22039618,
                "left": 0.65184176,
                "right": 0.65184176,
                "top": 0.22039618
            }
        }
    ]
}