{
    "created_at": "2018-09-06T14:44:58.499737",
    "file_name": "000000068588.jpg",
    "generator": "convert_to_region_cropper.py",
    "labels": [
        "position",
        "left_eye",
        "right_eye",
        "left_cheek",
        "right_cheek",
        "nose_base",
        "left_mouth",
        "right_mouth",
        "bottom_mouth"
    ],
    "regions": [
        {
            "label": 0,
            "probability": 0.999,
            "rect": {
                "bottom": 0.421875,
                "left": 0.18359375,
                "right": 0.34765625,
                "top": 0.21484375
            }
        },
        {
            "label": 2,
            "probability": 0.999,
            "rect": {
                "bottom": 0.32885143,
                "left": 0.2415819,
                "right": 0.2415819,
                "top": 0.32885143
            }
        },
        {
            "label": 3,
            "probability": 0.999,
            "rect": {
                "bottom": 0.34766585,
                "left": 0.21236734,
                "right": 0.21236734,
                "top": 0.34766585
            }
        },
        {
            "label": 7,
            "probability": 0.999,
            "rect": {
                "bottom": 0.37173653,
                "left": 0.2405703,
                "right": 0.2405703,
                "top": 0.37173653
            }
        }
    ]
}