{
    "created_at": "2018-09-06T14:45:54.324698",
    "file_name": "000000312428.jpg",
    "generator": "convert_to_region_cropper.py",
    "labels": [
        "position",
        "left_eye",
        "right_eye",
        "left_cheek",
        "right_cheek",
        "nose_base",
        "left_mouth",
        "right_mouth",
        "bottom_mouth"
    ],
    "regions": [
        {
            "label": 0,
            "probability": 0.999,
            "rect": {
                "bottom": 0.37890625,
                "left": 0.5546875,
                "right": 0.66796875,
                "top": 0.23828125
            }
        },
        {
            "label": 1,
            "probability": 0.999,
            "rect": {
                "bottom": 0.3146671,
                "left": 0.63022596,
                "right": 0.63022596,
                "top": 0.3146671
            }
        },
        {
            "label": 4,
            "probability": 0.999,
            "rect": {
                "bottom": 0.3262334,
                "left": 0.64904743,
                "right": 0.64904743,
                "top": 0.3262334
            }
        },
        {
            "label": 5,
            "probability": 0.999,
            "rect": {
                "bottom": 0.33280098,
                "left": 0.62459177,
                "right": 0.62459177,
                "top": 0.33280098
            }
        }
    ]
}