{
    "created_at": "2018-09-06T14:46:25.753923",
    "file_name": "000000449803.jpg",
    "generator": "convert_to_region_cropper.py",
    "labels": [
        "position",
        "left_eye",
        "right_eye",
        "left_cheek",
        "right_cheek",
        "nose_base",
        "left_mouth",
        "right_mouth",
        "bottom_mouth"
    ],
    "regions": [
        {
            "label": 0,
            "probability": 0.999,
            "rect": {
                "bottom": 0.5625,
                "left": 0.125,
                "right": 0.3515625,
                "top": 0.27734375
            }
        },
        {
            "label": 2,
            "probability": 0.999,
            "rect": {
                "bottom": 0.4277891,
                "left": 0.21067017,
                "right": 0.21067017,
                "top": 0.4277891
            }
        },
        {
            "label": 3,
            "probability": 0.999,
            "rect": {
                "bottom": 0.4604796,
                "left": 0.17430957,
                "right": 0.17430957,
                "top": 0.4604796
            }
        },
        {
            "label": 8,
            "probability": 0.999,
            "rect": {
                "bottom": 0.5274506,
                "left": 0.24277525,
                "right": 0.24277525,
                "top": 0.5274506
            }
        }
    ]
}