{
    "created_at": "2018-09-06T14:46:40.178385",
    "file_name": "000000515908.jpg",
    "generator": "convert_to_region_cropper.py",
    "labels": [
        "position",
        "left_eye",
        "right_eye",
        "left_cheek",
        "right_cheek",
        "nose_base",
        "left_mouth",
        "right_mouth",
        "bottom_mouth"
    ],
    "regions": [
        {
            "label": 0,
            "probability": 0.999,
            "rect": {
                "bottom": 0.35546875,
                "left": 0.09765625,
                "right": 0.21484375,
                "top": 0.21484375
            }
        },
        {
            "label": 2,
            "probability": 0.999,
            "rect": {
                "bottom": 0.29169968,
                "left": 0.14436853,
                "right": 0.14436853,
                "top": 0.29169968
            }
        },
        {
            "label": 3,
            "probability": 0.999,
            "rect": {
                "bottom": 0.29839784,
                "left": 0.11973211,
                "right": 0.11973211,
                "top": 0.29839784
            }
        }
    ]
}