{
    "created_at": "2018-09-06T14:45:29.682197",
    "file_name": "000000201834.jpg",
    "generator": "convert_to_region_cropper.py",
    "labels": [
        "position",
        "left_eye",
        "right_eye",
        "left_cheek",
        "right_cheek",
        "nose_base",
        "left_mouth",
        "right_mouth",
        "bottom_mouth"
    ],
    "regions": [
        {
            "label": 0,
            "probability": 0.999,
            "rect": {
                "bottom": 0.125,
                "left": 0.7109375,
                "right": 0.82421875,
                "top": 0.0
            }
        },
        {
            "label": 1,
            "probability": 0.999,
            "rect": {
                "bottom": 0.05596751,
                "left": 0.7904025,
                "right": 0.7904025,
                "top": 0.05596751
            }
        },
        {
            "label": 4,
            "probability": 0.999,
            "rect": {
                "bottom": 0.074237816,
                "left": 0.80866903,
                "right": 0.80866903,
                "top": 0.074237816
            }
        },
        {
            "label": 5,
            "probability": 0.999,
            "rect": {
                "bottom": 0.08497297,
                "left": 0.75610995,
                "right": 0.75610995,
                "top": 0.08497297
            }
        }
    ]
}