{
    "created_at": "2018-09-06T14:46:22.135832",
    "file_name": "000000433784.jpg",
    "generator": "convert_to_region_cropper.py",
    "labels": [
        "position",
        "left_eye",
        "right_eye",
        "left_cheek",
        "right_cheek",
        "nose_base",
        "left_mouth",
        "right_mouth",
        "bottom_mouth"
    ],
    "regions": [
        {
            "label": 0,
            "probability": 0.999,
            "rect": {
                "bottom": 0.2109375,
                "left": 0.046875,
                "right": 0.1484375,
                "top": 0.08984375
            }
        },
        {
            "label": 2,
            "probability": 0.999,
            "rect": {
                "bottom": 0.16279939,
                "left": 0.11328926,
                "right": 0.11328926,
                "top": 0.16279939
            }
        },
        {
            "label": 3,
            "probability": 0.999,
            "rect": {
                "bottom": 0.16436307,
                "left": 0.09497344,
                "right": 0.09497344,
                "top": 0.16436307
            }
        }
    ]
}