{
    "created_at": "2018-09-06T14:45:37.488118",
    "file_name": "000000236541.jpg",
    "generator": "convert_to_region_cropper.py",
    "labels": [
        "position",
        "left_eye",
        "right_eye",
        "left_cheek",
        "right_cheek",
        "nose_base",
        "left_mouth",
        "right_mouth",
        "bottom_mouth"
    ],
    "regions": [
        {
            "label": 0,
            "probability": 0.999,
            "rect": {
                "bottom": 0.40625,
                "left": 0.26953125,
                "right": 0.42578125,
                "top": 0.20703125
            }
        },
        {
            "label": 2,
            "probability": 0.999,
            "rect": {
                "bottom": 0.3114642,
                "left": 0.33602464,
                "right": 0.33602464,
                "top": 0.3114642
            }
        },
        {
            "label": 3,
            "probability": 0.999,
            "rect": {
                "bottom": 0.32382438,
                "left": 0.30088907,
                "right": 0.30088907,
                "top": 0.32382438
            }
        },
        {
            "label": 7,
            "probability": 0.999,
            "rect": {
                "bottom": 0.36586392,
                "left": 0.3229613,
                "right": 0.3229613,
                "top": 0.36586392
            }
        }
    ]
}