{
    "created_at": "2018-09-06T14:44:57.106107",
    "file_name": "000000063360.jpg",
    "generator": "convert_to_region_cropper.py",
    "labels": [
        "position",
        "left_eye",
        "right_eye",
        "left_cheek",
        "right_cheek",
        "nose_base",
        "left_mouth",
        "right_mouth",
        "bottom_mouth"
    ],
    "regions": [
        {
            "label": 0,
            "probability": 0.999,
            "rect": {
                "bottom": 0.1640625,
                "left": 0.24609375,
                "right": 0.36328125,
                "top": 0.015625
            }
        },
        {
            "label": 3,
            "probability": 0.999,
            "rect": {
                "bottom": 0.12013064,
                "left": 0.27086854,
                "right": 0.27086854,
                "top": 0.12013064
            }
        },
        {
            "label": 4,
            "probability": 0.999,
            "rect": {
                "bottom": 0.11230601,
                "left": 0.3233577,
                "right": 0.3233577,
                "top": 0.11230601
            }
        }
    ]
}