{
    "created_at": "2018-09-06T14:45:25.142029",
    "file_name": "000000184542.jpg",
    "generator": "convert_to_region_cropper.py",
    "labels": [
        "position",
        "left_eye",
        "right_eye",
        "left_cheek",
        "right_cheek",
        "nose_base",
        "left_mouth",
        "right_mouth",
        "bottom_mouth"
    ],
    "regions": [
        {
            "label": 0,
            "probability": 0.999,
            "rect": {
                "bottom": 0.27734375,
                "left": 0.41796875,
                "right": 0.58203125,
                "top": 0.0703125
            }
        },
        {
            "label": 1,
            "probability": 0.999,
            "rect": {
                "bottom": 0.17983148,
                "left": 0.52308285,
                "right": 0.52308285,
                "top": 0.17983148
            }
        },
        {
            "label": 2,
            "probability": 0.999,
            "rect": {
                "bottom": 0.17548253,
                "left": 0.47196862,
                "right": 0.47196862,
                "top": 0.17548253
            }
        }
    ]
}