{
    "created_at": "2018-09-06T14:46:30.874999",
    "file_name": "000000473525.jpg",
    "generator": "convert_to_region_cropper.py",
    "labels": [
        "position",
        "left_eye",
        "right_eye",
        "left_cheek",
        "right_cheek",
        "nose_base",
        "left_mouth",
        "right_mouth",
        "bottom_mouth"
    ],
    "regions": [
        {
            "label": 0,
            "probability": 0.999,
            "rect": {
                "bottom": 0.5234375,
                "left": 0.29296875,
                "right": 0.54296875,
                "top": 0.20703125
            }
        },
        {
            "label": 1,
            "probability": 0.999,
            "rect": {
                "bottom": 0.37482047,
                "left": 0.44204167,
                "right": 0.44204167,
                "top": 0.37482047
            }
        },
        {
            "label": 2,
            "probability": 0.999,
            "rect": {
                "bottom": 0.40519372,
                "left": 0.38113716,
                "right": 0.38113716,
                "top": 0.40519372
            }
        },
        {
            "label": 4,
            "probability": 0.999,
            "rect": {
                "bottom": 0.37832463,
                "left": 0.5128569,
                "right": 0.5128569,
                "top": 0.37832463
            }
        }
    ]
}