{
    "created_at": "2018-09-06T14:46:01.237025",
    "file_name": "000000341979.jpg",
    "generator": "convert_to_region_cropper.py",
    "labels": [
        "position",
        "left_eye",
        "right_eye",
        "left_cheek",
        "right_cheek",
        "nose_base",
        "left_mouth",
        "right_mouth",
        "bottom_mouth"
    ],
    "regions": [
        {
            "label": 0,
            "probability": 0.999,
            "rect": {
                "bottom": 0.31640625,
                "left": 0.18359375,
                "right": 0.32421875,
                "top": 0.140625
            }
        },
        {
            "label": 5,
            "probability": 0.999,
            "rect": {
                "bottom": 0.26994076,
                "left": 0.25679508,
                "right": 0.25679508,
                "top": 0.26994076
            }
        },
        {
            "label": 7,
            "probability": 0.999,
            "rect": {
                "bottom": 0.2750018,
                "left": 0.2316598,
                "right": 0.2316598,
                "top": 0.2750018
            }
        },
        {
            "label": 8,
            "probability": 0.999,
            "rect": {
                "bottom": 0.2910065,
                "left": 0.2528249,
                "right": 0.2528249,
                "top": 0.2910065
            }
        }
    ]
}