{
    "created_at": "2018-09-06T14:45:31.004882",
    "file_name": "000000208254.jpg",
    "generator": "convert_to_region_cropper.py",
    "labels": [
        "position",
        "left_eye",
        "right_eye",
        "left_cheek",
        "right_cheek",
        "nose_base",
        "left_mouth",
        "right_mouth",
        "bottom_mouth"
    ],
    "regions": [
        {
            "label": 0,
            "probability": 0.999,
            "rect": {
                "bottom": 0.25390625,
                "left": 0.55078125,
                "right": 0.65234375,
                "top": 0.12890625
            }
        },
        {
            "label": 3,
            "probability": 0.999,
            "rect": {
                "bottom": 0.2119389,
                "left": 0.59083647,
                "right": 0.59083647,
                "top": 0.2119389
            }
        },
        {
            "label": 4,
            "probability": 0.999,
            "rect": {
                "bottom": 0.21462095,
                "left": 0.6169529,
                "right": 0.6169529,
                "top": 0.21462095
            }
        },
        {
            "label": 7,
            "probability": 0.999,
            "rect": {
                "bottom": 0.22756958,
                "left": 0.59348786,
                "right": 0.59348786,
                "top": 0.22756958
            }
        }
    ]
}