{
    "created_at": "2018-09-06T14:46:24.746201",
    "file_name": "000000445706.jpg",
    "generator": "convert_to_region_cropper.py",
    "labels": [
        "position",
        "left_eye",
        "right_eye",
        "left_cheek",
        "right_cheek",
        "nose_base",
        "left_mouth",
        "right_mouth",
        "bottom_mouth"
    ],
    "regions": [
        {
            "label": 0,
            "probability": 0.999,
            "rect": {
                "bottom": 0.37109375,
                "left": 0.29296875,
                "right": 0.39453125,
                "top": 0.2421875
            }
        },
        {
            "label": 1,
            "probability": 0.999,
            "rect": {
                "bottom": 0.31413007,
                "left": 0.3627569,
                "right": 0.3627569,
                "top": 0.31413007
            }
        },
        {
            "label": 4,
            "probability": 0.999,
            "rect": {
                "bottom": 0.32338628,
                "left": 0.38320288,
                "right": 0.38320288,
                "top": 0.32338628
            }
        }
    ]
}