{
    "created_at": "2018-09-06T14:45:12.531622",
    "file_name": "000000128018.jpg",
    "generator": "convert_to_region_cropper.py",
    "labels": [
        "position",
        "left_eye",
        "right_eye",
        "left_cheek",
        "right_cheek",
        "nose_base",
        "left_mouth",
        "right_mouth",
        "bottom_mouth"
    ],
    "regions": [
        {
            "label": 0,
            "probability": 0.999,
            "rect": {
                "bottom": 0.29296875,
                "left": 0.484375,
                "right": 0.609375,
                "top": 0.13671875
            }
        },
        {
            "label": 2,
            "probability": 0.999,
            "rect": {
                "bottom": 0.22301959,
                "left": 0.52974945,
                "right": 0.52974945,
                "top": 0.22301959
            }
        },
        {
            "label": 3,
            "probability": 0.999,
            "rect": {
                "bottom": 0.23074625,
                "left": 0.507216,
                "right": 0.507216,
                "top": 0.23074625
            }
        },
        {
            "label": 7,
            "probability": 0.999,
            "rect": {
                "bottom": 0.25018483,
                "left": 0.52600473,
                "right": 0.52600473,
                "top": 0.25018483
            }
        }
    ]
}