{
    "created_at": "2018-09-06T14:45:39.148270",
    "file_name": "000000244125.jpg",
    "generator": "convert_to_region_cropper.py",
    "labels": [
        "position",
        "left_eye",
        "right_eye",
        "left_cheek",
        "right_cheek",
        "nose_base",
        "left_mouth",
        "right_mouth",
        "bottom_mouth"
    ],
    "regions": [
        {
            "label": 0,
            "probability": 0.999,
            "rect": {
                "bottom": 0.26953125,
                "left": 0.359375,
                "right": 0.48046875,
                "top": 0.1171875
            }
        },
        {
            "label": 2,
            "probability": 0.999,
            "rect": {
                "bottom": 0.20097868,
                "left": 0.41288003,
                "right": 0.41288003,
                "top": 0.20097868
            }
        },
        {
            "label": 7,
            "probability": 0.999,
            "rect": {
                "bottom": 0.23392127,
                "left": 0.4027248,
                "right": 0.4027248,
                "top": 0.23392127
            }
        }
    ]
}