{
    "created_at": "2018-09-06T14:45:02.431078",
    "file_name": "000000085843.jpg",
    "generator": "convert_to_region_cropper.py",
    "labels": [
        "position",
        "left_eye",
        "right_eye",
        "left_cheek",
        "right_cheek",
        "nose_base",
        "left_mouth",
        "right_mouth",
        "bottom_mouth"
    ],
    "regions": [
        {
            "label": 0,
            "probability": 0.999,
            "rect": {
                "bottom": 0.50390625,
                "left": 0.47265625,
                "right": 0.609375,
                "top": 0.3359375
            }
        },
        {
            "label": 1,
            "probability": 0.999,
            "rect": {
                "bottom": 0.42632717,
                "left": 0.5623434,
                "right": 0.5623434,
                "top": 0.42632717
            }
        },
        {
            "label": 2,
            "probability": 0.999,
            "rect": {
                "bottom": 0.43016422,
                "left": 0.5271506,
                "right": 0.5271506,
                "top": 0.43016422
            }
        },
        {
            "label": 5,
            "probability": 0.999,
            "rect": {
                "bottom": 0.46751082,
                "left": 0.535932,
                "right": 0.535932,
                "top": 0.46751082
            }
        }
    ]
}