{
    "created_at": "2018-09-06T14:45:31.543430",
    "file_name": "000000210724.jpg",
    "generator": "convert_to_region_cropper.py",
    "labels": [
        "position",
        "left_eye",
        "right_eye",
        "left_cheek",
        "right_cheek",
        "nose_base",
        "left_mouth",
        "right_mouth",
        "bottom_mouth"
    ],
    "regions": [
        {
            "label": 0,
            "probability": 0.999,
            "rect": {
                "bottom": 0.2734375,
                "left": 0.00390625,
                "right": 0.11328125,
                "top": 0.13671875
            }
        },
        {
            "label": 1,
            "probability": 0.999,
            "rect": {
                "bottom": 0.21253993,
                "left": 0.07609631,
                "right": 0.07609631,
                "top": 0.21253993
            }
        },
        {
            "label": 4,
            "probability": 0.999,
            "rect": {
                "bottom": 0.2207225,
                "left": 0.1009328,
                "right": 0.1009328,
                "top": 0.2207225
            }
        },
        {
            "label": 5,
            "probability": 0.999,
            "rect": {
                "bottom": 0.2348819,
                "left": 0.07297553,
                "right": 0.07297553,
                "top": 0.2348819
            }
        }
    ]
}