{
    "created_at": "2018-09-06T14:46:05.619780",
    "file_name": "000000360681.jpg",
    "generator": "convert_to_region_cropper.py",
    "labels": [
        "position",
        "left_eye",
        "right_eye",
        "left_cheek",
        "right_cheek",
        "nose_base",
        "left_mouth",
        "right_mouth",
        "bottom_mouth"
    ],
    "regions": [
        {
            "label": 0,
            "probability": 0.999,
            "rect": {
                "bottom": 0.3984375,
                "left": 0.5859375,
                "right": 0.71484375,
                "top": 0.23828125
            }
        },
        {
            "label": 5,
            "probability": 0.999,
            "rect": {
                "bottom": 0.3566819,
                "left": 0.65436274,
                "right": 0.65436274,
                "top": 0.3566819
            }
        },
        {
            "label": 6,
            "probability": 0.999,
            "rect": {
                "bottom": 0.36480886,
                "left": 0.6782419,
                "right": 0.6782419,
                "top": 0.36480886
            }
        },
        {
            "label": 8,
            "probability": 0.999,
            "rect": {
                "bottom": 0.3736893,
                "left": 0.66116047,
                "right": 0.66116047,
                "top": 0.3736893
            }
        }
    ]
}