{
    "created_at": "2018-09-06T14:45:41.412073",
    "file_name": "000000254434.jpg",
    "generator": "convert_to_region_cropper.py",
    "labels": [
        "position",
        "left_eye",
        "right_eye",
        "left_cheek",
        "right_cheek",
        "nose_base",
        "left_mouth",
        "right_mouth",
        "bottom_mouth"
    ],
    "regions": [
        {
            "label": 0,
            "probability": 0.999,
            "rect": {
                "bottom": 0.4140625,
                "left": 0.0703125,
                "right": 0.1640625,
                "top": 0.29296875
            }
        },
        {
            "label": 2,
            "probability": 0.999,
            "rect": {
                "bottom": 0.36084825,
                "left": 0.10345319,
                "right": 0.10345319,
                "top": 0.36084825
            }
        },
        {
            "label": 3,
            "probability": 0.999,
            "rect": {
                "bottom": 0.3746661,
                "left": 0.10565366,
                "right": 0.10565366,
                "top": 0.3746661
            }
        }
    ]
}