{
    "created_at": "2018-09-06T14:45:52.048925",
    "file_name": "000000302176.jpg",
    "generator": "convert_to_region_cropper.py",
    "labels": [
        "position",
        "left_eye",
        "right_eye",
        "left_cheek",
        "right_cheek",
        "nose_base",
        "left_mouth",
        "right_mouth",
        "bottom_mouth"
    ],
    "regions": [
        {
            "label": 0,
            "probability": 0.999,
            "rect": {
                "bottom": 0.37109375,
                "left": 0.62890625,
                "right": 0.74609375,
                "top": 0.22265625
            }
        },
        {
            "label": 3,
            "probability": 0.999,
            "rect": {
                "bottom": 0.32263145,
                "left": 0.6581608,
                "right": 0.6581608,
                "top": 0.32263145
            }
        },
        {
            "label": 7,
            "probability": 0.999,
            "rect": {
                "bottom": 0.34236643,
                "left": 0.67482007,
                "right": 0.67482007,
                "top": 0.34236643
            }
        }
    ]
}