{
    "created_at": "2018-09-06T14:46:28.457775",
    "file_name": "000000461678.jpg",
    "generator": "convert_to_region_cropper.py",
    "labels": [
        "position",
        "left_eye",
        "right_eye",
        "left_cheek",
        "right_cheek",
        "nose_base",
        "left_mouth",
        "right_mouth",
        "bottom_mouth"
    ],
    "regions": [
        {
            "label": 0,
            "probability": 0.999,
            "rect": {
                "bottom": 0.53125,
                "left": 0.4140625,
                "right": 0.5078125,
                "top": 0.41015625
            }
        },
        {
            "label": 1,
            "probability": 0.999,
            "rect": {
                "bottom": 0.47870117,
                "left": 0.48026523,
                "right": 0.48026523,
                "top": 0.47870117
            }
        },
        {
            "label": 4,
            "probability": 0.999,
            "rect": {
                "bottom": 0.49523976,
                "left": 0.4809716,
                "right": 0.4809716,
                "top": 0.49523976
            }
        },
        {
            "label": 5,
            "probability": 0.999,
            "rect": {
                "bottom": 0.4925591,
                "left": 0.4642455,
                "right": 0.4642455,
                "top": 0.4925591
            }
        }
    ]
}