{
    "created_at": "2018-09-06T14:45:02.034526",
    "file_name": "000000084239.jpg",
    "generator": "convert_to_region_cropper.py",
    "labels": [
        "position",
        "left_eye",
        "right_eye",
        "left_cheek",
        "right_cheek",
        "nose_base",
        "left_mouth",
        "right_mouth",
        "bottom_mouth"
    ],
    "regions": [
        {
            "label": 0,
            "probability": 0.999,
            "rect": {
                "bottom": 0.44140625,
                "left": 0.1328125,
                "right": 0.39453125,
                "top": 0.109375
            }
        },
        {
            "label": 1,
            "probability": 0.999,
            "rect": {
                "bottom": 0.29151714,
                "left": 0.29700622,
                "right": 0.29700622,
                "top": 0.29151714
            }
        },
        {
            "label": 2,
            "probability": 0.999,
            "rect": {
                "bottom": 0.29099712,
                "left": 0.23495926,
                "right": 0.23495926,
                "top": 0.29099712
            }
        },
        {
            "label": 3,
            "probability": 0.999,
            "rect": {
                "bottom": 0.30939317,
                "left": 0.19177955,
                "right": 0.19177955,
                "top": 0.30939317
            }
        }
    ]
}