{
    "created_at": "2018-09-06T14:45:51.568556",
    "file_name": "000000300013.jpg",
    "generator": "convert_to_region_cropper.py",
    "labels": [
        "position",
        "left_eye",
        "right_eye",
        "left_cheek",
        "right_cheek",
        "nose_base",
        "left_mouth",
        "right_mouth",
        "bottom_mouth"
    ],
    "regions": [
        {
            "label": 0,
            "probability": 0.999,
            "rect": {
                "bottom": 0.3203125,
                "left": 0.421875,
                "right": 0.5546875,
                "top": 0.15234375
            }
        },
        {
            "label": 1,
            "probability": 0.999,
            "rect": {
                "bottom": 0.24323365,
                "left": 0.50445753,
                "right": 0.50445753,
                "top": 0.24323365
            }
        },
        {
            "label": 2,
            "probability": 0.999,
            "rect": {
                "bottom": 0.25252017,
                "left": 0.47098252,
                "right": 0.47098252,
                "top": 0.25252017
            }
        },
        {
            "label": 4,
            "probability": 0.999,
            "rect": {
                "bottom": 0.2539849,
                "left": 0.54372805,
                "right": 0.54372805,
                "top": 0.2539849
            }
        }
    ]
}