{
    "created_at": "2018-09-06T14:46:13.479486",
    "file_name": "000000396111.jpg",
    "generator": "convert_to_region_cropper.py",
    "labels": [
        "position",
        "left_eye",
        "right_eye",
        "left_cheek",
        "right_cheek",
        "nose_base",
        "left_mouth",
        "right_mouth",
        "bottom_mouth"
    ],
    "regions": [
        {
            "label": 0,
            "probability": 0.999,
            "rect": {
                "bottom": 0.3203125,
                "left": 0.65625,
                "right": 0.75390625,
                "top": 0.1953125
            }
        },
        {
            "label": 1,
            "probability": 0.999,
            "rect": {
                "bottom": 0.2637502,
                "left": 0.71723473,
                "right": 0.71723473,
                "top": 0.2637502
            }
        },
        {
            "label": 4,
            "probability": 0.999,
            "rect": {
                "bottom": 0.26729867,
                "left": 0.73589814,
                "right": 0.73589814,
                "top": 0.26729867
            }
        },
        {
            "label": 5,
            "probability": 0.999,
            "rect": {
                "bottom": 0.2886659,
                "left": 0.71572953,
                "right": 0.71572953,
                "top": 0.2886659
            }
        }
    ]
}