{
    "created_at": "2018-09-06T14:44:51.523007",
    "file_name": "000000040119.jpg",
    "generator": "convert_to_region_cropper.py",
    "labels": [
        "position",
        "left_eye",
        "right_eye",
        "left_cheek",
        "right_cheek",
        "nose_base",
        "left_mouth",
        "right_mouth",
        "bottom_mouth"
    ],
    "regions": [
        {
            "label": 0,
            "probability": 0.999,
            "rect": {
                "bottom": 0.44921875,
                "left": 0.52734375,
                "right": 0.69140625,
                "top": 0.24609375
            }
        },
        {
            "label": 1,
            "probability": 0.999,
            "rect": {
                "bottom": 0.34667945,
                "left": 0.6331727,
                "right": 0.6331727,
                "top": 0.34667945
            }
        },
        {
            "label": 2,
            "probability": 0.999,
            "rect": {
                "bottom": 0.35187113,
                "left": 0.59682554,
                "right": 0.59682554,
                "top": 0.35187113
            }
        },
        {
            "label": 4,
            "probability": 0.999,
            "rect": {
                "bottom": 0.35801226,
                "left": 0.6590568,
                "right": 0.6590568,
                "top": 0.35801226
            }
        }
    ]
}