{
    "created_at": "2018-09-06T14:45:28.352370",
    "file_name": "000000196604.jpg",
    "generator": "convert_to_region_cropper.py",
    "labels": [
        "position",
        "left_eye",
        "right_eye",
        "left_cheek",
        "right_cheek",
        "nose_base",
        "left_mouth",
        "right_mouth",
        "bottom_mouth"
    ],
    "regions": [
        {
            "label": 0,
            "probability": 0.999,
            "rect": {
                "bottom": 0.5625,
                "left": 0.20703125,
                "right": 0.51171875,
                "top": 0.1796875
            }
        },
        {
            "label": 1,
            "probability": 0.999,
            "rect": {
                "bottom": 0.38372916,
                "left": 0.37499332,
                "right": 0.37499332,
                "top": 0.38372916
            }
        },
        {
            "label": 4,
            "probability": 0.999,
            "rect": {
                "bottom": 0.37115732,
                "left": 0.4668416,
                "right": 0.4668416,
                "top": 0.37115732
            }
        },
        {
            "label": 6,
            "probability": 0.999,
            "rect": {
                "bottom": 0.4766544,
                "left": 0.41129777,
                "right": 0.41129777,
                "top": 0.4766544
            }
        }
    ]
}