{
    "created_at": "2018-09-06T14:44:51.058415",
    "file_name": "000000038549.jpg",
    "generator": "convert_to_region_cropper.py",
    "labels": [
        "position",
        "left_eye",
        "right_eye",
        "left_cheek",
        "right_cheek",
        "nose_base",
        "left_mouth",
        "right_mouth",
        "bottom_mouth"
    ],
    "regions": [
        {
            "label": 0,
            "probability": 0.999,
            "rect": {
                "bottom": 0.7109375,
                "left": 0.2421875,
                "right": 0.8671875,
                "top": 0.0
            }
        },
        {
            "label": 1,
            "probability": 0.999,
            "rect": {
                "bottom": 0.35839266,
                "left": 0.64461213,
                "right": 0.64461213,
                "top": 0.35839266
            }
        },
        {
            "label": 2,
            "probability": 0.999,
            "rect": {
                "bottom": 0.36886948,
                "left": 0.42921603,
                "right": 0.42921603,
                "top": 0.36886948
            }
        },
        {
            "label": 3,
            "probability": 0.999,
            "rect": {
                "bottom": 0.43564662,
                "left": 0.40337172,
                "right": 0.40337172,
                "top": 0.43564662
            }
        }
    ]
}