{
    "created_at": "2018-09-06T14:45:49.421022",
    "file_name": "000000290936.jpg",
    "generator": "convert_to_region_cropper.py",
    "labels": [
        "position",
        "left_eye",
        "right_eye",
        "left_cheek",
        "right_cheek",
        "nose_base",
        "left_mouth",
        "right_mouth",
        "bottom_mouth"
    ],
    "regions": [
        {
            "label": 0,
            "probability": 0.999,
            "rect": {
                "bottom": 0.72265625,
                "left": 0.57421875,
                "right": 0.75,
                "top": 0.5
            }
        },
        {
            "label": 1,
            "probability": 0.999,
            "rect": {
                "bottom": 0.6304664,
                "left": 0.6849394,
                "right": 0.6849394,
                "top": 0.6304664
            }
        },
        {
            "label": 4,
            "probability": 0.999,
            "rect": {
                "bottom": 0.64360815,
                "left": 0.7144336,
                "right": 0.7144336,
                "top": 0.64360815
            }
        },
        {
            "label": 6,
            "probability": 0.999,
            "rect": {
                "bottom": 0.6854996,
                "left": 0.6849745,
                "right": 0.6849745,
                "top": 0.6854996
            }
        }
    ]
}