{
    "created_at": "2018-09-06T14:45:54.629786",
    "file_name": "000000314043.jpg",
    "generator": "convert_to_region_cropper.py",
    "labels": [
        "position",
        "left_eye",
        "right_eye",
        "left_cheek",
        "right_cheek",
        "nose_base",
        "left_mouth",
        "right_mouth",
        "bottom_mouth"
    ],
    "regions": [
        {
            "label": 0,
            "probability": 0.999,
            "rect": {
                "bottom": 0.59765625,
                "left": 0.6171875,
                "right": 0.73046875,
                "top": 0.453125
            }
        },
        {
            "label": 2,
            "probability": 0.999,
            "rect": {
                "bottom": 0.52859086,
                "left": 0.66106445,
                "right": 0.66106445,
                "top": 0.52859086
            }
        },
        {
            "label": 3,
            "probability": 0.999,
            "rect": {
                "bottom": 0.53914344,
                "left": 0.63839453,
                "right": 0.63839453,
                "top": 0.53914344
            }
        },
        {
            "label": 5,
            "probability": 0.999,
            "rect": {
                "bottom": 0.5526485,
                "left": 0.66103995,
                "right": 0.66103995,
                "top": 0.5526485
            }
        }
    ]
}