{
    "created_at": "2018-09-06T14:45:07.942829",
    "file_name": "000000109150.jpg",
    "generator": "convert_to_region_cropper.py",
    "labels": [
        "position",
        "left_eye",
        "right_eye",
        "left_cheek",
        "right_cheek",
        "nose_base",
        "left_mouth",
        "right_mouth",
        "bottom_mouth"
    ],
    "regions": [
        {
            "label": 0,
            "probability": 0.999,
            "rect": {
                "bottom": 0.3203125,
                "left": 0.4296875,
                "right": 0.6171875,
                "top": 0.0859375
            }
        },
        {
            "label": 5,
            "probability": 0.999,
            "rect": {
                "bottom": 0.26572937,
                "left": 0.55967665,
                "right": 0.55967665,
                "top": 0.26572937
            }
        },
        {
            "label": 7,
            "probability": 0.999,
            "rect": {
                "bottom": 0.2729969,
                "left": 0.5360722,
                "right": 0.5360722,
                "top": 0.2729969
            }
        },
        {
            "label": 8,
            "probability": 0.999,
            "rect": {
                "bottom": 0.28571805,
                "left": 0.54786915,
                "right": 0.54786915,
                "top": 0.28571805
            }
        }
    ]
}