{
    "created_at": "2018-09-06T14:45:18.038093",
    "file_name": "000000153012.jpg",
    "generator": "convert_to_region_cropper.py",
    "labels": [
        "position",
        "left_eye",
        "right_eye",
        "left_cheek",
        "right_cheek",
        "nose_base",
        "left_mouth",
        "right_mouth",
        "bottom_mouth"
    ],
    "regions": [
        {
            "label": 0,
            "probability": 0.999,
            "rect": {
                "bottom": 0.38671875,
                "left": 0.41015625,
                "right": 0.51953125,
                "top": 0.25
            }
        },
        {
            "label": 1,
            "probability": 0.999,
            "rect": {
                "bottom": 0.3288265,
                "left": 0.4899642,
                "right": 0.4899642,
                "top": 0.3288265
            }
        },
        {
            "label": 2,
            "probability": 0.999,
            "rect": {
                "bottom": 0.32381564,
                "left": 0.45595255,
                "right": 0.45595255,
                "top": 0.32381564
            }
        },
        {
            "label": 3,
            "probability": 0.999,
            "rect": {
                "bottom": 0.32390475,
                "left": 0.4295596,
                "right": 0.4295596,
                "top": 0.32390475
            }
        }
    ]
}