{
    "created_at": "2018-09-06T14:45:46.764035",
    "file_name": "000000279236.jpg",
    "generator": "convert_to_region_cropper.py",
    "labels": [
        "position",
        "left_eye",
        "right_eye",
        "left_cheek",
        "right_cheek",
        "nose_base",
        "left_mouth",
        "right_mouth",
        "bottom_mouth"
    ],
    "regions": [
        {
            "label": 0,
            "probability": 0.999,
            "rect": {
                "bottom": 0.33984375,
                "left": 0.703125,
                "right": 0.796875,
                "top": 0.2265625
            }
        },
        {
            "label": 0,
            "probability": 0.999,
            "rect": {
                "bottom": 0.40625,
                "left": 0.36328125,
                "right": 0.453125,
                "top": 0.29296875
            }
        },
        {
            "label": 0,
            "probability": 0.999,
            "rect": {
                "bottom": 0.4296875,
                "left": 0.55859375,
                "right": 0.65234375,
                "top": 0.31640625
            }
        },
        {
            "label": 3,
            "probability": 0.999,
            "rect": {
                "bottom": 0.39013436,
                "left": 0.5755582,
                "right": 0.5755582,
                "top": 0.39013436
            }
        }
    ]
}