{
    "created_at": "2018-09-06T14:45:57.429216",
    "file_name": "000000325388.jpg",
    "generator": "convert_to_region_cropper.py",
    "labels": [
        "position",
        "left_eye",
        "right_eye",
        "left_cheek",
        "right_cheek",
        "nose_base",
        "left_mouth",
        "right_mouth",
        "bottom_mouth"
    ],
    "regions": [
        {
            "label": 0,
            "probability": 0.999,
            "rect": {
                "bottom": 0.37890625,
                "left": 0.25390625,
                "right": 0.51953125,
                "top": 0.05078125
            }
        },
        {
            "label": 1,
            "probability": 0.999,
            "rect": {
                "bottom": 0.2299288,
                "left": 0.43361175,
                "right": 0.43361175,
                "top": 0.2299288
            }
        },
        {
            "label": 2,
            "probability": 0.999,
            "rect": {
                "bottom": 0.23122323,
                "left": 0.36687165,
                "right": 0.36687165,
                "top": 0.23122323
            }
        }
    ]
}