{
    "created_at": "2018-09-06T14:46:01.040735",
    "file_name": "000000340992.jpg",
    "generator": "convert_to_region_cropper.py",
    "labels": [
        "position",
        "left_eye",
        "right_eye",
        "left_cheek",
        "right_cheek",
        "nose_base",
        "left_mouth",
        "right_mouth",
        "bottom_mouth"
    ],
    "regions": [
        {
            "label": 0,
            "probability": 0.999,
            "rect": {
                "bottom": 0.19921875,
                "left": 0.24609375,
                "right": 0.36328125,
                "top": 0.0546875
            }
        },
        {
            "label": 2,
            "probability": 0.999,
            "rect": {
                "bottom": 0.13697517,
                "left": 0.28728712,
                "right": 0.28728712,
                "top": 0.13697517
            }
        },
        {
            "label": 3,
            "probability": 0.999,
            "rect": {
                "bottom": 0.1528951,
                "left": 0.27045074,
                "right": 0.27045074,
                "top": 0.1528951
            }
        },
        {
            "label": 7,
            "probability": 0.999,
            "rect": {
                "bottom": 0.172042,
                "left": 0.29185984,
                "right": 0.29185984,
                "top": 0.172042
            }
        }
    ]
}