{
    "created_at": "2018-09-06T14:46:39.044189",
    "file_name": "000000511173.jpg",
    "generator": "convert_to_region_cropper.py",
    "labels": [
        "position",
        "left_eye",
        "right_eye",
        "left_cheek",
        "right_cheek",
        "nose_base",
        "left_mouth",
        "right_mouth",
        "bottom_mouth"
    ],
    "regions": [
        {
            "label": 0,
            "probability": 0.999,
            "rect": {
                "bottom": 0.4765625,
                "left": 0.78515625,
                "right": 0.8984375,
                "top": 0.3359375
            }
        },
        {
            "label": 4,
            "probability": 0.999,
            "rect": {
                "bottom": 0.42400062,
                "left": 0.8645905,
                "right": 0.8645905,
                "top": 0.42400062
            }
        },
        {
            "label": 6,
            "probability": 0.999,
            "rect": {
                "bottom": 0.44372252,
                "left": 0.84009725,
                "right": 0.84009725,
                "top": 0.44372252
            }
        }
    ]
}