{
    "created_at": "2018-09-06T14:46:39.298266",
    "file_name": "000000512069.jpg",
    "generator": "convert_to_region_cropper.py",
    "labels": [
        "position",
        "left_eye",
        "right_eye",
        "left_cheek",
        "right_cheek",
        "nose_base",
        "left_mouth",
        "right_mouth",
        "bottom_mouth"
    ],
    "regions": [
        {
            "label": 0,
            "probability": 0.999,
            "rect": {
                "bottom": 0.21484375,
                "left": 0.3515625,
                "right": 0.46484375,
                "top": 0.0703125
            }
        },
        {
            "label": 1,
            "probability": 0.999,
            "rect": {
                "bottom": 0.1368294,
                "left": 0.4181707,
                "right": 0.4181707,
                "top": 0.1368294
            }
        },
        {
            "label": 2,
            "probability": 0.999,
            "rect": {
                "bottom": 0.15712357,
                "left": 0.39856556,
                "right": 0.39856556,
                "top": 0.15712357
            }
        },
        {
            "label": 5,
            "probability": 0.999,
            "rect": {
                "bottom": 0.18049872,
                "left": 0.42226368,
                "right": 0.42226368,
                "top": 0.18049872
            }
        }
    ]
}