{
    "created_at": "2018-09-06T14:45:31.509206",
    "file_name": "000000210640.jpg",
    "generator": "convert_to_region_cropper.py",
    "labels": [
        "position",
        "left_eye",
        "right_eye",
        "left_cheek",
        "right_cheek",
        "nose_base",
        "left_mouth",
        "right_mouth",
        "bottom_mouth"
    ],
    "regions": [
        {
            "label": 0,
            "probability": 0.999,
            "rect": {
                "bottom": 0.31640625,
                "left": 0.484375,
                "right": 0.6328125,
                "top": 0.12890625
            }
        },
        {
            "label": 1,
            "probability": 0.999,
            "rect": {
                "bottom": 0.23274626,
                "left": 0.5818952,
                "right": 0.5818952,
                "top": 0.23274626
            }
        },
        {
            "label": 2,
            "probability": 0.999,
            "rect": {
                "bottom": 0.222676,
                "left": 0.5338467,
                "right": 0.5338467,
                "top": 0.222676
            }
        },
        {
            "label": 4,
            "probability": 0.999,
            "rect": {
                "bottom": 0.24680808,
                "left": 0.61231536,
                "right": 0.61231536,
                "top": 0.24680808
            }
        }
    ]
}