{
    "created_at": "2018-09-06T14:46:06.250106",
    "file_name": "000000363192.jpg",
    "generator": "convert_to_region_cropper.py",
    "labels": [
        "position",
        "left_eye",
        "right_eye",
        "left_cheek",
        "right_cheek",
        "nose_base",
        "left_mouth",
        "right_mouth",
        "bottom_mouth"
    ],
    "regions": [
        {
            "label": 0,
            "probability": 0.999,
            "rect": {
                "bottom": 0.2109375,
                "left": 0.51171875,
                "right": 0.609375,
                "top": 0.0859375
            }
        },
        {
            "label": 3,
            "probability": 0.999,
            "rect": {
                "bottom": 0.16681121,
                "left": 0.5359696,
                "right": 0.5359696,
                "top": 0.16681121
            }
        },
        {
            "label": 7,
            "probability": 0.999,
            "rect": {
                "bottom": 0.1854333,
                "left": 0.5482714,
                "right": 0.5482714,
                "top": 0.1854333
            }
        },
        {
            "label": 8,
            "probability": 0.999,
            "rect": {
                "bottom": 0.18677887,
                "left": 0.56099683,
                "right": 0.56099683,
                "top": 0.18677887
            }
        }
    ]
}