{
    "created_at": "2018-09-06T14:46:41.239006",
    "file_name": "000000520014.jpg",
    "generator": "convert_to_region_cropper.py",
    "labels": [
        "position",
        "left_eye",
        "right_eye",
        "left_cheek",
        "right_cheek",
        "nose_base",
        "left_mouth",
        "right_mouth",
        "bottom_mouth"
    ],
    "regions": [
        {
            "label": 0,
            "probability": 0.999,
            "rect": {
                "bottom": 0.5078125,
                "left": 0.671875,
                "right": 0.76953125,
                "top": 0.390625
            }
        },
        {
            "label": 1,
            "probability": 0.999,
            "rect": {
                "bottom": 0.45420608,
                "left": 0.7406083,
                "right": 0.7406083,
                "top": 0.45420608
            }
        },
        {
            "label": 4,
            "probability": 0.999,
            "rect": {
                "bottom": 0.47169578,
                "left": 0.7428974,
                "right": 0.7428974,
                "top": 0.47169578
            }
        },
        {
            "label": 5,
            "probability": 0.999,
            "rect": {
                "bottom": 0.47522497,
                "left": 0.72265154,
                "right": 0.72265154,
                "top": 0.47522497
            }
        }
    ]
}