{
    "created_at": "2018-09-06T14:45:53.360159",
    "file_name": "000000307955.jpg",
    "generator": "convert_to_region_cropper.py",
    "labels": [
        "position",
        "left_eye",
        "right_eye",
        "left_cheek",
        "right_cheek",
        "nose_base",
        "left_mouth",
        "right_mouth",
        "bottom_mouth"
    ],
    "regions": [
        {
            "label": 0,
            "probability": 0.999,
            "rect": {
                "bottom": 0.296875,
                "left": 0.08984375,
                "right": 0.19140625,
                "top": 0.16796875
            }
        },
        {
            "label": 1,
            "probability": 0.999,
            "rect": {
                "bottom": 0.23437254,
                "left": 0.15583839,
                "right": 0.15583839,
                "top": 0.23437254
            }
        },
        {
            "label": 2,
            "probability": 0.999,
            "rect": {
                "bottom": 0.23565863,
                "left": 0.12663166,
                "right": 0.12663166,
                "top": 0.23565863
            }
        },
        {
            "label": 4,
            "probability": 0.999,
            "rect": {
                "bottom": 0.2534541,
                "left": 0.15805198,
                "right": 0.15805198,
                "top": 0.2534541
            }
        }
    ]
}