{
    "created_at": "2018-09-06T14:45:11.751075",
    "file_name": "000000124611.jpg",
    "generator": "convert_to_region_cropper.py",
    "labels": [
        "position",
        "left_eye",
        "right_eye",
        "left_cheek",
        "right_cheek",
        "nose_base",
        "left_mouth",
        "right_mouth",
        "bottom_mouth"
    ],
    "regions": [
        {
            "label": 0,
            "probability": 0.999,
            "rect": {
                "bottom": 0.453125,
                "left": 0.265625,
                "right": 0.4921875,
                "top": 0.16796875
            }
        },
        {
            "label": 2,
            "probability": 0.999,
            "rect": {
                "bottom": 0.3270274,
                "left": 0.3608707,
                "right": 0.3608707,
                "top": 0.3270274
            }
        },
        {
            "label": 3,
            "probability": 0.999,
            "rect": {
                "bottom": 0.3336039,
                "left": 0.31087577,
                "right": 0.31087577,
                "top": 0.3336039
            }
        },
        {
            "label": 7,
            "probability": 0.999,
            "rect": {
                "bottom": 0.40545395,
                "left": 0.35589412,
                "right": 0.35589412,
                "top": 0.40545395
            }
        }
    ]
}