{
    "created_at": "2018-09-06T14:45:22.970115",
    "file_name": "000000175255.jpg",
    "generator": "convert_to_region_cropper.py",
    "labels": [
        "position",
        "left_eye",
        "right_eye",
        "left_cheek",
        "right_cheek",
        "nose_base",
        "left_mouth",
        "right_mouth",
        "bottom_mouth"
    ],
    "regions": [
        {
            "label": 0,
            "probability": 0.999,
            "rect": {
                "bottom": 0.5859375,
                "left": 0.16796875,
                "right": 0.4453125,
                "top": 0.23828125
            }
        },
        {
            "label": 1,
            "probability": 0.999,
            "rect": {
                "bottom": 0.42151493,
                "left": 0.34630543,
                "right": 0.34630543,
                "top": 0.42151493
            }
        },
        {
            "label": 4,
            "probability": 0.999,
            "rect": {
                "bottom": 0.44437155,
                "left": 0.39673737,
                "right": 0.39673737,
                "top": 0.44437155
            }
        },
        {
            "label": 6,
            "probability": 0.999,
            "rect": {
                "bottom": 0.5036249,
                "left": 0.34317902,
                "right": 0.34317902,
                "top": 0.5036249
            }
        }
    ]
}