{
    "created_at": "2018-09-06T14:45:08.988916",
    "file_name": "000000113595.jpg",
    "generator": "convert_to_region_cropper.py",
    "labels": [
        "position",
        "left_eye",
        "right_eye",
        "left_cheek",
        "right_cheek",
        "nose_base",
        "left_mouth",
        "right_mouth",
        "bottom_mouth"
    ],
    "regions": [
        {
            "label": 0,
            "probability": 0.999,
            "rect": {
                "bottom": 0.61328125,
                "left": 0.3203125,
                "right": 0.63671875,
                "top": 0.21484375
            }
        },
        {
            "label": 1,
            "probability": 0.999,
            "rect": {
                "bottom": 0.42148745,
                "left": 0.48705044,
                "right": 0.48705044,
                "top": 0.42148745
            }
        },
        {
            "label": 2,
            "probability": 0.999,
            "rect": {
                "bottom": 0.43287694,
                "left": 0.440179,
                "right": 0.440179,
                "top": 0.43287694
            }
        },
        {
            "label": 3,
            "probability": 0.999,
            "rect": {
                "bottom": 0.5031048,
                "left": 0.36944047,
                "right": 0.36944047,
                "top": 0.5031048
            }
        }
    ]
}