{
    "created_at": "2018-09-06T14:45:13.526495",
    "file_name": "000000131740.jpg",
    "generator": "convert_to_region_cropper.py",
    "labels": [
        "position",
        "left_eye",
        "right_eye",
        "left_cheek",
        "right_cheek",
        "nose_base",
        "left_mouth",
        "right_mouth",
        "bottom_mouth"
    ],
    "regions": [
        {
            "label": 0,
            "probability": 0.999,
            "rect": {
                "bottom": 0.21875,
                "left": 0.5859375,
                "right": 0.7109375,
                "top": 0.05859375
            }
        },
        {
            "label": 4,
            "probability": 0.999,
            "rect": {
                "bottom": 0.15817715,
                "left": 0.6811454,
                "right": 0.6811454,
                "top": 0.15817715
            }
        },
        {
            "label": 5,
            "probability": 0.999,
            "rect": {
                "bottom": 0.16865213,
                "left": 0.6562751,
                "right": 0.6562751,
                "top": 0.16865213
            }
        },
        {
            "label": 6,
            "probability": 0.999,
            "rect": {
                "bottom": 0.17681396,
                "left": 0.6549817,
                "right": 0.6549817,
                "top": 0.17681396
            }
        }
    ]
}