{
    "created_at": "2018-09-06T14:45:28.280626",
    "file_name": "000000196261.jpg",
    "generator": "convert_to_region_cropper.py",
    "labels": [
        "position",
        "left_eye",
        "right_eye",
        "left_cheek",
        "right_cheek",
        "nose_base",
        "left_mouth",
        "right_mouth",
        "bottom_mouth"
    ],
    "regions": [
        {
            "label": 0,
            "probability": 0.999,
            "rect": {
                "bottom": 0.25390625,
                "left": 0.203125,
                "right": 0.31640625,
                "top": 0.1171875
            }
        },
        {
            "label": 2,
            "probability": 0.999,
            "rect": {
                "bottom": 0.1918252,
                "left": 0.25214526,
                "right": 0.25214526,
                "top": 0.1918252
            }
        },
        {
            "label": 3,
            "probability": 0.999,
            "rect": {
                "bottom": 0.19935104,
                "left": 0.22990696,
                "right": 0.22990696,
                "top": 0.19935104
            }
        },
        {
            "label": 7,
            "probability": 0.999,
            "rect": {
                "bottom": 0.22115459,
                "left": 0.2434859,
                "right": 0.2434859,
                "top": 0.22115459
            }
        }
    ]
}