{
    "created_at": "2018-09-06T14:46:45.083879",
    "file_name": "000000536124.jpg",
    "generator": "convert_to_region_cropper.py",
    "labels": [
        "position",
        "left_eye",
        "right_eye",
        "left_cheek",
        "right_cheek",
        "nose_base",
        "left_mouth",
        "right_mouth",
        "bottom_mouth"
    ],
    "regions": [
        {
            "label": 0,
            "probability": 0.999,
            "rect": {
                "bottom": 0.40234375,
                "left": 0.46484375,
                "right": 0.59375,
                "top": 0.2421875
            }
        },
        {
            "label": 1,
            "probability": 0.999,
            "rect": {
                "bottom": 0.32690606,
                "left": 0.5536877,
                "right": 0.5536877,
                "top": 0.32690606
            }
        },
        {
            "label": 2,
            "probability": 0.999,
            "rect": {
                "bottom": 0.32738772,
                "left": 0.52056336,
                "right": 0.52056336,
                "top": 0.32738772
            }
        },
        {
            "label": 5,
            "probability": 0.999,
            "rect": {
                "bottom": 0.3634194,
                "left": 0.5267395,
                "right": 0.5267395,
                "top": 0.3634194
            }
        }
    ]
}