{
    "created_at": "2018-09-06T14:46:41.746370",
    "file_name": "000000522104.jpg",
    "generator": "convert_to_region_cropper.py",
    "labels": [
        "position",
        "left_eye",
        "right_eye",
        "left_cheek",
        "right_cheek",
        "nose_base",
        "left_mouth",
        "right_mouth",
        "bottom_mouth"
    ],
    "regions": [
        {
            "label": 0,
            "probability": 0.999,
            "rect": {
                "bottom": 0.21484375,
                "left": 0.23828125,
                "right": 0.3671875,
                "top": 0.0546875
            }
        },
        {
            "label": 1,
            "probability": 0.999,
            "rect": {
                "bottom": 0.1405929,
                "left": 0.30246255,
                "right": 0.30246255,
                "top": 0.1405929
            }
        },
        {
            "label": 4,
            "probability": 0.999,
            "rect": {
                "bottom": 0.14038382,
                "left": 0.33431897,
                "right": 0.33431897,
                "top": 0.14038382
            }
        },
        {
            "label": 6,
            "probability": 0.999,
            "rect": {
                "bottom": 0.17158963,
                "left": 0.3203244,
                "right": 0.3203244,
                "top": 0.17158963
            }
        }
    ]
}