{
    "created_at": "2018-09-06T14:45:22.181608",
    "file_name": "000000171630.jpg",
    "generator": "convert_to_region_cropper.py",
    "labels": [
        "position",
        "left_eye",
        "right_eye",
        "left_cheek",
        "right_cheek",
        "nose_base",
        "left_mouth",
        "right_mouth",
        "bottom_mouth"
    ],
    "regions": [
        {
            "label": 0,
            "probability": 0.999,
            "rect": {
                "bottom": 0.26171875,
                "left": 0.6875,
                "right": 0.82421875,
                "top": 0.08984375
            }
        },
        {
            "label": 1,
            "probability": 0.999,
            "rect": {
                "bottom": 0.18597262,
                "left": 0.7581205,
                "right": 0.7581205,
                "top": 0.18597262
            }
        },
        {
            "label": 4,
            "probability": 0.999,
            "rect": {
                "bottom": 0.19667706,
                "left": 0.7830024,
                "right": 0.7830024,
                "top": 0.19667706
            }
        },
        {
            "label": 5,
            "probability": 0.999,
            "rect": {
                "bottom": 0.2140512,
                "left": 0.7581546,
                "right": 0.7581546,
                "top": 0.2140512
            }
        }
    ]
}