{
    "created_at": "2018-09-06T14:45:40.353699",
    "file_name": "000000249996.jpg",
    "generator": "convert_to_region_cropper.py",
    "labels": [
        "position",
        "left_eye",
        "right_eye",
        "left_cheek",
        "right_cheek",
        "nose_base",
        "left_mouth",
        "right_mouth",
        "bottom_mouth"
    ],
    "regions": [
        {
            "label": 0,
            "probability": 0.999,
            "rect": {
                "bottom": 0.3046875,
                "left": 0.50390625,
                "right": 0.60546875,
                "top": 0.1796875
            }
        },
        {
            "label": 1,
            "probability": 0.999,
            "rect": {
                "bottom": 0.24751048,
                "left": 0.5712428,
                "right": 0.5712428,
                "top": 0.24751048
            }
        },
        {
            "label": 2,
            "probability": 0.999,
            "rect": {
                "bottom": 0.2536393,
                "left": 0.5456456,
                "right": 0.5456456,
                "top": 0.2536393
            }
        },
        {
            "label": 4,
            "probability": 0.999,
            "rect": {
                "bottom": 0.2544187,
                "left": 0.59169114,
                "right": 0.59169114,
                "top": 0.2544187
            }
        }
    ]
}