{
    "created_at": "2018-09-06T14:45:57.627502",
    "file_name": "000000326430.jpg",
    "generator": "convert_to_region_cropper.py",
    "labels": [
        "position",
        "left_eye",
        "right_eye",
        "left_cheek",
        "right_cheek",
        "nose_base",
        "left_mouth",
        "right_mouth",
        "bottom_mouth"
    ],
    "regions": [
        {
            "label": 0,
            "probability": 0.999,
            "rect": {
                "bottom": 0.5546875,
                "left": 0.48046875,
                "right": 0.89453125,
                "top": 0.0390625
            }
        },
        {
            "label": 1,
            "probability": 0.999,
            "rect": {
                "bottom": 0.3162422,
                "left": 0.7591863,
                "right": 0.7591863,
                "top": 0.3162422
            }
        },
        {
            "label": 4,
            "probability": 0.999,
            "rect": {
                "bottom": 0.3933219,
                "left": 0.81918716,
                "right": 0.81918716,
                "top": 0.3933219
            }
        },
        {
            "label": 6,
            "probability": 0.999,
            "rect": {
                "bottom": 0.39233625,
                "left": 0.6925476,
                "right": 0.6925476,
                "top": 0.39233625
            }
        }
    ]
}