{
    "created_at": "2018-09-06T14:45:55.188433",
    "file_name": "000000316330.jpg",
    "generator": "convert_to_region_cropper.py",
    "labels": [
        "position",
        "left_eye",
        "right_eye",
        "left_cheek",
        "right_cheek",
        "nose_base",
        "left_mouth",
        "right_mouth",
        "bottom_mouth"
    ],
    "regions": [
        {
            "label": 0,
            "probability": 0.999,
            "rect": {
                "bottom": 0.37109375,
                "left": 0.08984375,
                "right": 0.2265625,
                "top": 0.19921875
            }
        },
        {
            "label": 2,
            "probability": 0.999,
            "rect": {
                "bottom": 0.2897887,
                "left": 0.13802052,
                "right": 0.13802052,
                "top": 0.2897887
            }
        },
        {
            "label": 3,
            "probability": 0.999,
            "rect": {
                "bottom": 0.3194672,
                "left": 0.1157415,
                "right": 0.1157415,
                "top": 0.3194672
            }
        },
        {
            "label": 5,
            "probability": 0.999,
            "rect": {
                "bottom": 0.3141193,
                "left": 0.16655077,
                "right": 0.16655077,
                "top": 0.3141193
            }
        }
    ]
}