{
    "created_at": "2018-09-06T14:45:40.709193",
    "file_name": "000000251728.jpg",
    "generator": "convert_to_region_cropper.py",
    "labels": [
        "position",
        "left_eye",
        "right_eye",
        "left_cheek",
        "right_cheek",
        "nose_base",
        "left_mouth",
        "right_mouth",
        "bottom_mouth"
    ],
    "regions": [
        {
            "label": 0,
            "probability": 0.999,
            "rect": {
                "bottom": 0.34765625,
                "left": 0.3515625,
                "right": 0.4453125,
                "top": 0.23046875
            }
        },
        {
            "label": 3,
            "probability": 0.999,
            "rect": {
                "bottom": 0.31493434,
                "left": 0.38111985,
                "right": 0.38111985,
                "top": 0.31493434
            }
        },
        {
            "label": 4,
            "probability": 0.999,
            "rect": {
                "bottom": 0.31493434,
                "left": 0.41886947,
                "right": 0.41886947,
                "top": 0.31493434
            }
        }
    ]
}