{
    "created_at": "2018-09-06T14:46:14.099650",
    "file_name": "000000398634.jpg",
    "generator": "convert_to_region_cropper.py",
    "labels": [
        "position",
        "left_eye",
        "right_eye",
        "left_cheek",
        "right_cheek",
        "nose_base",
        "left_mouth",
        "right_mouth",
        "bottom_mouth"
    ],
    "regions": [
        {
            "label": 0,
            "probability": 0.999,
            "rect": {
                "bottom": 0.33203125,
                "left": 0.453125,
                "right": 0.56640625,
                "top": 0.19140625
            }
        },
        {
            "label": 1,
            "probability": 0.999,
            "rect": {
                "bottom": 0.2616795,
                "left": 0.52094084,
                "right": 0.52094084,
                "top": 0.2616795
            }
        },
        {
            "label": 2,
            "probability": 0.999,
            "rect": {
                "bottom": 0.26815298,
                "left": 0.4903961,
                "right": 0.4903961,
                "top": 0.26815298
            }
        },
        {
            "label": 3,
            "probability": 0.999,
            "rect": {
                "bottom": 0.28343934,
                "left": 0.47192973,
                "right": 0.47192973,
                "top": 0.28343934
            }
        }
    ]
}