{
    "created_at": "2018-09-06T14:45:04.490871",
    "file_name": "000000095103.jpg",
    "generator": "convert_to_region_cropper.py",
    "labels": [
        "position",
        "left_eye",
        "right_eye",
        "left_cheek",
        "right_cheek",
        "nose_base",
        "left_mouth",
        "right_mouth",
        "bottom_mouth"
    ],
    "regions": [
        {
            "label": 0,
            "probability": 0.999,
            "rect": {
                "bottom": 0.32421875,
                "left": 0.4609375,
                "right": 0.57421875,
                "top": 0.18359375
            }
        },
        {
            "label": 6,
            "probability": 0.999,
            "rect": {
                "bottom": 0.29525763,
                "left": 0.53446203,
                "right": 0.53446203,
                "top": 0.29525763
            }
        },
        {
            "label": 8,
            "probability": 0.999,
            "rect": {
                "bottom": 0.30026972,
                "left": 0.52088606,
                "right": 0.52088606,
                "top": 0.30026972
            }
        }
    ]
}