{
    "created_at": "2018-09-06T14:45:52.354741",
    "file_name": "000000303448.jpg",
    "generator": "convert_to_region_cropper.py",
    "labels": [
        "position",
        "left_eye",
        "right_eye",
        "left_cheek",
        "right_cheek",
        "nose_base",
        "left_mouth",
        "right_mouth",
        "bottom_mouth"
    ],
    "regions": [
        {
            "label": 0,
            "probability": 0.999,
            "rect": {
                "bottom": 0.59765625,
                "left": 0.33203125,
                "right": 0.46484375,
                "top": 0.43359375
            }
        },
        {
            "label": 1,
            "probability": 0.999,
            "rect": {
                "bottom": 0.5240236,
                "left": 0.41221365,
                "right": 0.41221365,
                "top": 0.5240236
            }
        },
        {
            "label": 4,
            "probability": 0.999,
            "rect": {
                "bottom": 0.52075857,
                "left": 0.43253872,
                "right": 0.43253872,
                "top": 0.52075857
            }
        }
    ]
}