{
    "created_at": "2018-09-06T14:45:41.821786",
    "file_name": "000000257018.jpg",
    "generator": "convert_to_region_cropper.py",
    "labels": [
        "position",
        "left_eye",
        "right_eye",
        "left_cheek",
        "right_cheek",
        "nose_base",
        "left_mouth",
        "right_mouth",
        "bottom_mouth"
    ],
    "regions": [
        {
            "label": 0,
            "probability": 0.999,
            "rect": {
                "bottom": 0.5625,
                "left": 0.359375,
                "right": 0.52734375,
                "top": 0.3515625
            }
        },
        {
            "label": 1,
            "probability": 0.999,
            "rect": {
                "bottom": 0.46687645,
                "left": 0.46523145,
                "right": 0.46523145,
                "top": 0.46687645
            }
        },
        {
            "label": 2,
            "probability": 0.999,
            "rect": {
                "bottom": 0.46552444,
                "left": 0.41666532,
                "right": 0.41666532,
                "top": 0.46552444
            }
        },
        {
            "label": 3,
            "probability": 0.999,
            "rect": {
                "bottom": 0.47316685,
                "left": 0.3794449,
                "right": 0.3794449,
                "top": 0.47316685
            }
        }
    ]
}