{
    "created_at": "2018-09-06T14:44:58.300907",
    "file_name": "000000067923.jpg",
    "generator": "convert_to_region_cropper.py",
    "labels": [
        "position",
        "left_eye",
        "right_eye",
        "left_cheek",
        "right_cheek",
        "nose_base",
        "left_mouth",
        "right_mouth",
        "bottom_mouth"
    ],
    "regions": [
        {
            "label": 0,
            "probability": 0.999,
            "rect": {
                "bottom": 0.453125,
                "left": 0.296875,
                "right": 0.4140625,
                "top": 0.30859375
            }
        },
        {
            "label": 4,
            "probability": 0.999,
            "rect": {
                "bottom": 0.39915574,
                "left": 0.38951635,
                "right": 0.38951635,
                "top": 0.39915574
            }
        },
        {
            "label": 5,
            "probability": 0.999,
            "rect": {
                "bottom": 0.41482368,
                "left": 0.36862496,
                "right": 0.36862496,
                "top": 0.41482368
            }
        },
        {
            "label": 6,
            "probability": 0.999,
            "rect": {
                "bottom": 0.42356876,
                "left": 0.3705731,
                "right": 0.3705731,
                "top": 0.42356876
            }
        }
    ]
}