{
    "created_at": "2018-09-06T14:45:08.736065",
    "file_name": "000000112407.jpg",
    "generator": "convert_to_region_cropper.py",
    "labels": [
        "position",
        "left_eye",
        "right_eye",
        "left_cheek",
        "right_cheek",
        "nose_base",
        "left_mouth",
        "right_mouth",
        "bottom_mouth"
    ],
    "regions": [
        {
            "label": 0,
            "probability": 0.999,
            "rect": {
                "bottom": 0.5703125,
                "left": 0.69140625,
                "right": 0.80078125,
                "top": 0.43359375
            }
        },
        {
            "label": 1,
            "probability": 0.999,
            "rect": {
                "bottom": 0.5058865,
                "left": 0.763261,
                "right": 0.763261,
                "top": 0.5058865
            }
        },
        {
            "label": 6,
            "probability": 0.999,
            "rect": {
                "bottom": 0.55184203,
                "left": 0.76133084,
                "right": 0.76133084,
                "top": 0.55184203
            }
        },
        {
            "label": 8,
            "probability": 0.999,
            "rect": {
                "bottom": 0.55865335,
                "left": 0.746128,
                "right": 0.746128,
                "top": 0.55865335
            }
        }
    ]
}