{
    "created_at": "2018-09-06T14:45:50.111315",
    "file_name": "000000294273.jpg",
    "generator": "convert_to_region_cropper.py",
    "labels": [
        "position",
        "left_eye",
        "right_eye",
        "left_cheek",
        "right_cheek",
        "nose_base",
        "left_mouth",
        "right_mouth",
        "bottom_mouth"
    ],
    "regions": [
        {
            "label": 0,
            "probability": 0.999,
            "rect": {
                "bottom": 0.19140625,
                "left": 0.6328125,
                "right": 0.7890625,
                "top": 0.0
            }
        },
        {
            "label": 1,
            "probability": 0.999,
            "rect": {
                "bottom": 0.10239629,
                "left": 0.730569,
                "right": 0.730569,
                "top": 0.10239629
            }
        },
        {
            "label": 4,
            "probability": 0.999,
            "rect": {
                "bottom": 0.12671651,
                "left": 0.7580566,
                "right": 0.7580566,
                "top": 0.12671651
            }
        },
        {
            "label": 6,
            "probability": 0.999,
            "rect": {
                "bottom": 0.14631742,
                "left": 0.72114486,
                "right": 0.72114486,
                "top": 0.14631742
            }
        }
    ]
}