{
    "created_at": "2018-09-06T14:45:47.091861",
    "file_name": "000000280815.jpg",
    "generator": "convert_to_region_cropper.py",
    "labels": [
        "position",
        "left_eye",
        "right_eye",
        "left_cheek",
        "right_cheek",
        "nose_base",
        "left_mouth",
        "right_mouth",
        "bottom_mouth"
    ],
    "regions": [
        {
            "label": 0,
            "probability": 0.999,
            "rect": {
                "bottom": 0.265625,
                "left": 0.7890625,
                "right": 0.88671875,
                "top": 0.14453125
            }
        },
        {
            "label": 1,
            "probability": 0.999,
            "rect": {
                "bottom": 0.21343525,
                "left": 0.85998714,
                "right": 0.85998714,
                "top": 0.21343525
            }
        },
        {
            "label": 3,
            "probability": 0.999,
            "rect": {
                "bottom": 0.22685632,
                "left": 0.8221176,
                "right": 0.8221176,
                "top": 0.22685632
            }
        },
        {
            "label": 4,
            "probability": 0.999,
            "rect": {
                "bottom": 0.22513914,
                "left": 0.8593441,
                "right": 0.8593441,
                "top": 0.22513914
            }
        }
    ]
}