{
    "created_at": "2018-09-06T14:45:04.360881",
    "file_name": "000000094711.jpg",
    "generator": "convert_to_region_cropper.py",
    "labels": [
        "position",
        "left_eye",
        "right_eye",
        "left_cheek",
        "right_cheek",
        "nose_base",
        "left_mouth",
        "right_mouth",
        "bottom_mouth"
    ],
    "regions": [
        {
            "label": 0,
            "probability": 0.999,
            "rect": {
                "bottom": 0.203125,
                "left": 0.390625,
                "right": 0.49609375,
                "top": 0.0703125
            }
        },
        {
            "label": 1,
            "probability": 0.999,
            "rect": {
                "bottom": 0.14019324,
                "left": 0.45384932,
                "right": 0.45384932,
                "top": 0.14019324
            }
        },
        {
            "label": 4,
            "probability": 0.999,
            "rect": {
                "bottom": 0.15218008,
                "left": 0.4839972,
                "right": 0.4839972,
                "top": 0.15218008
            }
        },
        {
            "label": 6,
            "probability": 0.999,
            "rect": {
                "bottom": 0.17875755,
                "left": 0.45684448,
                "right": 0.45684448,
                "top": 0.17875755
            }
        }
    ]
}