{
    "created_at": "2018-09-06T14:46:05.486471",
    "file_name": "000000360025.jpg",
    "generator": "convert_to_region_cropper.py",
    "labels": [
        "position",
        "left_eye",
        "right_eye",
        "left_cheek",
        "right_cheek",
        "nose_base",
        "left_mouth",
        "right_mouth",
        "bottom_mouth"
    ],
    "regions": [
        {
            "label": 0,
            "probability": 0.999,
            "rect": {
                "bottom": 0.3359375,
                "left": 0.38671875,
                "right": 0.4921875,
                "top": 0.20703125
            }
        },
        {
            "label": 1,
            "probability": 0.999,
            "rect": {
                "bottom": 0.27806023,
                "left": 0.45456257,
                "right": 0.45456257,
                "top": 0.27806023
            }
        },
        {
            "label": 4,
            "probability": 0.999,
            "rect": {
                "bottom": 0.2872706,
                "left": 0.4773182,
                "right": 0.4773182,
                "top": 0.2872706
            }
        }
    ]
}