{
    "created_at": "2018-09-06T14:46:31.238789",
    "file_name": "000000475065.jpg",
    "generator": "convert_to_region_cropper.py",
    "labels": [
        "position",
        "left_eye",
        "right_eye",
        "left_cheek",
        "right_cheek",
        "nose_base",
        "left_mouth",
        "right_mouth",
        "bottom_mouth"
    ],
    "regions": [
        {
            "label": 0,
            "probability": 0.999,
            "rect": {
                "bottom": 0.31640625,
                "left": 0.54296875,
                "right": 0.64453125,
                "top": 0.19140625
            }
        },
        {
            "label": 3,
            "probability": 0.999,
            "rect": {
                "bottom": 0.27559352,
                "left": 0.5665162,
                "right": 0.5665162,
                "top": 0.27559352
            }
        },
        {
            "label": 8,
            "probability": 0.999,
            "rect": {
                "bottom": 0.3054784,
                "left": 0.60446656,
                "right": 0.60446656,
                "top": 0.3054784
            }
        }
    ]
}