{
    "created_at": "2018-09-06T14:45:26.856948",
    "file_name": "000000191214.jpg",
    "generator": "convert_to_region_cropper.py",
    "labels": [
        "position",
        "left_eye",
        "right_eye",
        "left_cheek",
        "right_cheek",
        "nose_base",
        "left_mouth",
        "right_mouth",
        "bottom_mouth"
    ],
    "regions": [
        {
            "label": 0,
            "probability": 0.999,
            "rect": {
                "bottom": 0.27734375,
                "left": 0.421875,
                "right": 0.52734375,
                "top": 0.1484375
            }
        },
        {
            "label": 2,
            "probability": 0.999,
            "rect": {
                "bottom": 0.21580386,
                "left": 0.4599472,
                "right": 0.4599472,
                "top": 0.21580386
            }
        },
        {
            "label": 3,
            "probability": 0.999,
            "rect": {
                "bottom": 0.22486928,
                "left": 0.4410087,
                "right": 0.4410087,
                "top": 0.22486928
            }
        },
        {
            "label": 7,
            "probability": 0.999,
            "rect": {
                "bottom": 0.24494103,
                "left": 0.4509188,
                "right": 0.4509188,
                "top": 0.24494103
            }
        }
    ]
}