{
    "created_at": "2018-09-06T14:45:04.169741",
    "file_name": "000000093668.jpg",
    "generator": "convert_to_region_cropper.py",
    "labels": [
        "position",
        "left_eye",
        "right_eye",
        "left_cheek",
        "right_cheek",
        "nose_base",
        "left_mouth",
        "right_mouth",
        "bottom_mouth"
    ],
    "regions": [
        {
            "label": 0,
            "probability": 0.999,
            "rect": {
                "bottom": 0.4140625,
                "left": 0.41796875,
                "right": 0.5546875,
                "top": 0.2421875
            }
        },
        {
            "label": 5,
            "probability": 0.999,
            "rect": {
                "bottom": 0.35678458,
                "left": 0.4818424,
                "right": 0.4818424,
                "top": 0.35678458
            }
        },
        {
            "label": 6,
            "probability": 0.999,
            "rect": {
                "bottom": 0.3677005,
                "left": 0.50977296,
                "right": 0.50977296,
                "top": 0.3677005
            }
        },
        {
            "label": 8,
            "probability": 0.999,
            "rect": {
                "bottom": 0.37671915,
                "left": 0.492523,
                "right": 0.492523,
                "top": 0.37671915
            }
        }
    ]
}