{
    "created_at": "2018-09-06T14:45:37.529189",
    "file_name": "000000236613.jpg",
    "generator": "convert_to_region_cropper.py",
    "labels": [
        "position",
        "left_eye",
        "right_eye",
        "left_cheek",
        "right_cheek",
        "nose_base",
        "left_mouth",
        "right_mouth",
        "bottom_mouth"
    ],
    "regions": [
        {
            "label": 0,
            "probability": 0.999,
            "rect": {
                "bottom": 0.37890625,
                "left": 0.24609375,
                "right": 0.3984375,
                "top": 0.18359375
            }
        },
        {
            "label": 1,
            "probability": 0.999,
            "rect": {
                "bottom": 0.28618485,
                "left": 0.32944804,
                "right": 0.32944804,
                "top": 0.28618485
            }
        },
        {
            "label": 2,
            "probability": 0.999,
            "rect": {
                "bottom": 0.28803846,
                "left": 0.29418817,
                "right": 0.29418817,
                "top": 0.28803846
            }
        },
        {
            "label": 3,
            "probability": 0.999,
            "rect": {
                "bottom": 0.30337822,
                "left": 0.27348536,
                "right": 0.27348536,
                "top": 0.30337822
            }
        }
    ]
}