{
    "created_at": "2018-09-06T14:45:12.834119",
    "file_name": "000000128627.jpg",
    "generator": "convert_to_region_cropper.py",
    "labels": [
        "position",
        "left_eye",
        "right_eye",
        "left_cheek",
        "right_cheek",
        "nose_base",
        "left_mouth",
        "right_mouth",
        "bottom_mouth"
    ],
    "regions": [
        {
            "label": 0,
            "probability": 0.999,
            "rect": {
                "bottom": 0.39453125,
                "left": 0.19921875,
                "right": 0.30078125,
                "top": 0.265625
            }
        },
        {
            "label": 3,
            "probability": 0.999,
            "rect": {
                "bottom": 0.358851,
                "left": 0.22960734,
                "right": 0.22960734,
                "top": 0.358851
            }
        },
        {
            "label": 7,
            "probability": 0.999,
            "rect": {
                "bottom": 0.37346512,
                "left": 0.25146508,
                "right": 0.25146508,
                "top": 0.37346512
            }
        }
    ]
}