{
    "created_at": "2018-09-06T14:45:26.154203",
    "file_name": "000000188481.jpg",
    "generator": "convert_to_region_cropper.py",
    "labels": [
        "position",
        "left_eye",
        "right_eye",
        "left_cheek",
        "right_cheek",
        "nose_base",
        "left_mouth",
        "right_mouth",
        "bottom_mouth"
    ],
    "regions": [
        {
            "label": 0,
            "probability": 0.999,
            "rect": {
                "bottom": 0.17578125,
                "left": 0.33203125,
                "right": 0.45703125,
                "top": 0.0234375
            }
        },
        {
            "label": 2,
            "probability": 0.999,
            "rect": {
                "bottom": 0.10712949,
                "left": 0.38777408,
                "right": 0.38777408,
                "top": 0.10712949
            }
        },
        {
            "label": 3,
            "probability": 0.999,
            "rect": {
                "bottom": 0.115146324,
                "left": 0.36028615,
                "right": 0.36028615,
                "top": 0.115146324
            }
        },
        {
            "label": 7,
            "probability": 0.999,
            "rect": {
                "bottom": 0.14337228,
                "left": 0.3817538,
                "right": 0.3817538,
                "top": 0.14337228
            }
        }
    ]
}