{
    "created_at": "2018-09-06T14:45:28.829144",
    "file_name": "000000198689.jpg",
    "generator": "convert_to_region_cropper.py",
    "labels": [
        "position",
        "left_eye",
        "right_eye",
        "left_cheek",
        "right_cheek",
        "nose_base",
        "left_mouth",
        "right_mouth",
        "bottom_mouth"
    ],
    "regions": [
        {
            "label": 0,
            "probability": 0.999,
            "rect": {
                "bottom": 0.87109375,
                "left": 0.43359375,
                "right": 0.71484375,
                "top": 0.51953125
            }
        },
        {
            "label": 1,
            "probability": 0.999,
            "rect": {
                "bottom": 0.7095068,
                "left": 0.5697527,
                "right": 0.5697527,
                "top": 0.7095068
            }
        },
        {
            "label": 5,
            "probability": 0.999,
            "rect": {
                "bottom": 0.7884362,
                "left": 0.5807959,
                "right": 0.5807959,
                "top": 0.7884362
            }
        },
        {
            "label": 6,
            "probability": 0.999,
            "rect": {
                "bottom": 0.7607174,
                "left": 0.5717991,
                "right": 0.5717991,
                "top": 0.7607174
            }
        }
    ]
}