{
    "created_at": "2018-09-06T14:45:28.617438",
    "file_name": "000000197793.jpg",
    "generator": "convert_to_region_cropper.py",
    "labels": [
        "position",
        "left_eye",
        "right_eye",
        "left_cheek",
        "right_cheek",
        "nose_base",
        "left_mouth",
        "right_mouth",
        "bottom_mouth"
    ],
    "regions": [
        {
            "label": 0,
            "probability": 0.999,
            "rect": {
                "bottom": 0.390625,
                "left": 0.3515625,
                "right": 0.48046875,
                "top": 0.23046875
            }
        },
        {
            "label": 1,
            "probability": 0.999,
            "rect": {
                "bottom": 0.3167034,
                "left": 0.42707106,
                "right": 0.42707106,
                "top": 0.3167034
            }
        },
        {
            "label": 4,
            "probability": 0.999,
            "rect": {
                "bottom": 0.3257016,
                "left": 0.46147665,
                "right": 0.46147665,
                "top": 0.3257016
            }
        },
        {
            "label": 6,
            "probability": 0.999,
            "rect": {
                "bottom": 0.35523412,
                "left": 0.4368777,
                "right": 0.4368777,
                "top": 0.35523412
            }
        }
    ]
}