{
    "created_at": "2018-09-06T14:44:57.119540",
    "file_name": "000000063405.jpg",
    "generator": "convert_to_region_cropper.py",
    "labels": [
        "position",
        "left_eye",
        "right_eye",
        "left_cheek",
        "right_cheek",
        "nose_base",
        "left_mouth",
        "right_mouth",
        "bottom_mouth"
    ],
    "regions": [
        {
            "label": 0,
            "probability": 0.999,
            "rect": {
                "bottom": 0.33203125,
                "left": 0.4375,
                "right": 0.59765625,
                "top": 0.1328125
            }
        },
        {
            "label": 1,
            "probability": 0.999,
            "rect": {
                "bottom": 0.23503509,
                "left": 0.53705835,
                "right": 0.53705835,
                "top": 0.23503509
            }
        },
        {
            "label": 4,
            "probability": 0.999,
            "rect": {
                "bottom": 0.25114322,
                "left": 0.5764945,
                "right": 0.5764945,
                "top": 0.25114322
            }
        },
        {
            "label": 6,
            "probability": 0.999,
            "rect": {
                "bottom": 0.2786276,
                "left": 0.5388397,
                "right": 0.5388397,
                "top": 0.2786276
            }
        }
    ]
}