{
    "created_at": "2018-09-06T14:46:22.989636",
    "file_name": "000000437366.jpg",
    "generator": "convert_to_region_cropper.py",
    "labels": [
        "position",
        "left_eye",
        "right_eye",
        "left_cheek",
        "right_cheek",
        "nose_base",
        "left_mouth",
        "right_mouth",
        "bottom_mouth"
    ],
    "regions": [
        {
            "label": 0,
            "probability": 0.999,
            "rect": {
                "bottom": 0.546875,
                "left": 0.640625,
                "right": 0.7734375,
                "top": 0.37890625
            }
        },
        {
            "label": 1,
            "probability": 0.999,
            "rect": {
                "bottom": 0.46802372,
                "left": 0.72979593,
                "right": 0.72979593,
                "top": 0.46802372
            }
        },
        {
            "label": 4,
            "probability": 0.999,
            "rect": {
                "bottom": 0.48678795,
                "left": 0.7510035,
                "right": 0.7510035,
                "top": 0.48678795
            }
        },
        {
            "label": 6,
            "probability": 0.999,
            "rect": {
                "bottom": 0.51887286,
                "left": 0.72198343,
                "right": 0.72198343,
                "top": 0.51887286
            }
        }
    ]
}