{
    "created_at": "2018-09-06T14:46:18.511882",
    "file_name": "000000418040.jpg",
    "generator": "convert_to_region_cropper.py",
    "labels": [
        "position",
        "left_eye",
        "right_eye",
        "left_cheek",
        "right_cheek",
        "nose_base",
        "left_mouth",
        "right_mouth",
        "bottom_mouth"
    ],
    "regions": [
        {
            "label": 0,
            "probability": 0.999,
            "rect": {
                "bottom": 0.34375,
                "left": 0.3984375,
                "right": 0.52734375,
                "top": 0.18359375
            }
        },
        {
            "label": 1,
            "probability": 0.999,
            "rect": {
                "bottom": 0.28036237,
                "left": 0.4747799,
                "right": 0.4747799,
                "top": 0.28036237
            }
        },
        {
            "label": 4,
            "probability": 0.999,
            "rect": {
                "bottom": 0.28706086,
                "left": 0.5044245,
                "right": 0.5044245,
                "top": 0.28706086
            }
        },
        {
            "label": 6,
            "probability": 0.999,
            "rect": {
                "bottom": 0.31744713,
                "left": 0.48457462,
                "right": 0.48457462,
                "top": 0.31744713
            }
        }
    ]
}