{
    "created_at": "2018-09-06T14:45:12.351172",
    "file_name": "000000127382.jpg",
    "generator": "convert_to_region_cropper.py",
    "labels": [
        "position",
        "left_eye",
        "right_eye",
        "left_cheek",
        "right_cheek",
        "nose_base",
        "left_mouth",
        "right_mouth",
        "bottom_mouth"
    ],
    "regions": [
        {
            "label": 0,
            "probability": 0.999,
            "rect": {
                "bottom": 0.99609375,
                "left": 0.70703125,
                "right": 0.97265625,
                "top": 0.66796875
            }
        },
        {
            "label": 1,
            "probability": 0.999,
            "rect": {
                "bottom": 0.84517455,
                "left": 0.8700089,
                "right": 0.8700089,
                "top": 0.84517455
            }
        },
        {
            "label": 2,
            "probability": 0.999,
            "rect": {
                "bottom": 0.84587896,
                "left": 0.7911598,
                "right": 0.7911598,
                "top": 0.84587896
            }
        }
    ]
}