{
    "created_at": "2018-09-06T14:46:41.917861",
    "file_name": "000000522760.jpg",
    "generator": "convert_to_region_cropper.py",
    "labels": [
        "position",
        "left_eye",
        "right_eye",
        "left_cheek",
        "right_cheek",
        "nose_base",
        "left_mouth",
        "right_mouth",
        "bottom_mouth"
    ],
    "regions": [
        {
            "label": 0,
            "probability": 0.999,
            "rect": {
                "bottom": 0.359375,
                "left": 0.2265625,
                "right": 0.359375,
                "top": 0.1953125
            }
        },
        {
            "label": 2,
            "probability": 0.999,
            "rect": {
                "bottom": 0.28770623,
                "left": 0.27743432,
                "right": 0.27743432,
                "top": 0.28770623
            }
        },
        {
            "label": 3,
            "probability": 0.999,
            "rect": {
                "bottom": 0.29691395,
                "left": 0.25162464,
                "right": 0.25162464,
                "top": 0.29691395
            }
        }
    ]
}