{
    "created_at": "2018-09-06T14:46:23.704730",
    "file_name": "000000440655.jpg",
    "generator": "convert_to_region_cropper.py",
    "labels": [
        "position",
        "left_eye",
        "right_eye",
        "left_cheek",
        "right_cheek",
        "nose_base",
        "left_mouth",
        "right_mouth",
        "bottom_mouth"
    ],
    "regions": [
        {
            "label": 0,
            "probability": 0.999,
            "rect": {
                "bottom": 0.2265625,
                "left": 0.62109375,
                "right": 0.73828125,
                "top": 0.078125
            }
        },
        {
            "label": 1,
            "probability": 0.999,
            "rect": {
                "bottom": 0.16001898,
                "left": 0.69600487,
                "right": 0.69600487,
                "top": 0.16001898
            }
        },
        {
            "label": 4,
            "probability": 0.999,
            "rect": {
                "bottom": 0.17270303,
                "left": 0.71576977,
                "right": 0.71576977,
                "top": 0.17270303
            }
        },
        {
            "label": 6,
            "probability": 0.999,
            "rect": {
                "bottom": 0.19434969,
                "left": 0.6917592,
                "right": 0.6917592,
                "top": 0.19434969
            }
        }
    ]
}