{
    "created_at": "2018-09-06T14:46:35.886649",
    "file_name": "000000495512.jpg",
    "generator": "convert_to_region_cropper.py",
    "labels": [
        "position",
        "left_eye",
        "right_eye",
        "left_cheek",
        "right_cheek",
        "nose_base",
        "left_mouth",
        "right_mouth",
        "bottom_mouth"
    ],
    "regions": [
        {
            "label": 0,
            "probability": 0.999,
            "rect": {
                "bottom": 0.375,
                "left": 0.50390625,
                "right": 0.64453125,
                "top": 0.19921875
            }
        },
        {
            "label": 1,
            "probability": 0.999,
            "rect": {
                "bottom": 0.29551405,
                "left": 0.5906587,
                "right": 0.5906587,
                "top": 0.29551405
            }
        },
        {
            "label": 4,
            "probability": 0.999,
            "rect": {
                "bottom": 0.30756232,
                "left": 0.61546713,
                "right": 0.61546713,
                "top": 0.30756232
            }
        },
        {
            "label": 6,
            "probability": 0.999,
            "rect": {
                "bottom": 0.33515134,
                "left": 0.5880511,
                "right": 0.5880511,
                "top": 0.33515134
            }
        }
    ]
}