{
    "created_at": "2018-09-06T14:46:18.668707",
    "file_name": "000000418819.jpg",
    "generator": "convert_to_region_cropper.py",
    "labels": [
        "position",
        "left_eye",
        "right_eye",
        "left_cheek",
        "right_cheek",
        "nose_base",
        "left_mouth",
        "right_mouth",
        "bottom_mouth"
    ],
    "regions": [
        {
            "label": 0,
            "probability": 0.999,
            "rect": {
                "bottom": 0.4765625,
                "left": 0.30078125,
                "right": 0.578125,
                "top": 0.1328125
            }
        },
        {
            "label": 1,
            "probability": 0.999,
            "rect": {
                "bottom": 0.31306395,
                "left": 0.48151737,
                "right": 0.48151737,
                "top": 0.31306395
            }
        },
        {
            "label": 4,
            "probability": 0.999,
            "rect": {
                "bottom": 0.37869653,
                "left": 0.53382903,
                "right": 0.53382903,
                "top": 0.37869653
            }
        }
    ]
}