{
    "created_at": "2018-09-06T14:45:32.395676",
    "file_name": "000000214480.jpg",
    "generator": "convert_to_region_cropper.py",
    "labels": [
        "position",
        "left_eye",
        "right_eye",
        "left_cheek",
        "right_cheek",
        "nose_base",
        "left_mouth",
        "right_mouth",
        "bottom_mouth"
    ],
    "regions": [
        {
            "label": 0,
            "probability": 0.999,
            "rect": {
                "bottom": 0.234375,
                "left": 0.4609375,
                "right": 0.56640625,
                "top": 0.1015625
            }
        },
        {
            "label": 1,
            "probability": 0.999,
            "rect": {
                "bottom": 0.17832367,
                "left": 0.5091694,
                "right": 0.5091694,
                "top": 0.17832367
            }
        },
        {
            "label": 4,
            "probability": 0.999,
            "rect": {
                "bottom": 0.17815699,
                "left": 0.53108424,
                "right": 0.53108424,
                "top": 0.17815699
            }
        }
    ]
}