{
    "created_at": "2018-09-06T14:44:56.752879",
    "file_name": "000000062122.jpg",
    "generator": "convert_to_region_cropper.py",
    "labels": [
        "position",
        "left_eye",
        "right_eye",
        "left_cheek",
        "right_cheek",
        "nose_base",
        "left_mouth",
        "right_mouth",
        "bottom_mouth"
    ],
    "regions": [
        {
            "label": 0,
            "probability": 0.999,
            "rect": {
                "bottom": 0.5625,
                "left": 0.19921875,
                "right": 0.5859375,
                "top": 0.08203125
            }
        },
        {
            "label": 4,
            "probability": 0.999,
            "rect": {
                "bottom": 0.35979575,
                "left": 0.50372887,
                "right": 0.50372887,
                "top": 0.35979575
            }
        },
        {
            "label": 5,
            "probability": 0.999,
            "rect": {
                "bottom": 0.44844133,
                "left": 0.39340466,
                "right": 0.39340466,
                "top": 0.44844133
            }
        },
        {
            "label": 6,
            "probability": 0.999,
            "rect": {
                "bottom": 0.48550937,
                "left": 0.44700962,
                "right": 0.44700962,
                "top": 0.48550937
            }
        }
    ]
}