{
    "created_at": "2018-09-06T14:45:37.047682",
    "file_name": "000000234585.jpg",
    "generator": "convert_to_region_cropper.py",
    "labels": [
        "position",
        "left_eye",
        "right_eye",
        "left_cheek",
        "right_cheek",
        "nose_base",
        "left_mouth",
        "right_mouth",
        "bottom_mouth"
    ],
    "regions": [
        {
            "label": 0,
            "probability": 0.999,
            "rect": {
                "bottom": 0.7109375,
                "left": 0.40234375,
                "right": 0.5234375,
                "top": 0.55859375
            }
        },
        {
            "label": 2,
            "probability": 0.999,
            "rect": {
                "bottom": 0.639816,
                "left": 0.4451232,
                "right": 0.4451232,
                "top": 0.639816
            }
        },
        {
            "label": 3,
            "probability": 0.999,
            "rect": {
                "bottom": 0.651765,
                "left": 0.42477706,
                "right": 0.42477706,
                "top": 0.651765
            }
        },
        {
            "label": 7,
            "probability": 0.999,
            "rect": {
                "bottom": 0.67842853,
                "left": 0.4515866,
                "right": 0.4515866,
                "top": 0.67842853
            }
        }
    ]
}