{
    "created_at": "2018-09-06T14:46:28.335157",
    "file_name": "000000460945.jpg",
    "generator": "convert_to_region_cropper.py",
    "labels": [
        "position",
        "left_eye",
        "right_eye",
        "left_cheek",
        "right_cheek",
        "nose_base",
        "left_mouth",
        "right_mouth",
        "bottom_mouth"
    ],
    "regions": [
        {
            "label": 0,
            "probability": 0.999,
            "rect": {
                "bottom": 0.5546875,
                "left": 0.10546875,
                "right": 0.26171875,
                "top": 0.359375
            }
        },
        {
            "label": 2,
            "probability": 0.999,
            "rect": {
                "bottom": 0.47559226,
                "left": 0.1880825,
                "right": 0.1880825,
                "top": 0.47559226
            }
        },
        {
            "label": 3,
            "probability": 0.999,
            "rect": {
                "bottom": 0.47043347,
                "left": 0.15399666,
                "right": 0.15399666,
                "top": 0.47043347
            }
        },
        {
            "label": 5,
            "probability": 0.999,
            "rect": {
                "bottom": 0.5066814,
                "left": 0.17725664,
                "right": 0.17725664,
                "top": 0.5066814
            }
        }
    ]
}