{
    "created_at": "2018-09-06T14:44:49.527448",
    "file_name": "000000031933.jpg",
    "generator": "convert_to_region_cropper.py",
    "labels": [
        "position",
        "left_eye",
        "right_eye",
        "left_cheek",
        "right_cheek",
        "nose_base",
        "left_mouth",
        "right_mouth",
        "bottom_mouth"
    ],
    "regions": [
        {
            "label": 0,
            "probability": 0.999,
            "rect": {
                "bottom": 0.28125,
                "left": 0.58203125,
                "right": 0.6796875,
                "top": 0.16015625
            }
        },
        {
            "label": 1,
            "probability": 0.999,
            "rect": {
                "bottom": 0.22482201,
                "left": 0.648303,
                "right": 0.648303,
                "top": 0.22482201
            }
        },
        {
            "label": 6,
            "probability": 0.999,
            "rect": {
                "bottom": 0.25426129,
                "left": 0.6450379,
                "right": 0.6450379,
                "top": 0.25426129
            }
        },
        {
            "label": 8,
            "probability": 0.999,
            "rect": {
                "bottom": 0.2579525,
                "left": 0.63516307,
                "right": 0.63516307,
                "top": 0.2579525
            }
        }
    ]
}