{
    "created_at": "2018-09-06T14:44:57.983292",
    "file_name": "000000066455.jpg",
    "generator": "convert_to_region_cropper.py",
    "labels": [
        "position",
        "left_eye",
        "right_eye",
        "left_cheek",
        "right_cheek",
        "nose_base",
        "left_mouth",
        "right_mouth",
        "bottom_mouth"
    ],
    "regions": [
        {
            "label": 0,
            "probability": 0.999,
            "rect": {
                "bottom": 0.2109375,
                "left": 0.06640625,
                "right": 0.1640625,
                "top": 0.08984375
            }
        },
        {
            "label": 2,
            "probability": 0.999,
            "rect": {
                "bottom": 0.15378226,
                "left": 0.103325896,
                "right": 0.103325896,
                "top": 0.15378226
            }
        },
        {
            "label": 3,
            "probability": 0.999,
            "rect": {
                "bottom": 0.16591312,
                "left": 0.08350521,
                "right": 0.08350521,
                "top": 0.16591312
            }
        },
        {
            "label": 7,
            "probability": 0.999,
            "rect": {
                "bottom": 0.18572411,
                "left": 0.10543963,
                "right": 0.10543963,
                "top": 0.18572411
            }
        }
    ]
}