{
    "created_at": "2018-09-06T14:46:42.905439",
    "file_name": "000000526997.jpg",
    "generator": "convert_to_region_cropper.py",
    "labels": [
        "position",
        "left_eye",
        "right_eye",
        "left_cheek",
        "right_cheek",
        "nose_base",
        "left_mouth",
        "right_mouth",
        "bottom_mouth"
    ],
    "regions": [
        {
            "label": 0,
            "probability": 0.999,
            "rect": {
                "bottom": 0.3046875,
                "left": 0.64453125,
                "right": 0.7421875,
                "top": 0.18359375
            }
        },
        {
            "label": 4,
            "probability": 0.999,
            "rect": {
                "bottom": 0.25731662,
                "left": 0.7253652,
                "right": 0.7253652,
                "top": 0.25731662
            }
        },
        {
            "label": 8,
            "probability": 0.999,
            "rect": {
                "bottom": 0.27934647,
                "left": 0.69152594,
                "right": 0.69152594,
                "top": 0.27934647
            }
        }
    ]
}