{
    "created_at": "2018-09-06T14:45:12.727359",
    "file_name": "000000128316.jpg",
    "generator": "convert_to_region_cropper.py",
    "labels": [
        "position",
        "left_eye",
        "right_eye",
        "left_cheek",
        "right_cheek",
        "nose_base",
        "left_mouth",
        "right_mouth",
        "bottom_mouth"
    ],
    "regions": [
        {
            "label": 0,
            "probability": 0.999,
            "rect": {
                "bottom": 0.2109375,
                "left": 0.265625,
                "right": 0.37890625,
                "top": 0.0703125
            }
        },
        {
            "label": 4,
            "probability": 0.999,
            "rect": {
                "bottom": 0.16627146,
                "left": 0.35054463,
                "right": 0.35054463,
                "top": 0.16627146
            }
        },
        {
            "label": 6,
            "probability": 0.999,
            "rect": {
                "bottom": 0.18500274,
                "left": 0.33967018,
                "right": 0.33967018,
                "top": 0.18500274
            }
        },
        {
            "label": 8,
            "probability": 0.999,
            "rect": {
                "bottom": 0.19488847,
                "left": 0.3275107,
                "right": 0.3275107,
                "top": 0.19488847
            }
        }
    ]
}