{
    "created_at": "2018-09-06T14:45:35.950241",
    "file_name": "000000230223.jpg",
    "generator": "convert_to_region_cropper.py",
    "labels": [
        "position",
        "left_eye",
        "right_eye",
        "left_cheek",
        "right_cheek",
        "nose_base",
        "left_mouth",
        "right_mouth",
        "bottom_mouth"
    ],
    "regions": [
        {
            "label": 0,
            "probability": 0.999,
            "rect": {
                "bottom": 0.43359375,
                "left": 0.42578125,
                "right": 0.515625,
                "top": 0.3203125
            }
        },
        {
            "label": 3,
            "probability": 0.999,
            "rect": {
                "bottom": 0.39009392,
                "left": 0.45065963,
                "right": 0.45065963,
                "top": 0.39009392
            }
        },
        {
            "label": 7,
            "probability": 0.999,
            "rect": {
                "bottom": 0.40575877,
                "left": 0.4533828,
                "right": 0.4533828,
                "top": 0.40575877
            }
        }
    ]
}