{
    "created_at": "2018-09-06T14:45:12.672523",
    "file_name": "000000128265.jpg",
    "generator": "convert_to_region_cropper.py",
    "labels": [
        "position",
        "left_eye",
        "right_eye",
        "left_cheek",
        "right_cheek",
        "nose_base",
        "left_mouth",
        "right_mouth",
        "bottom_mouth"
    ],
    "regions": [
        {
            "label": 0,
            "probability": 0.999,
            "rect": {
                "bottom": 0.4296875,
                "left": 0.11328125,
                "right": 0.23828125,
                "top": 0.26953125
            }
        },
        {
            "label": 1,
            "probability": 0.999,
            "rect": {
                "bottom": 0.35989973,
                "left": 0.19878438,
                "right": 0.19878438,
                "top": 0.35989973
            }
        },
        {
            "label": 4,
            "probability": 0.999,
            "rect": {
                "bottom": 0.37175733,
                "left": 0.21697183,
                "right": 0.21697183,
                "top": 0.37175733
            }
        },
        {
            "label": 5,
            "probability": 0.999,
            "rect": {
                "bottom": 0.3819167,
                "left": 0.17470331,
                "right": 0.17470331,
                "top": 0.3819167
            }
        }
    ]
}