{
    "created_at": "2018-09-06T14:45:02.749100",
    "file_name": "000000086940.jpg",
    "generator": "convert_to_region_cropper.py",
    "labels": [
        "position",
        "left_eye",
        "right_eye",
        "left_cheek",
        "right_cheek",
        "nose_base",
        "left_mouth",
        "right_mouth",
        "bottom_mouth"
    ],
    "regions": [
        {
            "label": 0,
            "probability": 0.999,
            "rect": {
                "bottom": 0.62890625,
                "left": 0.59375,
                "right": 0.8515625,
                "top": 0.3046875
            }
        },
        {
            "label": 2,
            "probability": 0.999,
            "rect": {
                "bottom": 0.48282954,
                "left": 0.6987479,
                "right": 0.6987479,
                "top": 0.48282954
            }
        },
        {
            "label": 3,
            "probability": 0.999,
            "rect": {
                "bottom": 0.51344377,
                "left": 0.6598408,
                "right": 0.6598408,
                "top": 0.51344377
            }
        },
        {
            "label": 7,
            "probability": 0.999,
            "rect": {
                "bottom": 0.54952323,
                "left": 0.70716345,
                "right": 0.70716345,
                "top": 0.54952323
            }
        }
    ]
}