{
    "created_at": "2018-09-06T14:46:38.890636",
    "file_name": "000000510476.jpg",
    "generator": "convert_to_region_cropper.py",
    "labels": [
        "position",
        "left_eye",
        "right_eye",
        "left_cheek",
        "right_cheek",
        "nose_base",
        "left_mouth",
        "right_mouth",
        "bottom_mouth"
    ],
    "regions": [
        {
            "label": 0,
            "probability": 0.999,
            "rect": {
                "bottom": 0.34765625,
                "left": 0.66796875,
                "right": 0.80859375,
                "top": 0.171875
            }
        },
        {
            "label": 1,
            "probability": 0.999,
            "rect": {
                "bottom": 0.26583412,
                "left": 0.7629723,
                "right": 0.7629723,
                "top": 0.26583412
            }
        },
        {
            "label": 4,
            "probability": 0.999,
            "rect": {
                "bottom": 0.28519914,
                "left": 0.7866805,
                "right": 0.7866805,
                "top": 0.28519914
            }
        }
    ]
}