{
    "created_at": "2018-09-06T14:45:15.085244",
    "file_name": "000000138398.jpg",
    "generator": "convert_to_region_cropper.py",
    "labels": [
        "position",
        "left_eye",
        "right_eye",
        "left_cheek",
        "right_cheek",
        "nose_base",
        "left_mouth",
        "right_mouth",
        "bottom_mouth"
    ],
    "regions": [
        {
            "label": 0,
            "probability": 0.999,
            "rect": {
                "bottom": 0.88671875,
                "left": 0.125,
                "right": 0.453125,
                "top": 0.4765625
            }
        },
        {
            "label": 2,
            "probability": 0.999,
            "rect": {
                "bottom": 0.678932,
                "left": 0.2732837,
                "right": 0.2732837,
                "top": 0.678932
            }
        },
        {
            "label": 7,
            "probability": 0.999,
            "rect": {
                "bottom": 0.8053683,
                "left": 0.2344771,
                "right": 0.2344771,
                "top": 0.8053683
            }
        },
        {
            "label": 8,
            "probability": 0.999,
            "rect": {
                "bottom": 0.79995036,
                "left": 0.2951156,
                "right": 0.2951156,
                "top": 0.79995036
            }
        }
    ]
}