{
    "created_at": "2018-09-06T14:45:41.257281",
    "file_name": "000000253905.jpg",
    "generator": "convert_to_region_cropper.py",
    "labels": [
        "position",
        "left_eye",
        "right_eye",
        "left_cheek",
        "right_cheek",
        "nose_base",
        "left_mouth",
        "right_mouth",
        "bottom_mouth"
    ],
    "regions": [
        {
            "label": 0,
            "probability": 0.999,
            "rect": {
                "bottom": 0.41796875,
                "left": 0.39453125,
                "right": 0.49609375,
                "top": 0.29296875
            }
        },
        {
            "label": 3,
            "probability": 0.999,
            "rect": {
                "bottom": 0.38338467,
                "left": 0.42733106,
                "right": 0.42733106,
                "top": 0.38338467
            }
        },
        {
            "label": 8,
            "probability": 0.999,
            "rect": {
                "bottom": 0.41027,
                "left": 0.46148285,
                "right": 0.46148285,
                "top": 0.41027
            }
        }
    ]
}