{
    "created_at": "2018-09-06T14:46:44.867024",
    "file_name": "000000535169.jpg",
    "generator": "convert_to_region_cropper.py",
    "labels": [
        "position",
        "left_eye",
        "right_eye",
        "left_cheek",
        "right_cheek",
        "nose_base",
        "left_mouth",
        "right_mouth",
        "bottom_mouth"
    ],
    "regions": [
        {
            "label": 0,
            "probability": 0.999,
            "rect": {
                "bottom": 0.3515625,
                "left": 0.546875,
                "right": 0.6640625,
                "top": 0.20703125
            }
        },
        {
            "label": 1,
            "probability": 0.999,
            "rect": {
                "bottom": 0.28568706,
                "left": 0.62365294,
                "right": 0.62365294,
                "top": 0.28568706
            }
        },
        {
            "label": 4,
            "probability": 0.999,
            "rect": {
                "bottom": 0.3009071,
                "left": 0.6462843,
                "right": 0.6462843,
                "top": 0.3009071
            }
        },
        {
            "label": 6,
            "probability": 0.999,
            "rect": {
                "bottom": 0.32383126,
                "left": 0.6214088,
                "right": 0.6214088,
                "top": 0.32383126
            }
        }
    ]
}