{
    "created_at": "2018-09-06T14:45:35.373318",
    "file_name": "000000227486.jpg",
    "generator": "convert_to_region_cropper.py",
    "labels": [
        "position",
        "left_eye",
        "right_eye",
        "left_cheek",
        "right_cheek",
        "nose_base",
        "left_mouth",
        "right_mouth",
        "bottom_mouth"
    ],
    "regions": [
        {
            "label": 0,
            "probability": 0.999,
            "rect": {
                "bottom": 0.25,
                "left": 0.6015625,
                "right": 0.71875,
                "top": 0.10546875
            }
        },
        {
            "label": 1,
            "probability": 0.999,
            "rect": {
                "bottom": 0.18613611,
                "left": 0.6834114,
                "right": 0.6834114,
                "top": 0.18613611
            }
        },
        {
            "label": 2,
            "probability": 0.999,
            "rect": {
                "bottom": 0.18705222,
                "left": 0.65031564,
                "right": 0.65031564,
                "top": 0.18705222
            }
        },
        {
            "label": 6,
            "probability": 0.999,
            "rect": {
                "bottom": 0.2178746,
                "left": 0.6787322,
                "right": 0.6787322,
                "top": 0.2178746
            }
        }
    ]
}