{
    "created_at": "2018-09-06T14:46:19.947342",
    "file_name": "000000425124.jpg",
    "generator": "convert_to_region_cropper.py",
    "labels": [
        "position",
        "left_eye",
        "right_eye",
        "left_cheek",
        "right_cheek",
        "nose_base",
        "left_mouth",
        "right_mouth",
        "bottom_mouth"
    ],
    "regions": [
        {
            "label": 0,
            "probability": 0.999,
            "rect": {
                "bottom": 0.58203125,
                "left": 0.2578125,
                "right": 0.421875,
                "top": 0.375
            }
        },
        {
            "label": 2,
            "probability": 0.999,
            "rect": {
                "bottom": 0.48643216,
                "left": 0.33782807,
                "right": 0.33782807,
                "top": 0.48643216
            }
        },
        {
            "label": 3,
            "probability": 0.999,
            "rect": {
                "bottom": 0.48801905,
                "left": 0.3032918,
                "right": 0.3032918,
                "top": 0.48801905
            }
        },
        {
            "label": 5,
            "probability": 0.999,
            "rect": {
                "bottom": 0.5271605,
                "left": 0.33586738,
                "right": 0.33586738,
                "top": 0.5271605
            }
        }
    ]
}