{
    "created_at": "2018-09-06T14:46:22.874554",
    "file_name": "000000436758.jpg",
    "generator": "convert_to_region_cropper.py",
    "labels": [
        "position",
        "left_eye",
        "right_eye",
        "left_cheek",
        "right_cheek",
        "nose_base",
        "left_mouth",
        "right_mouth",
        "bottom_mouth"
    ],
    "regions": [
        {
            "label": 0,
            "probability": 0.999,
            "rect": {
                "bottom": 0.5703125,
                "left": 0.25390625,
                "right": 0.40625,
                "top": 0.38671875
            }
        },
        {
            "label": 2,
            "probability": 0.999,
            "rect": {
                "bottom": 0.48850355,
                "left": 0.29810005,
                "right": 0.29810005,
                "top": 0.48850355
            }
        },
        {
            "label": 3,
            "probability": 0.999,
            "rect": {
                "bottom": 0.50511664,
                "left": 0.27474037,
                "right": 0.27474037,
                "top": 0.50511664
            }
        },
        {
            "label": 7,
            "probability": 0.999,
            "rect": {
                "bottom": 0.5221095,
                "left": 0.2912579,
                "right": 0.2912579,
                "top": 0.5221095
            }
        }
    ]
}