{
    "created_at": "2018-09-06T14:46:26.314885",
    "file_name": "000000452252.jpg",
    "generator": "convert_to_region_cropper.py",
    "labels": [
        "position",
        "left_eye",
        "right_eye",
        "left_cheek",
        "right_cheek",
        "nose_base",
        "left_mouth",
        "right_mouth",
        "bottom_mouth"
    ],
    "regions": [
        {
            "label": 0,
            "probability": 0.999,
            "rect": {
                "bottom": 0.29296875,
                "left": 0.5078125,
                "right": 0.6484375,
                "top": 0.1171875
            }
        },
        {
            "label": 1,
            "probability": 0.999,
            "rect": {
                "bottom": 0.21178737,
                "left": 0.58319753,
                "right": 0.58319753,
                "top": 0.21178737
            }
        },
        {
            "label": 4,
            "probability": 0.999,
            "rect": {
                "bottom": 0.22236386,
                "left": 0.6079145,
                "right": 0.6079145,
                "top": 0.22236386
            }
        },
        {
            "label": 6,
            "probability": 0.999,
            "rect": {
                "bottom": 0.25182173,
                "left": 0.59035444,
                "right": 0.59035444,
                "top": 0.25182173
            }
        }
    ]
}