{
    "created_at": "2018-09-06T14:45:29.737342",
    "file_name": "000000202026.jpg",
    "generator": "convert_to_region_cropper.py",
    "labels": [
        "position",
        "left_eye",
        "right_eye",
        "left_cheek",
        "right_cheek",
        "nose_base",
        "left_mouth",
        "right_mouth",
        "bottom_mouth"
    ],
    "regions": [
        {
            "label": 0,
            "probability": 0.999,
            "rect": {
                "bottom": 0.4375,
                "left": 0.359375,
                "right": 0.51953125,
                "top": 0.23828125
            }
        },
        {
            "label": 1,
            "probability": 0.999,
            "rect": {
                "bottom": 0.34690052,
                "left": 0.46432027,
                "right": 0.46432027,
                "top": 0.34690052
            }
        },
        {
            "label": 4,
            "probability": 0.999,
            "rect": {
                "bottom": 0.37449884,
                "left": 0.4921848,
                "right": 0.4921848,
                "top": 0.37449884
            }
        },
        {
            "label": 5,
            "probability": 0.999,
            "rect": {
                "bottom": 0.3800891,
                "left": 0.4328184,
                "right": 0.4328184,
                "top": 0.3800891
            }
        }
    ]
}