{
    "created_at": "2018-09-06T14:45:50.710295",
    "file_name": "000000296553.jpg",
    "generator": "convert_to_region_cropper.py",
    "labels": [
        "position",
        "left_eye",
        "right_eye",
        "left_cheek",
        "right_cheek",
        "nose_base",
        "left_mouth",
        "right_mouth",
        "bottom_mouth"
    ],
    "regions": [
        {
            "label": 0,
            "probability": 0.999,
            "rect": {
                "bottom": 0.33984375,
                "left": 0.4296875,
                "right": 0.59765625,
                "top": 0.1328125
            }
        },
        {
            "label": 5,
            "probability": 0.999,
            "rect": {
                "bottom": 0.28481522,
                "left": 0.5320869,
                "right": 0.5320869,
                "top": 0.28481522
            }
        },
        {
            "label": 7,
            "probability": 0.999,
            "rect": {
                "bottom": 0.30775064,
                "left": 0.5107761,
                "right": 0.5107761,
                "top": 0.30775064
            }
        },
        {
            "label": 8,
            "probability": 0.999,
            "rect": {
                "bottom": 0.3107543,
                "left": 0.5359622,
                "right": 0.5359622,
                "top": 0.3107543
            }
        }
    ]
}