{
    "created_at": "2018-09-06T14:46:06.303538",
    "file_name": "000000363380.jpg",
    "generator": "convert_to_region_cropper.py",
    "labels": [
        "position",
        "left_eye",
        "right_eye",
        "left_cheek",
        "right_cheek",
        "nose_base",
        "left_mouth",
        "right_mouth",
        "bottom_mouth"
    ],
    "regions": [
        {
            "label": 0,
            "probability": 0.999,
            "rect": {
                "bottom": 0.62109375,
                "left": 0.13671875,
                "right": 0.35546875,
                "top": 0.34765625
            }
        },
        {
            "label": 2,
            "probability": 0.999,
            "rect": {
                "bottom": 0.49497938,
                "left": 0.23085459,
                "right": 0.23085459,
                "top": 0.49497938
            }
        },
        {
            "label": 3,
            "probability": 0.999,
            "rect": {
                "bottom": 0.5207783,
                "left": 0.19103923,
                "right": 0.19103923,
                "top": 0.5207783
            }
        },
        {
            "label": 5,
            "probability": 0.999,
            "rect": {
                "bottom": 0.54103875,
                "left": 0.25611776,
                "right": 0.25611776,
                "top": 0.54103875
            }
        }
    ]
}