{
    "created_at": "2018-09-06T14:45:44.205259",
    "file_name": "000000268660.jpg",
    "generator": "convert_to_region_cropper.py",
    "labels": [
        "position",
        "left_eye",
        "right_eye",
        "left_cheek",
        "right_cheek",
        "nose_base",
        "left_mouth",
        "right_mouth",
        "bottom_mouth"
    ],
    "regions": [
        {
            "label": 0,
            "probability": 0.999,
            "rect": {
                "bottom": 0.359375,
                "left": 0.3828125,
                "right": 0.4765625,
                "top": 0.2421875
            }
        },
        {
            "label": 2,
            "probability": 0.999,
            "rect": {
                "bottom": 0.30491513,
                "left": 0.4212499,
                "right": 0.4212499,
                "top": 0.30491513
            }
        },
        {
            "label": 3,
            "probability": 0.999,
            "rect": {
                "bottom": 0.31130588,
                "left": 0.39948785,
                "right": 0.39948785,
                "top": 0.31130588
            }
        },
        {
            "label": 7,
            "probability": 0.999,
            "rect": {
                "bottom": 0.32956028,
                "left": 0.42315972,
                "right": 0.42315972,
                "top": 0.32956028
            }
        }
    ]
}