{
    "created_at": "2018-09-06T14:44:53.428207",
    "file_name": "000000048757.jpg",
    "generator": "convert_to_region_cropper.py",
    "labels": [
        "position",
        "left_eye",
        "right_eye",
        "left_cheek",
        "right_cheek",
        "nose_base",
        "left_mouth",
        "right_mouth",
        "bottom_mouth"
    ],
    "regions": [
        {
            "label": 0,
            "probability": 0.999,
            "rect": {
                "bottom": 0.26953125,
                "left": 0.44140625,
                "right": 0.56640625,
                "top": 0.109375
            }
        },
        {
            "label": 1,
            "probability": 0.999,
            "rect": {
                "bottom": 0.19739577,
                "left": 0.52346736,
                "right": 0.52346736,
                "top": 0.19739577
            }
        },
        {
            "label": 4,
            "probability": 0.999,
            "rect": {
                "bottom": 0.21401513,
                "left": 0.5469414,
                "right": 0.5469414,
                "top": 0.21401513
            }
        },
        {
            "label": 6,
            "probability": 0.999,
            "rect": {
                "bottom": 0.24321508,
                "left": 0.5189959,
                "right": 0.5189959,
                "top": 0.24321508
            }
        }
    ]
}