{
    "created_at": "2018-09-06T14:45:21.287563",
    "file_name": "000000166954.jpg",
    "generator": "convert_to_region_cropper.py",
    "labels": [
        "position",
        "left_eye",
        "right_eye",
        "left_cheek",
        "right_cheek",
        "nose_base",
        "left_mouth",
        "right_mouth",
        "bottom_mouth"
    ],
    "regions": [
        {
            "label": 0,
            "probability": 0.999,
            "rect": {
                "bottom": 0.48046875,
                "left": 0.59765625,
                "right": 0.7109375,
                "top": 0.33203125
            }
        },
        {
            "label": 2,
            "probability": 0.999,
            "rect": {
                "bottom": 0.41214758,
                "left": 0.6442351,
                "right": 0.6442351,
                "top": 0.41214758
            }
        },
        {
            "label": 7,
            "probability": 0.999,
            "rect": {
                "bottom": 0.44797942,
                "left": 0.6470622,
                "right": 0.6470622,
                "top": 0.44797942
            }
        }
    ]
}