{
    "created_at": "2018-09-06T14:45:33.199606",
    "file_name": "000000217600.jpg",
    "generator": "convert_to_region_cropper.py",
    "labels": [
        "position",
        "left_eye",
        "right_eye",
        "left_cheek",
        "right_cheek",
        "nose_base",
        "left_mouth",
        "right_mouth",
        "bottom_mouth"
    ],
    "regions": [
        {
            "label": 0,
            "probability": 0.999,
            "rect": {
                "bottom": 0.29296875,
                "left": 0.30859375,
                "right": 0.43359375,
                "top": 0.13671875
            }
        },
        {
            "label": 1,
            "probability": 0.999,
            "rect": {
                "bottom": 0.22536844,
                "left": 0.38980323,
                "right": 0.38980323,
                "top": 0.22536844
            }
        },
        {
            "label": 2,
            "probability": 0.999,
            "rect": {
                "bottom": 0.2186898,
                "left": 0.35875115,
                "right": 0.35875115,
                "top": 0.2186898
            }
        },
        {
            "label": 5,
            "probability": 0.999,
            "rect": {
                "bottom": 0.25531372,
                "left": 0.3755724,
                "right": 0.3755724,
                "top": 0.25531372
            }
        }
    ]
}