{
    "created_at": "2018-09-06T14:45:18.385564",
    "file_name": "000000154412.jpg",
    "generator": "convert_to_region_cropper.py",
    "labels": [
        "position",
        "left_eye",
        "right_eye",
        "left_cheek",
        "right_cheek",
        "nose_base",
        "left_mouth",
        "right_mouth",
        "bottom_mouth"
    ],
    "regions": [
        {
            "label": 0,
            "probability": 0.999,
            "rect": {
                "bottom": 0.38671875,
                "left": 0.5703125,
                "right": 0.68359375,
                "top": 0.24609375
            }
        },
        {
            "label": 1,
            "probability": 0.999,
            "rect": {
                "bottom": 0.32245564,
                "left": 0.64267385,
                "right": 0.64267385,
                "top": 0.32245564
            }
        },
        {
            "label": 4,
            "probability": 0.999,
            "rect": {
                "bottom": 0.3315383,
                "left": 0.6633412,
                "right": 0.6633412,
                "top": 0.3315383
            }
        }
    ]
}