{
    "created_at": "2018-09-06T14:46:40.687328",
    "file_name": "000000517627.jpg",
    "generator": "convert_to_region_cropper.py",
    "labels": [
        "position",
        "left_eye",
        "right_eye",
        "left_cheek",
        "right_cheek",
        "nose_base",
        "left_mouth",
        "right_mouth",
        "bottom_mouth"
    ],
    "regions": [
        {
            "label": 0,
            "probability": 0.999,
            "rect": {
                "bottom": 0.5390625,
                "left": 0.35546875,
                "right": 0.45703125,
                "top": 0.4140625
            }
        },
        {
            "label": 2,
            "probability": 0.999,
            "rect": {
                "bottom": 0.48654217,
                "left": 0.40726352,
                "right": 0.40726352,
                "top": 0.48654217
            }
        },
        {
            "label": 7,
            "probability": 0.999,
            "rect": {
                "bottom": 0.5357015,
                "left": 0.40913823,
                "right": 0.40913823,
                "top": 0.5357015
            }
        },
        {
            "label": 8,
            "probability": 0.999,
            "rect": {
                "bottom": 0.54276145,
                "left": 0.4294182,
                "right": 0.4294182,
                "top": 0.54276145
            }
        }
    ]
}