{
    "created_at": "2018-09-06T14:45:23.341466",
    "file_name": "000000176922.jpg",
    "generator": "convert_to_region_cropper.py",
    "labels": [
        "position",
        "left_eye",
        "right_eye",
        "left_cheek",
        "right_cheek",
        "nose_base",
        "left_mouth",
        "right_mouth",
        "bottom_mouth"
    ],
    "regions": [
        {
            "label": 0,
            "probability": 0.999,
            "rect": {
                "bottom": 0.3203125,
                "left": 0.3671875,
                "right": 0.4765625,
                "top": 0.18359375
            }
        },
        {
            "label": 2,
            "probability": 0.999,
            "rect": {
                "bottom": 0.26040086,
                "left": 0.40867427,
                "right": 0.40867427,
                "top": 0.26040086
            }
        },
        {
            "label": 3,
            "probability": 0.999,
            "rect": {
                "bottom": 0.28235337,
                "left": 0.3947037,
                "right": 0.3947037,
                "top": 0.28235337
            }
        },
        {
            "label": 5,
            "probability": 0.999,
            "rect": {
                "bottom": 0.28270662,
                "left": 0.43492818,
                "right": 0.43492818,
                "top": 0.28270662
            }
        }
    ]
}