{
    "created_at": "2018-09-06T14:44:53.834922",
    "file_name": "000000050052.jpg",
    "generator": "convert_to_region_cropper.py",
    "labels": [
        "position",
        "left_eye",
        "right_eye",
        "left_cheek",
        "right_cheek",
        "nose_base",
        "left_mouth",
        "right_mouth",
        "bottom_mouth"
    ],
    "regions": [
        {
            "label": 0,
            "probability": 0.999,
            "rect": {
                "bottom": 0.17578125,
                "left": 0.78125,
                "right": 0.91796875,
                "top": 0.0
            }
        },
        {
            "label": 1,
            "probability": 0.999,
            "rect": {
                "bottom": 0.09068193,
                "left": 0.86217797,
                "right": 0.86217797,
                "top": 0.09068193
            }
        },
        {
            "label": 4,
            "probability": 0.999,
            "rect": {
                "bottom": 0.11508177,
                "left": 0.8816604,
                "right": 0.8816604,
                "top": 0.11508177
            }
        },
        {
            "label": 5,
            "probability": 0.999,
            "rect": {
                "bottom": 0.11533101,
                "left": 0.856865,
                "right": 0.856865,
                "top": 0.11533101
            }
        }
    ]
}