{
    "created_at": "2018-09-06T14:44:55.320975",
    "file_name": "000000056422.jpg",
    "generator": "convert_to_region_cropper.py",
    "labels": [
        "position",
        "left_eye",
        "right_eye",
        "left_cheek",
        "right_cheek",
        "nose_base",
        "left_mouth",
        "right_mouth",
        "bottom_mouth"
    ],
    "regions": [
        {
            "label": 0,
            "probability": 0.999,
            "rect": {
                "bottom": 0.3828125,
                "left": 0.52734375,
                "right": 0.66015625,
                "top": 0.21484375
            }
        },
        {
            "label": 1,
            "probability": 0.999,
            "rect": {
                "bottom": 0.3082523,
                "left": 0.6141722,
                "right": 0.6141722,
                "top": 0.3082523
            }
        },
        {
            "label": 2,
            "probability": 0.999,
            "rect": {
                "bottom": 0.30579075,
                "left": 0.57733345,
                "right": 0.57733345,
                "top": 0.30579075
            }
        }
    ]
}