{
    "created_at": "2018-09-06T14:45:10.696920",
    "file_name": "000000120144.jpg",
    "generator": "convert_to_region_cropper.py",
    "labels": [
        "position",
        "left_eye",
        "right_eye",
        "left_cheek",
        "right_cheek",
        "nose_base",
        "left_mouth",
        "right_mouth",
        "bottom_mouth"
    ],
    "regions": [
        {
            "label": 0,
            "probability": 0.999,
            "rect": {
                "bottom": 0.296875,
                "left": 0.6015625,
                "right": 0.70703125,
                "top": 0.1640625
            }
        },
        {
            "label": 1,
            "probability": 0.999,
            "rect": {
                "bottom": 0.2394999,
                "left": 0.6718488,
                "right": 0.6718488,
                "top": 0.2394999
            }
        },
        {
            "label": 2,
            "probability": 0.999,
            "rect": {
                "bottom": 0.2444107,
                "left": 0.6478537,
                "right": 0.6478537,
                "top": 0.2444107
            }
        },
        {
            "label": 4,
            "probability": 0.999,
            "rect": {
                "bottom": 0.24649142,
                "left": 0.69168884,
                "right": 0.69168884,
                "top": 0.24649142
            }
        }
    ]
}