{
    "created_at": "2018-09-06T14:45:43.932908",
    "file_name": "000000267096.jpg",
    "generator": "convert_to_region_cropper.py",
    "labels": [
        "position",
        "left_eye",
        "right_eye",
        "left_cheek",
        "right_cheek",
        "nose_base",
        "left_mouth",
        "right_mouth",
        "bottom_mouth"
    ],
    "regions": [
        {
            "label": 0,
            "probability": 0.999,
            "rect": {
                "bottom": 0.83203125,
                "left": 0.09375,
                "right": 0.55078125,
                "top": 0.2578125
            }
        },
        {
            "label": 2,
            "probability": 0.999,
            "rect": {
                "bottom": 0.5629595,
                "left": 0.2574976,
                "right": 0.2574976,
                "top": 0.5629595
            }
        },
        {
            "label": 3,
            "probability": 0.999,
            "rect": {
                "bottom": 0.63364565,
                "left": 0.17085813,
                "right": 0.17085813,
                "top": 0.63364565
            }
        },
        {
            "label": 7,
            "probability": 0.999,
            "rect": {
                "bottom": 0.71408653,
                "left": 0.2776081,
                "right": 0.2776081,
                "top": 0.71408653
            }
        }
    ]
}