{
    "created_at": "2018-09-06T14:46:45.665589",
    "file_name": "000000539000.jpg",
    "generator": "convert_to_region_cropper.py",
    "labels": [
        "position",
        "left_eye",
        "right_eye",
        "left_cheek",
        "right_cheek",
        "nose_base",
        "left_mouth",
        "right_mouth",
        "bottom_mouth"
    ],
    "regions": [
        {
            "label": 0,
            "probability": 0.999,
            "rect": {
                "bottom": 0.34375,
                "left": 0.5546875,
                "right": 0.7734375,
                "top": 0.0703125
            }
        },
        {
            "label": 1,
            "probability": 0.999,
            "rect": {
                "bottom": 0.20775722,
                "left": 0.7027258,
                "right": 0.7027258,
                "top": 0.20775722
            }
        },
        {
            "label": 4,
            "probability": 0.999,
            "rect": {
                "bottom": 0.24859574,
                "left": 0.7094652,
                "right": 0.7094652,
                "top": 0.24859574
            }
        },
        {
            "label": 5,
            "probability": 0.999,
            "rect": {
                "bottom": 0.2626643,
                "left": 0.67219603,
                "right": 0.67219603,
                "top": 0.2626643
            }
        }
    ]
}