{
    "created_at": "2018-09-06T14:45:15.049153",
    "file_name": "000000138219.jpg",
    "generator": "convert_to_region_cropper.py",
    "labels": [
        "position",
        "left_eye",
        "right_eye",
        "left_cheek",
        "right_cheek",
        "nose_base",
        "left_mouth",
        "right_mouth",
        "bottom_mouth"
    ],
    "regions": [
        {
            "label": 0,
            "probability": 0.999,
            "rect": {
                "bottom": 0.94921875,
                "left": 0.44921875,
                "right": 0.91796875,
                "top": 0.36328125
            }
        },
        {
            "label": 1,
            "probability": 0.999,
            "rect": {
                "bottom": 0.67558336,
                "left": 0.7540203,
                "right": 0.7540203,
                "top": 0.67558336
            }
        },
        {
            "label": 4,
            "probability": 0.999,
            "rect": {
                "bottom": 0.7364511,
                "left": 0.8525979,
                "right": 0.8525979,
                "top": 0.7364511
            }
        },
        {
            "label": 6,
            "probability": 0.999,
            "rect": {
                "bottom": 0.8178107,
                "left": 0.7287883,
                "right": 0.7287883,
                "top": 0.8178107
            }
        }
    ]
}