{
    "created_at": "2018-09-06T14:45:06.939434",
    "file_name": "000000104813.jpg",
    "generator": "convert_to_region_cropper.py",
    "labels": [
        "position",
        "left_eye",
        "right_eye",
        "left_cheek",
        "right_cheek",
        "nose_base",
        "left_mouth",
        "right_mouth",
        "bottom_mouth"
    ],
    "regions": [
        {
            "label": 0,
            "probability": 0.999,
            "rect": {
                "bottom": 0.390625,
                "left": 0.57421875,
                "right": 0.80078125,
                "top": 0.10546875
            }
        },
        {
            "label": 1,
            "probability": 0.999,
            "rect": {
                "bottom": 0.25294298,
                "left": 0.72852033,
                "right": 0.72852033,
                "top": 0.25294298
            }
        },
        {
            "label": 4,
            "probability": 0.999,
            "rect": {
                "bottom": 0.307765,
                "left": 0.75342226,
                "right": 0.75342226,
                "top": 0.307765
            }
        }
    ]
}