{
    "created_at": "2018-09-06T14:45:34.514744",
    "file_name": "000000223778.jpg",
    "generator": "convert_to_region_cropper.py",
    "labels": [
        "position",
        "left_eye",
        "right_eye",
        "left_cheek",
        "right_cheek",
        "nose_base",
        "left_mouth",
        "right_mouth",
        "bottom_mouth"
    ],
    "regions": [
        {
            "label": 0,
            "probability": 0.999,
            "rect": {
                "bottom": 0.33984375,
                "left": 0.390625,
                "right": 0.484375,
                "top": 0.22265625
            }
        },
        {
            "label": 1,
            "probability": 0.999,
            "rect": {
                "bottom": 0.28940898,
                "left": 0.4532328,
                "right": 0.4532328,
                "top": 0.28940898
            }
        },
        {
            "label": 3,
            "probability": 0.999,
            "rect": {
                "bottom": 0.29930726,
                "left": 0.41807336,
                "right": 0.41807336,
                "top": 0.29930726
            }
        },
        {
            "label": 4,
            "probability": 0.999,
            "rect": {
                "bottom": 0.30546275,
                "left": 0.45290625,
                "right": 0.45290625,
                "top": 0.30546275
            }
        }
    ]
}