{
    "created_at": "2018-09-06T14:46:04.792982",
    "file_name": "000000357201.jpg",
    "generator": "convert_to_region_cropper.py",
    "labels": [
        "position",
        "left_eye",
        "right_eye",
        "left_cheek",
        "right_cheek",
        "nose_base",
        "left_mouth",
        "right_mouth",
        "bottom_mouth"
    ],
    "regions": [
        {
            "label": 0,
            "probability": 0.999,
            "rect": {
                "bottom": 0.30859375,
                "left": 0.68359375,
                "right": 0.8125,
                "top": 0.1484375
            }
        },
        {
            "label": 1,
            "probability": 0.999,
            "rect": {
                "bottom": 0.23719113,
                "left": 0.75797236,
                "right": 0.75797236,
                "top": 0.23719113
            }
        },
        {
            "label": 4,
            "probability": 0.999,
            "rect": {
                "bottom": 0.2542879,
                "left": 0.7780024,
                "right": 0.7780024,
                "top": 0.2542879
            }
        },
        {
            "label": 6,
            "probability": 0.999,
            "rect": {
                "bottom": 0.27892038,
                "left": 0.751835,
                "right": 0.751835,
                "top": 0.27892038
            }
        }
    ]
}