{
    "created_at": "2018-09-06T14:45:20.350228",
    "file_name": "000000162947.jpg",
    "generator": "convert_to_region_cropper.py",
    "labels": [
        "position",
        "left_eye",
        "right_eye",
        "left_cheek",
        "right_cheek",
        "nose_base",
        "left_mouth",
        "right_mouth",
        "bottom_mouth"
    ],
    "regions": [
        {
            "label": 0,
            "probability": 0.999,
            "rect": {
                "bottom": 0.5234375,
                "left": 0.15625,
                "right": 0.26171875,
                "top": 0.38671875
            }
        },
        {
            "label": 2,
            "probability": 0.999,
            "rect": {
                "bottom": 0.46244195,
                "left": 0.19491784,
                "right": 0.19491784,
                "top": 0.46244195
            }
        },
        {
            "label": 3,
            "probability": 0.999,
            "rect": {
                "bottom": 0.4719716,
                "left": 0.17174911,
                "right": 0.17174911,
                "top": 0.4719716
            }
        }
    ]
}