{
    "created_at": "2018-09-06T14:46:04.347119",
    "file_name": "000000354969.jpg",
    "generator": "convert_to_region_cropper.py",
    "labels": [
        "position",
        "left_eye",
        "right_eye",
        "left_cheek",
        "right_cheek",
        "nose_base",
        "left_mouth",
        "right_mouth",
        "bottom_mouth"
    ],
    "regions": [
        {
            "label": 0,
            "probability": 0.999,
            "rect": {
                "bottom": 0.19921875,
                "left": 0.42578125,
                "right": 0.5546875,
                "top": 0.03125
            }
        },
        {
            "label": 1,
            "probability": 0.999,
            "rect": {
                "bottom": 0.12412048,
                "left": 0.51234615,
                "right": 0.51234615,
                "top": 0.12412048
            }
        },
        {
            "label": 2,
            "probability": 0.999,
            "rect": {
                "bottom": 0.122533426,
                "left": 0.47556576,
                "right": 0.47556576,
                "top": 0.122533426
            }
        }
    ]
}