{
    "created_at": "2018-09-06T14:45:14.810554",
    "file_name": "000000136649.jpg",
    "generator": "convert_to_region_cropper.py",
    "labels": [
        "position",
        "left_eye",
        "right_eye",
        "left_cheek",
        "right_cheek",
        "nose_base",
        "left_mouth",
        "right_mouth",
        "bottom_mouth"
    ],
    "regions": [
        {
            "label": 0,
            "probability": 0.999,
            "rect": {
                "bottom": 0.5234375,
                "left": 0.2734375,
                "right": 0.7109375,
                "top": 0.0
            }
        },
        {
            "label": 2,
            "probability": 0.999,
            "rect": {
                "bottom": 0.2606506,
                "left": 0.4475688,
                "right": 0.4475688,
                "top": 0.2606506
            }
        },
        {
            "label": 3,
            "probability": 0.999,
            "rect": {
                "bottom": 0.31181797,
                "left": 0.34051493,
                "right": 0.34051493,
                "top": 0.31181797
            }
        },
        {
            "label": 7,
            "probability": 0.999,
            "rect": {
                "bottom": 0.41116363,
                "left": 0.40795738,
                "right": 0.40795738,
                "top": 0.41116363
            }
        }
    ]
}