{
    "created_at": "2018-09-06T14:45:01.998407",
    "file_name": "000000083969.jpg",
    "generator": "convert_to_region_cropper.py",
    "labels": [
        "position",
        "left_eye",
        "right_eye",
        "left_cheek",
        "right_cheek",
        "nose_base",
        "left_mouth",
        "right_mouth",
        "bottom_mouth"
    ],
    "regions": [
        {
            "label": 0,
            "probability": 0.999,
            "rect": {
                "bottom": 0.6484375,
                "left": 0.42578125,
                "right": 0.5625,
                "top": 0.48046875
            }
        },
        {
            "label": 3,
            "probability": 0.999,
            "rect": {
                "bottom": 0.5836752,
                "left": 0.45225134,
                "right": 0.45225134,
                "top": 0.5836752
            }
        },
        {
            "label": 5,
            "probability": 0.999,
            "rect": {
                "bottom": 0.6047379,
                "left": 0.49542105,
                "right": 0.49542105,
                "top": 0.6047379
            }
        },
        {
            "label": 7,
            "probability": 0.999,
            "rect": {
                "bottom": 0.6113074,
                "left": 0.49211168,
                "right": 0.49211168,
                "top": 0.6113074
            }
        }
    ]
}