{
    "created_at": "2018-09-06T14:45:03.840591",
    "file_name": "000000092022.jpg",
    "generator": "convert_to_region_cropper.py",
    "labels": [
        "position",
        "left_eye",
        "right_eye",
        "left_cheek",
        "right_cheek",
        "nose_base",
        "left_mouth",
        "right_mouth",
        "bottom_mouth"
    ],
    "regions": [
        {
            "label": 0,
            "probability": 0.999,
            "rect": {
                "bottom": 0.46875,
                "left": 0.66015625,
                "right": 0.765625,
                "top": 0.3359375
            }
        },
        {
            "label": 1,
            "probability": 0.999,
            "rect": {
                "bottom": 0.4027997,
                "left": 0.7292663,
                "right": 0.7292663,
                "top": 0.4027997
            }
        },
        {
            "label": 4,
            "probability": 0.999,
            "rect": {
                "bottom": 0.41908768,
                "left": 0.73630184,
                "right": 0.73630184,
                "top": 0.41908768
            }
        },
        {
            "label": 6,
            "probability": 0.999,
            "rect": {
                "bottom": 0.43469682,
                "left": 0.73367023,
                "right": 0.73367023,
                "top": 0.43469682
            }
        }
    ]
}