{
    "created_at": "2018-09-06T14:46:40.109869",
    "file_name": "000000515414.jpg",
    "generator": "convert_to_region_cropper.py",
    "labels": [
        "position",
        "left_eye",
        "right_eye",
        "left_cheek",
        "right_cheek",
        "nose_base",
        "left_mouth",
        "right_mouth",
        "bottom_mouth"
    ],
    "regions": [
        {
            "label": 0,
            "probability": 0.999,
            "rect": {
                "bottom": 0.32421875,
                "left": 0.44140625,
                "right": 0.55078125,
                "top": 0.19140625
            }
        },
        {
            "label": 2,
            "probability": 0.999,
            "rect": {
                "bottom": 0.26484072,
                "left": 0.4784078,
                "right": 0.4784078,
                "top": 0.26484072
            }
        },
        {
            "label": 7,
            "probability": 0.999,
            "rect": {
                "bottom": 0.29598212,
                "left": 0.47290578,
                "right": 0.47290578,
                "top": 0.29598212
            }
        }
    ]
}