{
    "created_at": "2018-09-06T14:46:05.771426",
    "file_name": "000000361228.jpg",
    "generator": "convert_to_region_cropper.py",
    "labels": [
        "position",
        "left_eye",
        "right_eye",
        "left_cheek",
        "right_cheek",
        "nose_base",
        "left_mouth",
        "right_mouth",
        "bottom_mouth"
    ],
    "regions": [
        {
            "label": 0,
            "probability": 0.999,
            "rect": {
                "bottom": 0.2109375,
                "left": 0.65625,
                "right": 0.7578125,
                "top": 0.08203125
            }
        },
        {
            "label": 1,
            "probability": 0.999,
            "rect": {
                "bottom": 0.15647185,
                "left": 0.73294157,
                "right": 0.73294157,
                "top": 0.15647185
            }
        },
        {
            "label": 2,
            "probability": 0.999,
            "rect": {
                "bottom": 0.14915545,
                "left": 0.69930893,
                "right": 0.69930893,
                "top": 0.14915545
            }
        },
        {
            "label": 4,
            "probability": 0.999,
            "rect": {
                "bottom": 0.16881225,
                "left": 0.73438483,
                "right": 0.73438483,
                "top": 0.16881225
            }
        }
    ]
}