{
    "created_at": "2018-09-06T14:44:59.763711",
    "file_name": "000000074045.jpg",
    "generator": "convert_to_region_cropper.py",
    "labels": [
        "position",
        "left_eye",
        "right_eye",
        "left_cheek",
        "right_cheek",
        "nose_base",
        "left_mouth",
        "right_mouth",
        "bottom_mouth"
    ],
    "regions": [
        {
            "label": 0,
            "probability": 0.999,
            "rect": {
                "bottom": 0.390625,
                "left": 0.54296875,
                "right": 0.65234375,
                "top": 0.25
            }
        },
        {
            "label": 1,
            "probability": 0.999,
            "rect": {
                "bottom": 0.32603756,
                "left": 0.6162232,
                "right": 0.6162232,
                "top": 0.32603756
            }
        },
        {
            "label": 6,
            "probability": 0.999,
            "rect": {
                "bottom": 0.3590062,
                "left": 0.6171863,
                "right": 0.6171863,
                "top": 0.3590062
            }
        },
        {
            "label": 8,
            "probability": 0.999,
            "rect": {
                "bottom": 0.35904402,
                "left": 0.6003578,
                "right": 0.6003578,
                "top": 0.35904402
            }
        }
    ]
}