{
    "created_at": "2018-09-06T14:44:52.977271",
    "file_name": "000000047160.jpg",
    "generator": "convert_to_region_cropper.py",
    "labels": [
        "position",
        "left_eye",
        "right_eye",
        "left_cheek",
        "right_cheek",
        "nose_base",
        "left_mouth",
        "right_mouth",
        "bottom_mouth"
    ],
    "regions": [
        {
            "label": 0,
            "probability": 0.999,
            "rect": {
                "bottom": 0.3125,
                "left": 0.42578125,
                "right": 0.56640625,
                "top": 0.13671875
            }
        },
        {
            "label": 1,
            "probability": 0.999,
            "rect": {
                "bottom": 0.23504837,
                "left": 0.5065444,
                "right": 0.5065444,
                "top": 0.23504837
            }
        },
        {
            "label": 6,
            "probability": 0.999,
            "rect": {
                "bottom": 0.27293202,
                "left": 0.5151157,
                "right": 0.5151157,
                "top": 0.27293202
            }
        },
        {
            "label": 8,
            "probability": 0.999,
            "rect": {
                "bottom": 0.2836839,
                "left": 0.49399766,
                "right": 0.49399766,
                "top": 0.2836839
            }
        }
    ]
}