{
    "created_at": "2018-09-06T14:45:08.120534",
    "file_name": "000000110039.jpg",
    "generator": "convert_to_region_cropper.py",
    "labels": [
        "position",
        "left_eye",
        "right_eye",
        "left_cheek",
        "right_cheek",
        "nose_base",
        "left_mouth",
        "right_mouth",
        "bottom_mouth"
    ],
    "regions": [
        {
            "label": 0,
            "probability": 0.999,
            "rect": {
                "bottom": 0.35546875,
                "left": 0.46875,
                "right": 0.6015625,
                "top": 0.1875
            }
        },
        {
            "label": 1,
            "probability": 0.999,
            "rect": {
                "bottom": 0.28340176,
                "left": 0.55736536,
                "right": 0.55736536,
                "top": 0.28340176
            }
        },
        {
            "label": 4,
            "probability": 0.999,
            "rect": {
                "bottom": 0.30388194,
                "left": 0.5642316,
                "right": 0.5642316,
                "top": 0.30388194
            }
        },
        {
            "label": 6,
            "probability": 0.999,
            "rect": {
                "bottom": 0.32854348,
                "left": 0.5584664,
                "right": 0.5584664,
                "top": 0.32854348
            }
        }
    ]
}