{
    "created_at": "2018-09-06T14:45:44.894915",
    "file_name": "000000271100.jpg",
    "generator": "convert_to_region_cropper.py",
    "labels": [
        "position",
        "left_eye",
        "right_eye",
        "left_cheek",
        "right_cheek",
        "nose_base",
        "left_mouth",
        "right_mouth",
        "bottom_mouth"
    ],
    "regions": [
        {
            "label": 0,
            "probability": 0.999,
            "rect": {
                "bottom": 0.58203125,
                "left": 0.3125,
                "right": 0.41015625,
                "top": 0.45703125
            }
        },
        {
            "label": 1,
            "probability": 0.999,
            "rect": {
                "bottom": 0.5240307,
                "left": 0.38048792,
                "right": 0.38048792,
                "top": 0.5240307
            }
        },
        {
            "label": 4,
            "probability": 0.999,
            "rect": {
                "bottom": 0.5370554,
                "left": 0.395698,
                "right": 0.395698,
                "top": 0.5370554
            }
        },
        {
            "label": 6,
            "probability": 0.999,
            "rect": {
                "bottom": 0.5598082,
                "left": 0.3743978,
                "right": 0.3743978,
                "top": 0.5598082
            }
        }
    ]
}