{
    "created_at": "2018-09-06T14:45:18.581004",
    "file_name": "000000155473.jpg",
    "generator": "convert_to_region_cropper.py",
    "labels": [
        "position",
        "left_eye",
        "right_eye",
        "left_cheek",
        "right_cheek",
        "nose_base",
        "left_mouth",
        "right_mouth",
        "bottom_mouth"
    ],
    "regions": [
        {
            "label": 0,
            "probability": 0.999,
            "rect": {
                "bottom": 0.26171875,
                "left": 0.640625,
                "right": 0.73828125,
                "top": 0.13671875
            }
        },
        {
            "label": 1,
            "probability": 0.999,
            "rect": {
                "bottom": 0.20213598,
                "left": 0.7096326,
                "right": 0.7096326,
                "top": 0.20213598
            }
        },
        {
            "label": 4,
            "probability": 0.999,
            "rect": {
                "bottom": 0.20963708,
                "left": 0.7177445,
                "right": 0.7177445,
                "top": 0.20963708
            }
        }
    ]
}