{
    "created_at": "2018-09-06T14:44:54.394553",
    "file_name": "000000052504.jpg",
    "generator": "convert_to_region_cropper.py",
    "labels": [
        "position",
        "left_eye",
        "right_eye",
        "left_cheek",
        "right_cheek",
        "nose_base",
        "left_mouth",
        "right_mouth",
        "bottom_mouth"
    ],
    "regions": [
        {
            "label": 0,
            "probability": 0.999,
            "rect": {
                "bottom": 0.4140625,
                "left": 0.45703125,
                "right": 0.546875,
                "top": 0.30078125
            }
        },
        {
            "label": 1,
            "probability": 0.999,
            "rect": {
                "bottom": 0.36271203,
                "left": 0.51730543,
                "right": 0.51730543,
                "top": 0.36271203
            }
        },
        {
            "label": 2,
            "probability": 0.999,
            "rect": {
                "bottom": 0.35809574,
                "left": 0.4862297,
                "right": 0.4862297,
                "top": 0.35809574
            }
        },
        {
            "label": 4,
            "probability": 0.999,
            "rect": {
                "bottom": 0.37899432,
                "left": 0.5165823,
                "right": 0.5165823,
                "top": 0.37899432
            }
        }
    ]
}