{
    "created_at": "2018-09-06T14:45:45.559619",
    "file_name": "000000274354.jpg",
    "generator": "convert_to_region_cropper.py",
    "labels": [
        "position",
        "left_eye",
        "right_eye",
        "left_cheek",
        "right_cheek",
        "nose_base",
        "left_mouth",
        "right_mouth",
        "bottom_mouth"
    ],
    "regions": [
        {
            "label": 0,
            "probability": 0.999,
            "rect": {
                "bottom": 0.41015625,
                "left": 0.3125,
                "right": 0.40234375,
                "top": 0.29296875
            }
        },
        {
            "label": 2,
            "probability": 0.999,
            "rect": {
                "bottom": 0.35877195,
                "left": 0.3475576,
                "right": 0.3475576,
                "top": 0.35877195
            }
        },
        {
            "label": 3,
            "probability": 0.999,
            "rect": {
                "bottom": 0.36724648,
                "left": 0.32582882,
                "right": 0.32582882,
                "top": 0.36724648
            }
        }
    ]
}