{
    "created_at": "2018-09-06T14:45:53.418733",
    "file_name": "000000308271.jpg",
    "generator": "convert_to_region_cropper.py",
    "labels": [
        "position",
        "left_eye",
        "right_eye",
        "left_cheek",
        "right_cheek",
        "nose_base",
        "left_mouth",
        "right_mouth",
        "bottom_mouth"
    ],
    "regions": [
        {
            "label": 0,
            "probability": 0.999,
            "rect": {
                "bottom": 0.328125,
                "left": 0.56640625,
                "right": 0.68359375,
                "top": 0.1796875
            }
        },
        {
            "label": 1,
            "probability": 0.999,
            "rect": {
                "bottom": 0.25859365,
                "left": 0.64133227,
                "right": 0.64133227,
                "top": 0.25859365
            }
        },
        {
            "label": 4,
            "probability": 0.999,
            "rect": {
                "bottom": 0.2688124,
                "left": 0.66218233,
                "right": 0.66218233,
                "top": 0.2688124
            }
        },
        {
            "label": 6,
            "probability": 0.999,
            "rect": {
                "bottom": 0.29891703,
                "left": 0.6409843,
                "right": 0.6409843,
                "top": 0.29891703
            }
        }
    ]
}