{
    "created_at": "2018-09-06T14:45:32.783120",
    "file_name": "000000216090.jpg",
    "generator": "convert_to_region_cropper.py",
    "labels": [
        "position",
        "left_eye",
        "right_eye",
        "left_cheek",
        "right_cheek",
        "nose_base",
        "left_mouth",
        "right_mouth",
        "bottom_mouth"
    ],
    "regions": [
        {
            "label": 0,
            "probability": 0.999,
            "rect": {
                "bottom": 0.44140625,
                "left": 0.6796875,
                "right": 0.828125,
                "top": 0.25390625
            }
        },
        {
            "label": 5,
            "probability": 0.999,
            "rect": {
                "bottom": 0.38759488,
                "left": 0.7500504,
                "right": 0.7500504,
                "top": 0.38759488
            }
        },
        {
            "label": 6,
            "probability": 0.999,
            "rect": {
                "bottom": 0.39950404,
                "left": 0.77739596,
                "right": 0.77739596,
                "top": 0.39950404
            }
        },
        {
            "label": 8,
            "probability": 0.999,
            "rect": {
                "bottom": 0.411082,
                "left": 0.7482226,
                "right": 0.7482226,
                "top": 0.411082
            }
        }
    ]
}