{
    "created_at": "2018-09-06T14:45:20.557161",
    "file_name": "000000163609.jpg",
    "generator": "convert_to_region_cropper.py",
    "labels": [
        "position",
        "left_eye",
        "right_eye",
        "left_cheek",
        "right_cheek",
        "nose_base",
        "left_mouth",
        "right_mouth",
        "bottom_mouth"
    ],
    "regions": [
        {
            "label": 0,
            "probability": 0.999,
            "rect": {
                "bottom": 0.37890625,
                "left": 0.67578125,
                "right": 0.78125,
                "top": 0.24609375
            }
        },
        {
            "label": 1,
            "probability": 0.999,
            "rect": {
                "bottom": 0.31974274,
                "left": 0.7412749,
                "right": 0.7412749,
                "top": 0.31974274
            }
        },
        {
            "label": 4,
            "probability": 0.999,
            "rect": {
                "bottom": 0.3269142,
                "left": 0.761485,
                "right": 0.761485,
                "top": 0.3269142
            }
        },
        {
            "label": 5,
            "probability": 0.999,
            "rect": {
                "bottom": 0.34317824,
                "left": 0.74056184,
                "right": 0.74056184,
                "top": 0.34317824
            }
        }
    ]
}