{
    "created_at": "2018-09-06T14:45:22.857535",
    "file_name": "000000174762.jpg",
    "generator": "convert_to_region_cropper.py",
    "labels": [
        "position",
        "left_eye",
        "right_eye",
        "left_cheek",
        "right_cheek",
        "nose_base",
        "left_mouth",
        "right_mouth",
        "bottom_mouth"
    ],
    "regions": [
        {
            "label": 0,
            "probability": 0.999,
            "rect": {
                "bottom": 0.5078125,
                "left": 0.46875,
                "right": 0.56640625,
                "top": 0.38671875
            }
        },
        {
            "label": 1,
            "probability": 0.999,
            "rect": {
                "bottom": 0.45905325,
                "left": 0.53964955,
                "right": 0.53964955,
                "top": 0.45905325
            }
        },
        {
            "label": 3,
            "probability": 0.999,
            "rect": {
                "bottom": 0.46983585,
                "left": 0.50383186,
                "right": 0.50383186,
                "top": 0.46983585
            }
        },
        {
            "label": 4,
            "probability": 0.999,
            "rect": {
                "bottom": 0.47138485,
                "left": 0.53904164,
                "right": 0.53904164,
                "top": 0.47138485
            }
        }
    ]
}