{
    "created_at": "2018-09-06T14:45:19.287130",
    "file_name": "000000158218.jpg",
    "generator": "convert_to_region_cropper.py",
    "labels": [
        "position",
        "left_eye",
        "right_eye",
        "left_cheek",
        "right_cheek",
        "nose_base",
        "left_mouth",
        "right_mouth",
        "bottom_mouth"
    ],
    "regions": [
        {
            "label": 0,
            "probability": 0.999,
            "rect": {
                "bottom": 0.2578125,
                "left": 0.62890625,
                "right": 0.7890625,
                "top": 0.05859375
            }
        },
        {
            "label": 2,
            "probability": 0.999,
            "rect": {
                "bottom": 0.17004594,
                "left": 0.69447744,
                "right": 0.69447744,
                "top": 0.17004594
            }
        },
        {
            "label": 3,
            "probability": 0.999,
            "rect": {
                "bottom": 0.16590013,
                "left": 0.67256445,
                "right": 0.67256445,
                "top": 0.16590013
            }
        },
        {
            "label": 7,
            "probability": 0.999,
            "rect": {
                "bottom": 0.21890774,
                "left": 0.6822615,
                "right": 0.6822615,
                "top": 0.21890774
            }
        }
    ]
}