{
    "created_at": "2018-09-06T14:46:54.427797",
    "file_name": "000000577773.jpg",
    "generator": "convert_to_region_cropper.py",
    "labels": [
        "position",
        "left_eye",
        "right_eye",
        "left_cheek",
        "right_cheek",
        "nose_base",
        "left_mouth",
        "right_mouth",
        "bottom_mouth"
    ],
    "regions": [
        {
            "label": 0,
            "probability": 0.999,
            "rect": {
                "bottom": 0.296875,
                "left": 0.19140625,
                "right": 0.296875,
                "top": 0.16796875
            }
        },
        {
            "label": 2,
            "probability": 0.999,
            "rect": {
                "bottom": 0.23770925,
                "left": 0.24320024,
                "right": 0.24320024,
                "top": 0.23770925
            }
        },
        {
            "label": 3,
            "probability": 0.999,
            "rect": {
                "bottom": 0.24649663,
                "left": 0.22560151,
                "right": 0.22560151,
                "top": 0.24649663
            }
        },
        {
            "label": 5,
            "probability": 0.999,
            "rect": {
                "bottom": 0.26167852,
                "left": 0.24658656,
                "right": 0.24658656,
                "top": 0.26167852
            }
        }
    ]
}