{
    "created_at": "2018-09-06T14:45:30.086593",
    "file_name": "000000203915.jpg",
    "generator": "convert_to_region_cropper.py",
    "labels": [
        "position",
        "left_eye",
        "right_eye",
        "left_cheek",
        "right_cheek",
        "nose_base",
        "left_mouth",
        "right_mouth",
        "bottom_mouth"
    ],
    "regions": [
        {
            "label": 0,
            "probability": 0.999,
            "rect": {
                "bottom": 0.23828125,
                "left": 0.14453125,
                "right": 0.28125,
                "top": 0.06640625
            }
        },
        {
            "label": 5,
            "probability": 0.999,
            "rect": {
                "bottom": 0.18567902,
                "left": 0.21502945,
                "right": 0.21502945,
                "top": 0.18567902
            }
        },
        {
            "label": 7,
            "probability": 0.999,
            "rect": {
                "bottom": 0.22083537,
                "left": 0.19864407,
                "right": 0.19864407,
                "top": 0.22083537
            }
        }
    ]
}