{
    "created_at": "2018-09-06T14:45:21.012620",
    "file_name": "000000165860.jpg",
    "generator": "convert_to_region_cropper.py",
    "labels": [
        "position",
        "left_eye",
        "right_eye",
        "left_cheek",
        "right_cheek",
        "nose_base",
        "left_mouth",
        "right_mouth",
        "bottom_mouth"
    ],
    "regions": [
        {
            "label": 0,
            "probability": 0.999,
            "rect": {
                "bottom": 0.5546875,
                "left": 0.25390625,
                "right": 0.59765625,
                "top": 0.12109375
            }
        },
        {
            "label": 1,
            "probability": 0.999,
            "rect": {
                "bottom": 0.34158307,
                "left": 0.4734545,
                "right": 0.4734545,
                "top": 0.34158307
            }
        },
        {
            "label": 4,
            "probability": 0.999,
            "rect": {
                "bottom": 0.37304312,
                "left": 0.5420968,
                "right": 0.5420968,
                "top": 0.37304312
            }
        },
        {
            "label": 6,
            "probability": 0.999,
            "rect": {
                "bottom": 0.451054,
                "left": 0.48835608,
                "right": 0.48835608,
                "top": 0.451054
            }
        }
    ]
}