{
    "created_at": "2018-09-06T14:44:58.793617",
    "file_name": "000000069819.jpg",
    "generator": "convert_to_region_cropper.py",
    "labels": [
        "position",
        "left_eye",
        "right_eye",
        "left_cheek",
        "right_cheek",
        "nose_base",
        "left_mouth",
        "right_mouth",
        "bottom_mouth"
    ],
    "regions": [
        {
            "label": 0,
            "probability": 0.999,
            "rect": {
                "bottom": 0.20703125,
                "left": 0.0859375,
                "right": 0.171875,
                "top": 0.09765625
            }
        },
        {
            "label": 0,
            "probability": 0.999,
            "rect": {
                "bottom": 0.41796875,
                "left": 0.16015625,
                "right": 0.25390625,
                "top": 0.30078125
            }
        },
        {
            "label": 0,
            "probability": 0.999,
            "rect": {
                "bottom": 0.42578125,
                "left": 0.6953125,
                "right": 0.78515625,
                "top": 0.31640625
            }
        }
    ]
}