{
    "created_at": "2018-09-06T14:46:01.727358",
    "file_name": "000000343973.jpg",
    "generator": "convert_to_region_cropper.py",
    "labels": [
        "position",
        "left_eye",
        "right_eye",
        "left_cheek",
        "right_cheek",
        "nose_base",
        "left_mouth",
        "right_mouth",
        "bottom_mouth"
    ],
    "regions": [
        {
            "label": 0,
            "probability": 0.999,
            "rect": {
                "bottom": 0.3046875,
                "left": 0.31640625,
                "right": 0.54296875,
                "top": 0.0234375
            }
        },
        {
            "label": 1,
            "probability": 0.999,
            "rect": {
                "bottom": 0.17817675,
                "left": 0.44307184,
                "right": 0.44307184,
                "top": 0.17817675
            }
        },
        {
            "label": 4,
            "probability": 0.999,
            "rect": {
                "bottom": 0.18941814,
                "left": 0.5159466,
                "right": 0.5159466,
                "top": 0.18941814
            }
        },
        {
            "label": 6,
            "probability": 0.999,
            "rect": {
                "bottom": 0.24306986,
                "left": 0.44557792,
                "right": 0.44557792,
                "top": 0.24306986
            }
        }
    ]
}