{
    "created_at": "2018-09-06T14:46:04.613991",
    "file_name": "000000356524.jpg",
    "generator": "convert_to_region_cropper.py",
    "labels": [
        "position",
        "left_eye",
        "right_eye",
        "left_cheek",
        "right_cheek",
        "nose_base",
        "left_mouth",
        "right_mouth",
        "bottom_mouth"
    ],
    "regions": [
        {
            "label": 0,
            "probability": 0.999,
            "rect": {
                "bottom": 0.546875,
                "left": 0.6796875,
                "right": 0.78515625,
                "top": 0.4140625
            }
        },
        {
            "label": 4,
            "probability": 0.999,
            "rect": {
                "bottom": 0.5066951,
                "left": 0.7825828,
                "right": 0.7825828,
                "top": 0.5066951
            }
        },
        {
            "label": 0,
            "probability": 0.999,
            "rect": {
                "bottom": 0.5625,
                "left": 0.828125,
                "right": 0.921875,
                "top": 0.4453125
            }
        },
        {
            "label": 4,
            "probability": 0.999,
            "rect": {
                "bottom": 0.5261168,
                "left": 0.89309734,
                "right": 0.89309734,
                "top": 0.5261168
            }
        }
    ]
}