{
    "created_at": "2018-09-06T14:45:29.314166",
    "file_name": "000000200450.jpg",
    "generator": "convert_to_region_cropper.py",
    "labels": [
        "position",
        "left_eye",
        "right_eye",
        "left_cheek",
        "right_cheek",
        "nose_base",
        "left_mouth",
        "right_mouth",
        "bottom_mouth"
    ],
    "regions": [
        {
            "label": 0,
            "probability": 0.999,
            "rect": {
                "bottom": 0.17578125,
                "left": 0.671875,
                "right": 0.77734375,
                "top": 0.04296875
            }
        },
        {
            "label": 1,
            "probability": 0.999,
            "rect": {
                "bottom": 0.116602026,
                "left": 0.7385526,
                "right": 0.7385526,
                "top": 0.116602026
            }
        },
        {
            "label": 2,
            "probability": 0.999,
            "rect": {
                "bottom": 0.10982232,
                "left": 0.7102473,
                "right": 0.7102473,
                "top": 0.10982232
            }
        },
        {
            "label": 4,
            "probability": 0.999,
            "rect": {
                "bottom": 0.13171086,
                "left": 0.75414175,
                "right": 0.75414175,
                "top": 0.13171086
            }
        }
    ]
}