{
    "created_at": "2018-09-06T14:45:02.073542",
    "file_name": "000000084385.jpg",
    "generator": "convert_to_region_cropper.py",
    "labels": [
        "position",
        "left_eye",
        "right_eye",
        "left_cheek",
        "right_cheek",
        "nose_base",
        "left_mouth",
        "right_mouth",
        "bottom_mouth"
    ],
    "regions": [
        {
            "label": 0,
            "probability": 0.999,
            "rect": {
                "bottom": 0.453125,
                "left": 0.24609375,
                "right": 0.4375,
                "top": 0.21484375
            }
        },
        {
            "label": 2,
            "probability": 0.999,
            "rect": {
                "bottom": 0.3506832,
                "left": 0.31633702,
                "right": 0.31633702,
                "top": 0.3506832
            }
        },
        {
            "label": 3,
            "probability": 0.999,
            "rect": {
                "bottom": 0.3807195,
                "left": 0.28961444,
                "right": 0.28961444,
                "top": 0.3807195
            }
        },
        {
            "label": 7,
            "probability": 0.999,
            "rect": {
                "bottom": 0.40469158,
                "left": 0.35801068,
                "right": 0.35801068,
                "top": 0.40469158
            }
        }
    ]
}