{
    "created_at": "2018-09-06T14:44:59.963228",
    "file_name": "000000074864.jpg",
    "generator": "convert_to_region_cropper.py",
    "labels": [
        "position",
        "left_eye",
        "right_eye",
        "left_cheek",
        "right_cheek",
        "nose_base",
        "left_mouth",
        "right_mouth",
        "bottom_mouth"
    ],
    "regions": [
        {
            "label": 0,
            "probability": 0.999,
            "rect": {
                "bottom": 0.26171875,
                "left": 0.55078125,
                "right": 0.671875,
                "top": 0.109375
            }
        },
        {
            "label": 1,
            "probability": 0.999,
            "rect": {
                "bottom": 0.19305433,
                "left": 0.620541,
                "right": 0.620541,
                "top": 0.19305433
            }
        },
        {
            "label": 4,
            "probability": 0.999,
            "rect": {
                "bottom": 0.19857603,
                "left": 0.65053,
                "right": 0.65053,
                "top": 0.19857603
            }
        },
        {
            "label": 6,
            "probability": 0.999,
            "rect": {
                "bottom": 0.22518189,
                "left": 0.634211,
                "right": 0.634211,
                "top": 0.22518189
            }
        }
    ]
}