{
    "created_at": "2018-09-06T14:46:41.814857",
    "file_name": "000000522324.jpg",
    "generator": "convert_to_region_cropper.py",
    "labels": [
        "position",
        "left_eye",
        "right_eye",
        "left_cheek",
        "right_cheek",
        "nose_base",
        "left_mouth",
        "right_mouth",
        "bottom_mouth"
    ],
    "regions": [
        {
            "label": 0,
            "probability": 0.999,
            "rect": {
                "bottom": 0.2421875,
                "left": 0.3828125,
                "right": 0.515625,
                "top": 0.07421875
            }
        },
        {
            "label": 2,
            "probability": 0.999,
            "rect": {
                "bottom": 0.1747765,
                "left": 0.43163237,
                "right": 0.43163237,
                "top": 0.1747765
            }
        },
        {
            "label": 3,
            "probability": 0.999,
            "rect": {
                "bottom": 0.18716659,
                "left": 0.41591322,
                "right": 0.41591322,
                "top": 0.18716659
            }
        }
    ]
}