{
    "created_at": "2018-09-06T14:45:39.740453",
    "file_name": "000000247091.jpg",
    "generator": "convert_to_region_cropper.py",
    "labels": [
        "position",
        "left_eye",
        "right_eye",
        "left_cheek",
        "right_cheek",
        "nose_base",
        "left_mouth",
        "right_mouth",
        "bottom_mouth"
    ],
    "regions": [
        {
            "label": 0,
            "probability": 0.999,
            "rect": {
                "bottom": 0.26171875,
                "left": 0.5703125,
                "right": 0.6796875,
                "top": 0.12890625
            }
        },
        {
            "label": 1,
            "probability": 0.999,
            "rect": {
                "bottom": 0.19591464,
                "left": 0.6453582,
                "right": 0.6453582,
                "top": 0.19591464
            }
        },
        {
            "label": 4,
            "probability": 0.999,
            "rect": {
                "bottom": 0.2142171,
                "left": 0.6508571,
                "right": 0.6508571,
                "top": 0.2142171
            }
        },
        {
            "label": 6,
            "probability": 0.999,
            "rect": {
                "bottom": 0.23113957,
                "left": 0.6451184,
                "right": 0.6451184,
                "top": 0.23113957
            }
        }
    ]
}