{
    "created_at": "2018-09-06T14:45:25.104266",
    "file_name": "000000184272.jpg",
    "generator": "convert_to_region_cropper.py",
    "labels": [
        "position",
        "left_eye",
        "right_eye",
        "left_cheek",
        "right_cheek",
        "nose_base",
        "left_mouth",
        "right_mouth",
        "bottom_mouth"
    ],
    "regions": [
        {
            "label": 0,
            "probability": 0.999,
            "rect": {
                "bottom": 0.6953125,
                "left": 0.3984375,
                "right": 0.94140625,
                "top": 0.01171875
            }
        },
        {
            "label": 2,
            "probability": 0.999,
            "rect": {
                "bottom": 0.38518888,
                "left": 0.66565615,
                "right": 0.66565615,
                "top": 0.38518888
            }
        },
        {
            "label": 3,
            "probability": 0.999,
            "rect": {
                "bottom": 0.41959023,
                "left": 0.48553288,
                "right": 0.48553288,
                "top": 0.41959023
            }
        }
    ]
}