{
    "created_at": "2018-09-06T14:46:01.335259",
    "file_name": "000000342497.jpg",
    "generator": "convert_to_region_cropper.py",
    "labels": [
        "position",
        "left_eye",
        "right_eye",
        "left_cheek",
        "right_cheek",
        "nose_base",
        "left_mouth",
        "right_mouth",
        "bottom_mouth"
    ],
    "regions": [
        {
            "label": 0,
            "probability": 0.999,
            "rect": {
                "bottom": 0.265625,
                "left": 0.3203125,
                "right": 0.4375,
                "top": 0.1171875
            }
        },
        {
            "label": 1,
            "probability": 0.999,
            "rect": {
                "bottom": 0.20073402,
                "left": 0.39617434,
                "right": 0.39617434,
                "top": 0.20073402
            }
        },
        {
            "label": 4,
            "probability": 0.999,
            "rect": {
                "bottom": 0.20791675,
                "left": 0.4255761,
                "right": 0.4255761,
                "top": 0.20791675
            }
        },
        {
            "label": 6,
            "probability": 0.999,
            "rect": {
                "bottom": 0.22940205,
                "left": 0.40273637,
                "right": 0.40273637,
                "top": 0.22940205
            }
        }
    ]
}