{
    "created_at": "2018-09-06T14:46:09.507345",
    "file_name": "000000377483.jpg",
    "generator": "convert_to_region_cropper.py",
    "labels": [
        "position",
        "left_eye",
        "right_eye",
        "left_cheek",
        "right_cheek",
        "nose_base",
        "left_mouth",
        "right_mouth",
        "bottom_mouth"
    ],
    "regions": [
        {
            "label": 0,
            "probability": 0.999,
            "rect": {
                "bottom": 0.48828125,
                "left": 0.33203125,
                "right": 0.46875,
                "top": 0.3203125
            }
        },
        {
            "label": 2,
            "probability": 0.999,
            "rect": {
                "bottom": 0.41092202,
                "left": 0.3991381,
                "right": 0.3991381,
                "top": 0.41092202
            }
        },
        {
            "label": 3,
            "probability": 0.999,
            "rect": {
                "bottom": 0.41986373,
                "left": 0.37309062,
                "right": 0.37309062,
                "top": 0.41986373
            }
        },
        {
            "label": 5,
            "probability": 0.999,
            "rect": {
                "bottom": 0.43222785,
                "left": 0.3955394,
                "right": 0.3955394,
                "top": 0.43222785
            }
        }
    ]
}