{
    "created_at": "2018-09-06T14:46:05.686571",
    "file_name": "000000360860.jpg",
    "generator": "convert_to_region_cropper.py",
    "labels": [
        "position",
        "left_eye",
        "right_eye",
        "left_cheek",
        "right_cheek",
        "nose_base",
        "left_mouth",
        "right_mouth",
        "bottom_mouth"
    ],
    "regions": [
        {
            "label": 0,
            "probability": 0.999,
            "rect": {
                "bottom": 0.41796875,
                "left": 0.26953125,
                "right": 0.375,
                "top": 0.2890625
            }
        },
        {
            "label": 2,
            "probability": 0.999,
            "rect": {
                "bottom": 0.36315435,
                "left": 0.32214534,
                "right": 0.32214534,
                "top": 0.36315435
            }
        },
        {
            "label": 3,
            "probability": 0.999,
            "rect": {
                "bottom": 0.36333945,
                "left": 0.3027962,
                "right": 0.3027962,
                "top": 0.36333945
            }
        },
        {
            "label": 5,
            "probability": 0.999,
            "rect": {
                "bottom": 0.3896961,
                "left": 0.31598803,
                "right": 0.31598803,
                "top": 0.3896961
            }
        }
    ]
}