{
    "created_at": "2018-09-06T14:46:48.450026",
    "file_name": "000000550730.jpg",
    "generator": "convert_to_region_cropper.py",
    "labels": [
        "position",
        "left_eye",
        "right_eye",
        "left_cheek",
        "right_cheek",
        "nose_base",
        "left_mouth",
        "right_mouth",
        "bottom_mouth"
    ],
    "regions": [
        {
            "label": 0,
            "probability": 0.999,
            "rect": {
                "bottom": 0.42578125,
                "left": 0.7421875,
                "right": 0.96484375,
                "top": 0.14453125
            }
        },
        {
            "label": 1,
            "probability": 0.999,
            "rect": {
                "bottom": 0.28493148,
                "left": 0.8993433,
                "right": 0.8993433,
                "top": 0.28493148
            }
        },
        {
            "label": 4,
            "probability": 0.999,
            "rect": {
                "bottom": 0.30769482,
                "left": 0.93629175,
                "right": 0.93629175,
                "top": 0.30769482
            }
        }
    ]
}