{
    "created_at": "2018-09-06T14:45:34.525762",
    "file_name": "000000223780.jpg",
    "generator": "convert_to_region_cropper.py",
    "labels": [
        "position",
        "left_eye",
        "right_eye",
        "left_cheek",
        "right_cheek",
        "nose_base",
        "left_mouth",
        "right_mouth",
        "bottom_mouth"
    ],
    "regions": [
        {
            "label": 0,
            "probability": 0.999,
            "rect": {
                "bottom": 0.82421875,
                "left": 0.26953125,
                "right": 0.3984375,
                "top": 0.66015625
            }
        },
        {
            "label": 1,
            "probability": 0.999,
            "rect": {
                "bottom": 0.7522463,
                "left": 0.3509955,
                "right": 0.3509955,
                "top": 0.7522463
            }
        },
        {
            "label": 4,
            "probability": 0.999,
            "rect": {
                "bottom": 0.7627145,
                "left": 0.3814404,
                "right": 0.3814404,
                "top": 0.7627145
            }
        },
        {
            "label": 6,
            "probability": 0.999,
            "rect": {
                "bottom": 0.7868876,
                "left": 0.3489481,
                "right": 0.3489481,
                "top": 0.7868876
            }
        }
    ]
}