{
    "created_at": "2018-09-06T14:45:53.186355",
    "file_name": "000000307349.jpg",
    "generator": "convert_to_region_cropper.py",
    "labels": [
        "position",
        "left_eye",
        "right_eye",
        "left_cheek",
        "right_cheek",
        "nose_base",
        "left_mouth",
        "right_mouth",
        "bottom_mouth"
    ],
    "regions": [
        {
            "label": 0,
            "probability": 0.999,
            "rect": {
                "bottom": 0.22265625,
                "left": 0.1875,
                "right": 0.30078125,
                "top": 0.08203125
            }
        },
        {
            "label": 2,
            "probability": 0.999,
            "rect": {
                "bottom": 0.15778114,
                "left": 0.22934896,
                "right": 0.22934896,
                "top": 0.15778114
            }
        },
        {
            "label": 3,
            "probability": 0.999,
            "rect": {
                "bottom": 0.16640618,
                "left": 0.20943904,
                "right": 0.20943904,
                "top": 0.16640618
            }
        },
        {
            "label": 5,
            "probability": 0.999,
            "rect": {
                "bottom": 0.17990115,
                "left": 0.23297603,
                "right": 0.23297603,
                "top": 0.17990115
            }
        }
    ]
}