{
    "created_at": "2018-09-06T14:44:53.401254",
    "file_name": "000000048706.jpg",
    "generator": "convert_to_region_cropper.py",
    "labels": [
        "position",
        "left_eye",
        "right_eye",
        "left_cheek",
        "right_cheek",
        "nose_base",
        "left_mouth",
        "right_mouth",
        "bottom_mouth"
    ],
    "regions": [
        {
            "label": 0,
            "probability": 0.999,
            "rect": {
                "bottom": 0.3515625,
                "left": 0.4296875,
                "right": 0.578125,
                "top": 0.16796875
            }
        },
        {
            "label": 1,
            "probability": 0.999,
            "rect": {
                "bottom": 0.26724064,
                "left": 0.52147454,
                "right": 0.52147454,
                "top": 0.26724064
            }
        },
        {
            "label": 2,
            "probability": 0.999,
            "rect": {
                "bottom": 0.2758261,
                "left": 0.48764813,
                "right": 0.48764813,
                "top": 0.2758261
            }
        },
        {
            "label": 4,
            "probability": 0.999,
            "rect": {
                "bottom": 0.26781043,
                "left": 0.54284126,
                "right": 0.54284126,
                "top": 0.26781043
            }
        }
    ]
}