{
    "created_at": "2018-09-06T14:46:49.092907",
    "file_name": "000000553834.jpg",
    "generator": "convert_to_region_cropper.py",
    "labels": [
        "position",
        "left_eye",
        "right_eye",
        "left_cheek",
        "right_cheek",
        "nose_base",
        "left_mouth",
        "right_mouth",
        "bottom_mouth"
    ],
    "regions": [
        {
            "label": 0,
            "probability": 0.999,
            "rect": {
                "bottom": 0.37109375,
                "left": 0.89453125,
                "right": 1.0,
                "top": 0.1953125
            }
        },
        {
            "label": 2,
            "probability": 0.999,
            "rect": {
                "bottom": 0.29066887,
                "left": 0.9594731,
                "right": 0.9594731,
                "top": 0.29066887
            }
        },
        {
            "label": 3,
            "probability": 0.999,
            "rect": {
                "bottom": 0.2947588,
                "left": 0.9323754,
                "right": 0.9323754,
                "top": 0.2947588
            }
        },
        {
            "label": 7,
            "probability": 0.999,
            "rect": {
                "bottom": 0.3300775,
                "left": 0.94944745,
                "right": 0.94944745,
                "top": 0.3300775
            }
        }
    ]
}