{
    "created_at": "2018-09-06T14:45:04.992646",
    "file_name": "000000096893.jpg",
    "generator": "convert_to_region_cropper.py",
    "labels": [
        "position",
        "left_eye",
        "right_eye",
        "left_cheek",
        "right_cheek",
        "nose_base",
        "left_mouth",
        "right_mouth",
        "bottom_mouth"
    ],
    "regions": [
        {
            "label": 0,
            "probability": 0.999,
            "rect": {
                "bottom": 0.28125,
                "left": 0.6796875,
                "right": 0.78515625,
                "top": 0.1484375
            }
        },
        {
            "label": 2,
            "probability": 0.999,
            "rect": {
                "bottom": 0.22280207,
                "left": 0.71944356,
                "right": 0.71944356,
                "top": 0.22280207
            }
        },
        {
            "label": 3,
            "probability": 0.999,
            "rect": {
                "bottom": 0.22978804,
                "left": 0.6960084,
                "right": 0.6960084,
                "top": 0.22978804
            }
        },
        {
            "label": 8,
            "probability": 0.999,
            "rect": {
                "bottom": 0.25908756,
                "left": 0.73749036,
                "right": 0.73749036,
                "top": 0.25908756
            }
        }
    ]
}