{
    "created_at": "2018-09-06T14:45:00.799369",
    "file_name": "000000078265.jpg",
    "generator": "convert_to_region_cropper.py",
    "labels": [
        "position",
        "left_eye",
        "right_eye",
        "left_cheek",
        "right_cheek",
        "nose_base",
        "left_mouth",
        "right_mouth",
        "bottom_mouth"
    ],
    "regions": [
        {
            "label": 0,
            "probability": 0.999,
            "rect": {
                "bottom": 0.3046875,
                "left": 0.52734375,
                "right": 0.6328125,
                "top": 0.171875
            }
        },
        {
            "label": 1,
            "probability": 0.999,
            "rect": {
                "bottom": 0.24360676,
                "left": 0.5911263,
                "right": 0.5911263,
                "top": 0.24360676
            }
        },
        {
            "label": 4,
            "probability": 0.999,
            "rect": {
                "bottom": 0.24885865,
                "left": 0.6136445,
                "right": 0.6136445,
                "top": 0.24885865
            }
        },
        {
            "label": 6,
            "probability": 0.999,
            "rect": {
                "bottom": 0.2764516,
                "left": 0.59423304,
                "right": 0.59423304,
                "top": 0.2764516
            }
        }
    ]
}