{
    "created_at": "2018-09-06T14:46:25.915719",
    "file_name": "000000450492.jpg",
    "generator": "convert_to_region_cropper.py",
    "labels": [
        "position",
        "left_eye",
        "right_eye",
        "left_cheek",
        "right_cheek",
        "nose_base",
        "left_mouth",
        "right_mouth",
        "bottom_mouth"
    ],
    "regions": [
        {
            "label": 0,
            "probability": 0.999,
            "rect": {
                "bottom": 0.3828125,
                "left": 0.41796875,
                "right": 0.59765625,
                "top": 0.16015625
            }
        },
        {
            "label": 2,
            "probability": 0.999,
            "rect": {
                "bottom": 0.28396496,
                "left": 0.49118677,
                "right": 0.49118677,
                "top": 0.28396496
            }
        },
        {
            "label": 6,
            "probability": 0.999,
            "rect": {
                "bottom": 0.31686842,
                "left": 0.54381037,
                "right": 0.54381037,
                "top": 0.31686842
            }
        }
    ]
}