{
    "created_at": "2018-09-06T14:45:04.561462",
    "file_name": "000000095351.jpg",
    "generator": "convert_to_region_cropper.py",
    "labels": [
        "position",
        "left_eye",
        "right_eye",
        "left_cheek",
        "right_cheek",
        "nose_base",
        "left_mouth",
        "right_mouth",
        "bottom_mouth"
    ],
    "regions": [
        {
            "label": 0,
            "probability": 0.999,
            "rect": {
                "bottom": 0.36328125,
                "left": 0.484375,
                "right": 0.58984375,
                "top": 0.234375
            }
        },
        {
            "label": 2,
            "probability": 0.999,
            "rect": {
                "bottom": 0.30532894,
                "left": 0.5324841,
                "right": 0.5324841,
                "top": 0.30532894
            }
        },
        {
            "label": 3,
            "probability": 0.999,
            "rect": {
                "bottom": 0.305775,
                "left": 0.509941,
                "right": 0.509941,
                "top": 0.305775
            }
        },
        {
            "label": 7,
            "probability": 0.999,
            "rect": {
                "bottom": 0.33186212,
                "left": 0.51912606,
                "right": 0.51912606,
                "top": 0.33186212
            }
        }
    ]
}