{
    "created_at": "2018-09-06T14:45:40.482039",
    "file_name": "000000250732.jpg",
    "generator": "convert_to_region_cropper.py",
    "labels": [
        "position",
        "left_eye",
        "right_eye",
        "left_cheek",
        "right_cheek",
        "nose_base",
        "left_mouth",
        "right_mouth",
        "bottom_mouth"
    ],
    "regions": [
        {
            "label": 0,
            "probability": 0.999,
            "rect": {
                "bottom": 0.3671875,
                "left": 0.56640625,
                "right": 0.6875,
                "top": 0.21484375
            }
        },
        {
            "label": 1,
            "probability": 0.999,
            "rect": {
                "bottom": 0.30085418,
                "left": 0.6411353,
                "right": 0.6411353,
                "top": 0.30085418
            }
        },
        {
            "label": 5,
            "probability": 0.999,
            "rect": {
                "bottom": 0.31647918,
                "left": 0.6243271,
                "right": 0.6243271,
                "top": 0.31647918
            }
        },
        {
            "label": 6,
            "probability": 0.999,
            "rect": {
                "bottom": 0.32819796,
                "left": 0.6399521,
                "right": 0.6399521,
                "top": 0.32819796
            }
        }
    ]
}