{
    "created_at": "2018-09-06T14:44:53.253760",
    "file_name": "000000048312.jpg",
    "generator": "convert_to_region_cropper.py",
    "labels": [
        "position",
        "left_eye",
        "right_eye",
        "left_cheek",
        "right_cheek",
        "nose_base",
        "left_mouth",
        "right_mouth",
        "bottom_mouth"
    ],
    "regions": [
        {
            "label": 0,
            "probability": 0.999,
            "rect": {
                "bottom": 0.1875,
                "left": 0.54296875,
                "right": 0.64453125,
                "top": 0.05859375
            }
        },
        {
            "label": 1,
            "probability": 0.999,
            "rect": {
                "bottom": 0.1307704,
                "left": 0.61645603,
                "right": 0.61645603,
                "top": 0.1307704
            }
        },
        {
            "label": 2,
            "probability": 0.999,
            "rect": {
                "bottom": 0.12643571,
                "left": 0.58155626,
                "right": 0.58155626,
                "top": 0.12643571
            }
        }
    ]
}