{
    "created_at": "2018-09-06T14:45:00.898990",
    "file_name": "000000078935.jpg",
    "generator": "convert_to_region_cropper.py",
    "labels": [
        "position",
        "left_eye",
        "right_eye",
        "left_cheek",
        "right_cheek",
        "nose_base",
        "left_mouth",
        "right_mouth",
        "bottom_mouth"
    ],
    "regions": [
        {
            "label": 0,
            "probability": 0.999,
            "rect": {
                "bottom": 0.5859375,
                "left": 0.4140625,
                "right": 0.5390625,
                "top": 0.421875
            }
        },
        {
            "label": 1,
            "probability": 0.999,
            "rect": {
                "bottom": 0.5082982,
                "left": 0.49362022,
                "right": 0.49362022,
                "top": 0.5082982
            }
        },
        {
            "label": 2,
            "probability": 0.999,
            "rect": {
                "bottom": 0.51234317,
                "left": 0.46657565,
                "right": 0.46657565,
                "top": 0.51234317
            }
        },
        {
            "label": 4,
            "probability": 0.999,
            "rect": {
                "bottom": 0.51932937,
                "left": 0.51373357,
                "right": 0.51373357,
                "top": 0.51932937
            }
        }
    ]
}