{
    "created_at": "2018-09-06T14:46:55.123452",
    "file_name": "000000580808.jpg",
    "generator": "convert_to_region_cropper.py",
    "labels": [
        "position",
        "left_eye",
        "right_eye",
        "left_cheek",
        "right_cheek",
        "nose_base",
        "left_mouth",
        "right_mouth",
        "bottom_mouth"
    ],
    "regions": [
        {
            "label": 0,
            "probability": 0.999,
            "rect": {
                "bottom": 0.109375,
                "left": 0.2890625,
                "right": 0.38671875,
                "top": 0.0
            }
        },
        {
            "label": 1,
            "probability": 0.999,
            "rect": {
                "bottom": 0.055044945,
                "left": 0.35577118,
                "right": 0.35577118,
                "top": 0.055044945
            }
        },
        {
            "label": 4,
            "probability": 0.999,
            "rect": {
                "bottom": 0.071324594,
                "left": 0.35648918,
                "right": 0.35648918,
                "top": 0.071324594
            }
        },
        {
            "label": 6,
            "probability": 0.999,
            "rect": {
                "bottom": 0.08956422,
                "left": 0.35432306,
                "right": 0.35432306,
                "top": 0.08956422
            }
        }
    ]
}