{
    "created_at": "2018-09-06T14:44:50.061063",
    "file_name": "000000034357.jpg",
    "generator": "convert_to_region_cropper.py",
    "labels": [
        "position",
        "left_eye",
        "right_eye",
        "left_cheek",
        "right_cheek",
        "nose_base",
        "left_mouth",
        "right_mouth",
        "bottom_mouth"
    ],
    "regions": [
        {
            "label": 0,
            "probability": 0.999,
            "rect": {
                "bottom": 0.2578125,
                "left": 0.61328125,
                "right": 0.76953125,
                "top": 0.0625
            }
        },
        {
            "label": 4,
            "probability": 0.999,
            "rect": {
                "bottom": 0.18182568,
                "left": 0.74948466,
                "right": 0.74948466,
                "top": 0.18182568
            }
        },
        {
            "label": 6,
            "probability": 0.999,
            "rect": {
                "bottom": 0.21253258,
                "left": 0.71825904,
                "right": 0.71825904,
                "top": 0.21253258
            }
        }
    ]
}