{
    "created_at": "2018-09-06T14:45:54.619486",
    "file_name": "000000313995.jpg",
    "generator": "convert_to_region_cropper.py",
    "labels": [
        "position",
        "left_eye",
        "right_eye",
        "left_cheek",
        "right_cheek",
        "nose_base",
        "left_mouth",
        "right_mouth",
        "bottom_mouth"
    ],
    "regions": [
        {
            "label": 0,
            "probability": 0.999,
            "rect": {
                "bottom": 0.39453125,
                "left": 0.35546875,
                "right": 0.453125,
                "top": 0.2734375
            }
        },
        {
            "label": 2,
            "probability": 0.999,
            "rect": {
                "bottom": 0.33649832,
                "left": 0.39362404,
                "right": 0.39362404,
                "top": 0.33649832
            }
        },
        {
            "label": 3,
            "probability": 0.999,
            "rect": {
                "bottom": 0.35389233,
                "left": 0.38974494,
                "right": 0.38974494,
                "top": 0.35389233
            }
        },
        {
            "label": 7,
            "probability": 0.999,
            "rect": {
                "bottom": 0.36950597,
                "left": 0.39702457,
                "right": 0.39702457,
                "top": 0.36950597
            }
        }
    ]
}