{
    "created_at": "2018-09-06T14:45:59.557055",
    "file_name": "000000333897.jpg",
    "generator": "convert_to_region_cropper.py",
    "labels": [
        "position",
        "left_eye",
        "right_eye",
        "left_cheek",
        "right_cheek",
        "nose_base",
        "left_mouth",
        "right_mouth",
        "bottom_mouth"
    ],
    "regions": [
        {
            "label": 0,
            "probability": 0.999,
            "rect": {
                "bottom": 0.234375,
                "left": 0.4765625,
                "right": 0.59765625,
                "top": 0.08203125
            }
        },
        {
            "label": 1,
            "probability": 0.999,
            "rect": {
                "bottom": 0.164574,
                "left": 0.55317295,
                "right": 0.55317295,
                "top": 0.164574
            }
        },
        {
            "label": 4,
            "probability": 0.999,
            "rect": {
                "bottom": 0.17594215,
                "left": 0.59496886,
                "right": 0.59496886,
                "top": 0.17594215
            }
        },
        {
            "label": 8,
            "probability": 0.999,
            "rect": {
                "bottom": 0.22547199,
                "left": 0.5444548,
                "right": 0.5444548,
                "top": 0.22547199
            }
        }
    ]
}