{
    "created_at": "2018-09-06T14:46:41.161403",
    "file_name": "000000519695.jpg",
    "generator": "convert_to_region_cropper.py",
    "labels": [
        "position",
        "left_eye",
        "right_eye",
        "left_cheek",
        "right_cheek",
        "nose_base",
        "left_mouth",
        "right_mouth",
        "bottom_mouth"
    ],
    "regions": [
        {
            "label": 0,
            "probability": 0.999,
            "rect": {
                "bottom": 0.3203125,
                "left": 0.84375,
                "right": 0.9765625,
                "top": 0.15234375
            }
        },
        {
            "label": 1,
            "probability": 0.999,
            "rect": {
                "bottom": 0.24059181,
                "left": 0.9326818,
                "right": 0.9326818,
                "top": 0.24059181
            }
        },
        {
            "label": 2,
            "probability": 0.999,
            "rect": {
                "bottom": 0.24575374,
                "left": 0.9030703,
                "right": 0.9030703,
                "top": 0.24575374
            }
        },
        {
            "label": 5,
            "probability": 0.999,
            "rect": {
                "bottom": 0.27938855,
                "left": 0.912159,
                "right": 0.912159,
                "top": 0.27938855
            }
        }
    ]
}