{
    "created_at": "2018-09-06T14:45:21.487944",
    "file_name": "000000168285.jpg",
    "generator": "convert_to_region_cropper.py",
    "labels": [
        "position",
        "left_eye",
        "right_eye",
        "left_cheek",
        "right_cheek",
        "nose_base",
        "left_mouth",
        "right_mouth",
        "bottom_mouth"
    ],
    "regions": [
        {
            "label": 0,
            "probability": 0.999,
            "rect": {
                "bottom": 0.24609375,
                "left": 0.16796875,
                "right": 0.265625,
                "top": 0.1171875
            }
        },
        {
            "label": 2,
            "probability": 0.999,
            "rect": {
                "bottom": 0.18696553,
                "left": 0.20934744,
                "right": 0.20934744,
                "top": 0.18696553
            }
        },
        {
            "label": 3,
            "probability": 0.999,
            "rect": {
                "bottom": 0.19643182,
                "left": 0.18530121,
                "right": 0.18530121,
                "top": 0.19643182
            }
        },
        {
            "label": 7,
            "probability": 0.999,
            "rect": {
                "bottom": 0.21690671,
                "left": 0.20313515,
                "right": 0.20313515,
                "top": 0.21690671
            }
        }
    ]
}