{
    "created_at": "2018-09-06T14:46:02.899842",
    "file_name": "000000349053.jpg",
    "generator": "convert_to_region_cropper.py",
    "labels": [
        "position",
        "left_eye",
        "right_eye",
        "left_cheek",
        "right_cheek",
        "nose_base",
        "left_mouth",
        "right_mouth",
        "bottom_mouth"
    ],
    "regions": [
        {
            "label": 0,
            "probability": 0.999,
            "rect": {
                "bottom": 0.26171875,
                "left": 0.48046875,
                "right": 0.57421875,
                "top": 0.14453125
            }
        },
        {
            "label": 1,
            "probability": 0.999,
            "rect": {
                "bottom": 0.21099459,
                "left": 0.5409576,
                "right": 0.5409576,
                "top": 0.21099459
            }
        },
        {
            "label": 5,
            "probability": 0.999,
            "rect": {
                "bottom": 0.23464553,
                "left": 0.53295773,
                "right": 0.53295773,
                "top": 0.23464553
            }
        }
    ]
}