{
    "created_at": "2018-09-06T14:44:50.293499",
    "file_name": "000000035323.jpg",
    "generator": "convert_to_region_cropper.py",
    "labels": [
        "position",
        "left_eye",
        "right_eye",
        "left_cheek",
        "right_cheek",
        "nose_base",
        "left_mouth",
        "right_mouth",
        "bottom_mouth"
    ],
    "regions": [
        {
            "label": 0,
            "probability": 0.999,
            "rect": {
                "bottom": 0.359375,
                "left": 0.44140625,
                "right": 0.578125,
                "top": 0.1875
            }
        },
        {
            "label": 1,
            "probability": 0.999,
            "rect": {
                "bottom": 0.28663823,
                "left": 0.52907294,
                "right": 0.52907294,
                "top": 0.28663823
            }
        },
        {
            "label": 5,
            "probability": 0.999,
            "rect": {
                "bottom": 0.3253389,
                "left": 0.51733977,
                "right": 0.51733977,
                "top": 0.3253389
            }
        },
        {
            "label": 8,
            "probability": 0.999,
            "rect": {
                "bottom": 0.349704,
                "left": 0.5134826,
                "right": 0.5134826,
                "top": 0.349704
            }
        }
    ]
}