{
    "created_at": "2018-09-06T14:46:06.139893",
    "file_name": "000000362900.jpg",
    "generator": "convert_to_region_cropper.py",
    "labels": [
        "position",
        "left_eye",
        "right_eye",
        "left_cheek",
        "right_cheek",
        "nose_base",
        "left_mouth",
        "right_mouth",
        "bottom_mouth"
    ],
    "regions": [
        {
            "label": 0,
            "probability": 0.999,
            "rect": {
                "bottom": 0.26953125,
                "left": 0.3984375,
                "right": 0.515625,
                "top": 0.12109375
            }
        },
        {
            "label": 1,
            "probability": 0.999,
            "rect": {
                "bottom": 0.19869407,
                "left": 0.4804545,
                "right": 0.4804545,
                "top": 0.19869407
            }
        },
        {
            "label": 2,
            "probability": 0.999,
            "rect": {
                "bottom": 0.19514397,
                "left": 0.44675604,
                "right": 0.44675604,
                "top": 0.19514397
            }
        },
        {
            "label": 3,
            "probability": 0.999,
            "rect": {
                "bottom": 0.22232583,
                "left": 0.44131947,
                "right": 0.44131947,
                "top": 0.22232583
            }
        }
    ]
}