{
    "created_at": "2018-09-06T14:45:09.116465",
    "file_name": "000000113875.jpg",
    "generator": "convert_to_region_cropper.py",
    "labels": [
        "position",
        "left_eye",
        "right_eye",
        "left_cheek",
        "right_cheek",
        "nose_base",
        "left_mouth",
        "right_mouth",
        "bottom_mouth"
    ],
    "regions": [
        {
            "label": 0,
            "probability": 0.999,
            "rect": {
                "bottom": 0.57421875,
                "left": 0.625,
                "right": 0.95703125,
                "top": 0.15625
            }
        },
        {
            "label": 2,
            "probability": 0.999,
            "rect": {
                "bottom": 0.37533328,
                "left": 0.7641101,
                "right": 0.7641101,
                "top": 0.37533328
            }
        },
        {
            "label": 5,
            "probability": 0.999,
            "rect": {
                "bottom": 0.44723287,
                "left": 0.78183883,
                "right": 0.78183883,
                "top": 0.44723287
            }
        },
        {
            "label": 8,
            "probability": 0.999,
            "rect": {
                "bottom": 0.50666094,
                "left": 0.8005805,
                "right": 0.8005805,
                "top": 0.50666094
            }
        }
    ]
}