{
    "created_at": "2018-09-06T14:45:25.806486",
    "file_name": "000000187182.jpg",
    "generator": "convert_to_region_cropper.py",
    "labels": [
        "position",
        "left_eye",
        "right_eye",
        "left_cheek",
        "right_cheek",
        "nose_base",
        "left_mouth",
        "right_mouth",
        "bottom_mouth"
    ],
    "regions": [
        {
            "label": 0,
            "probability": 0.999,
            "rect": {
                "bottom": 0.41796875,
                "left": 0.75,
                "right": 0.87109375,
                "top": 0.26953125
            }
        },
        {
            "label": 1,
            "probability": 0.999,
            "rect": {
                "bottom": 0.33690703,
                "left": 0.82202065,
                "right": 0.82202065,
                "top": 0.33690703
            }
        },
        {
            "label": 4,
            "probability": 0.999,
            "rect": {
                "bottom": 0.34968212,
                "left": 0.83402365,
                "right": 0.83402365,
                "top": 0.34968212
            }
        },
        {
            "label": 5,
            "probability": 0.999,
            "rect": {
                "bottom": 0.37416837,
                "left": 0.8182473,
                "right": 0.8182473,
                "top": 0.37416837
            }
        }
    ]
}