{
    "created_at": "2018-09-06T14:45:15.201828",
    "file_name": "000000138715.jpg",
    "generator": "convert_to_region_cropper.py",
    "labels": [
        "position",
        "left_eye",
        "right_eye",
        "left_cheek",
        "right_cheek",
        "nose_base",
        "left_mouth",
        "right_mouth",
        "bottom_mouth"
    ],
    "regions": [
        {
            "label": 0,
            "probability": 0.999,
            "rect": {
                "bottom": 0.3984375,
                "left": 0.59375,
                "right": 0.7109375,
                "top": 0.25390625
            }
        },
        {
            "label": 1,
            "probability": 0.999,
            "rect": {
                "bottom": 0.33234492,
                "left": 0.66795105,
                "right": 0.66795105,
                "top": 0.33234492
            }
        },
        {
            "label": 4,
            "probability": 0.999,
            "rect": {
                "bottom": 0.34058535,
                "left": 0.6874823,
                "right": 0.6874823,
                "top": 0.34058535
            }
        },
        {
            "label": 5,
            "probability": 0.999,
            "rect": {
                "bottom": 0.36359492,
                "left": 0.6484198,
                "right": 0.6484198,
                "top": 0.36359492
            }
        }
    ]
}