{
    "created_at": "2018-09-06T14:46:29.023714",
    "file_name": "000000464336.jpg",
    "generator": "convert_to_region_cropper.py",
    "labels": [
        "position",
        "left_eye",
        "right_eye",
        "left_cheek",
        "right_cheek",
        "nose_base",
        "left_mouth",
        "right_mouth",
        "bottom_mouth"
    ],
    "regions": [
        {
            "label": 0,
            "probability": 0.999,
            "rect": {
                "bottom": 0.18359375,
                "left": 0.5703125,
                "right": 0.72265625,
                "top": 0.0
            }
        },
        {
            "label": 1,
            "probability": 0.999,
            "rect": {
                "bottom": 0.08973693,
                "left": 0.6746786,
                "right": 0.6746786,
                "top": 0.08973693
            }
        },
        {
            "label": 2,
            "probability": 0.999,
            "rect": {
                "bottom": 0.09611977,
                "left": 0.63812304,
                "right": 0.63812304,
                "top": 0.09611977
            }
        },
        {
            "label": 4,
            "probability": 0.999,
            "rect": {
                "bottom": 0.113146685,
                "left": 0.7062911,
                "right": 0.7062911,
                "top": 0.113146685
            }
        }
    ]
}