{
    "created_at": "2018-09-06T14:45:39.832597",
    "file_name": "000000247647.jpg",
    "generator": "convert_to_region_cropper.py",
    "labels": [
        "position",
        "left_eye",
        "right_eye",
        "left_cheek",
        "right_cheek",
        "nose_base",
        "left_mouth",
        "right_mouth",
        "bottom_mouth"
    ],
    "regions": [
        {
            "label": 0,
            "probability": 0.999,
            "rect": {
                "bottom": 0.29296875,
                "left": 0.0234375,
                "right": 0.16796875,
                "top": 0.11328125
            }
        },
        {
            "label": 3,
            "probability": 0.999,
            "rect": {
                "bottom": 0.21927597,
                "left": 0.056996062,
                "right": 0.056996062,
                "top": 0.21927597
            }
        },
        {
            "label": 7,
            "probability": 0.999,
            "rect": {
                "bottom": 0.25680906,
                "left": 0.07740068,
                "right": 0.07740068,
                "top": 0.25680906
            }
        }
    ]
}