{
    "created_at": "2018-09-06T14:46:23.243552",
    "file_name": "000000438465.jpg",
    "generator": "convert_to_region_cropper.py",
    "labels": [
        "position",
        "left_eye",
        "right_eye",
        "left_cheek",
        "right_cheek",
        "nose_base",
        "left_mouth",
        "right_mouth",
        "bottom_mouth"
    ],
    "regions": [
        {
            "label": 0,
            "probability": 0.999,
            "rect": {
                "bottom": 0.17578125,
                "left": 0.72265625,
                "right": 0.8359375,
                "top": 0.03515625
            }
        },
        {
            "label": 1,
            "probability": 0.999,
            "rect": {
                "bottom": 0.11233076,
                "left": 0.79180306,
                "right": 0.79180306,
                "top": 0.11233076
            }
        },
        {
            "label": 4,
            "probability": 0.999,
            "rect": {
                "bottom": 0.121292345,
                "left": 0.81992155,
                "right": 0.81992155,
                "top": 0.121292345
            }
        },
        {
            "label": 6,
            "probability": 0.999,
            "rect": {
                "bottom": 0.14818656,
                "left": 0.79870385,
                "right": 0.79870385,
                "top": 0.14818656
            }
        }
    ]
}