{
    "created_at": "2018-09-06T14:45:51.193081",
    "file_name": "000000298410.jpg",
    "generator": "convert_to_region_cropper.py",
    "labels": [
        "position",
        "left_eye",
        "right_eye",
        "left_cheek",
        "right_cheek",
        "nose_base",
        "left_mouth",
        "right_mouth",
        "bottom_mouth"
    ],
    "regions": [
        {
            "label": 0,
            "probability": 0.999,
            "rect": {
                "bottom": 0.47265625,
                "left": 0.55859375,
                "right": 0.65234375,
                "top": 0.35546875
            }
        },
        {
            "label": 1,
            "probability": 0.999,
            "rect": {
                "bottom": 0.4196651,
                "left": 0.62066406,
                "right": 0.62066406,
                "top": 0.4196651
            }
        },
        {
            "label": 2,
            "probability": 0.999,
            "rect": {
                "bottom": 0.4195497,
                "left": 0.59165454,
                "right": 0.59165454,
                "top": 0.4195497
            }
        },
        {
            "label": 4,
            "probability": 0.999,
            "rect": {
                "bottom": 0.4341648,
                "left": 0.6418219,
                "right": 0.6418219,
                "top": 0.4341648
            }
        }
    ]
}