{
    "created_at": "2018-09-06T14:46:48.358949",
    "file_name": "000000550289.jpg",
    "generator": "convert_to_region_cropper.py",
    "labels": [
        "position",
        "left_eye",
        "right_eye",
        "left_cheek",
        "right_cheek",
        "nose_base",
        "left_mouth",
        "right_mouth",
        "bottom_mouth"
    ],
    "regions": [
        {
            "label": 0,
            "probability": 0.999,
            "rect": {
                "bottom": 0.41015625,
                "left": 0.4140625,
                "right": 0.53515625,
                "top": 0.2578125
            }
        },
        {
            "label": 1,
            "probability": 0.999,
            "rect": {
                "bottom": 0.33884704,
                "left": 0.49484724,
                "right": 0.49484724,
                "top": 0.33884704
            }
        },
        {
            "label": 6,
            "probability": 0.999,
            "rect": {
                "bottom": 0.38200992,
                "left": 0.49171537,
                "right": 0.49171537,
                "top": 0.38200992
            }
        }
    ]
}