{
    "created_at": "2018-09-06T14:46:23.793515",
    "file_name": "000000441111.jpg",
    "generator": "convert_to_region_cropper.py",
    "labels": [
        "position",
        "left_eye",
        "right_eye",
        "left_cheek",
        "right_cheek",
        "nose_base",
        "left_mouth",
        "right_mouth",
        "bottom_mouth"
    ],
    "regions": [
        {
            "label": 0,
            "probability": 0.999,
            "rect": {
                "bottom": 0.46875,
                "left": 0.52734375,
                "right": 0.62109375,
                "top": 0.35546875
            }
        },
        {
            "label": 1,
            "probability": 0.999,
            "rect": {
                "bottom": 0.41915178,
                "left": 0.58983916,
                "right": 0.58983916,
                "top": 0.41915178
            }
        },
        {
            "label": 4,
            "probability": 0.999,
            "rect": {
                "bottom": 0.43576157,
                "left": 0.5889426,
                "right": 0.5889426,
                "top": 0.43576157
            }
        },
        {
            "label": 5,
            "probability": 0.999,
            "rect": {
                "bottom": 0.42964566,
                "left": 0.5661882,
                "right": 0.5661882,
                "top": 0.42964566
            }
        }
    ]
}