{
    "created_at": "2018-09-06T14:45:11.163377",
    "file_name": "000000122209.jpg",
    "generator": "convert_to_region_cropper.py",
    "labels": [
        "position",
        "left_eye",
        "right_eye",
        "left_cheek",
        "right_cheek",
        "nose_base",
        "left_mouth",
        "right_mouth",
        "bottom_mouth"
    ],
    "regions": [
        {
            "label": 0,
            "probability": 0.999,
            "rect": {
                "bottom": 0.234375,
                "left": 0.5625,
                "right": 0.66015625,
                "top": 0.11328125
            }
        },
        {
            "label": 1,
            "probability": 0.999,
            "rect": {
                "bottom": 0.17991722,
                "left": 0.6318829,
                "right": 0.6318829,
                "top": 0.17991722
            }
        },
        {
            "label": 4,
            "probability": 0.999,
            "rect": {
                "bottom": 0.19642337,
                "left": 0.63270795,
                "right": 0.63270795,
                "top": 0.19642337
            }
        },
        {
            "label": 5,
            "probability": 0.999,
            "rect": {
                "bottom": 0.20256475,
                "left": 0.6123518,
                "right": 0.6123518,
                "top": 0.20256475
            }
        }
    ]
}