{
    "created_at": "2018-09-06T14:45:43.552945",
    "file_name": "000000264746.jpg",
    "generator": "convert_to_region_cropper.py",
    "labels": [
        "position",
        "left_eye",
        "right_eye",
        "left_cheek",
        "right_cheek",
        "nose_base",
        "left_mouth",
        "right_mouth",
        "bottom_mouth"
    ],
    "regions": [
        {
            "label": 0,
            "probability": 0.999,
            "rect": {
                "bottom": 0.296875,
                "left": 0.359375,
                "right": 0.57421875,
                "top": 0.0234375
            }
        },
        {
            "label": 1,
            "probability": 0.999,
            "rect": {
                "bottom": 0.16999957,
                "left": 0.5091173,
                "right": 0.5091173,
                "top": 0.16999957
            }
        },
        {
            "label": 2,
            "probability": 0.999,
            "rect": {
                "bottom": 0.17307146,
                "left": 0.43307865,
                "right": 0.43307865,
                "top": 0.17307146
            }
        },
        {
            "label": 4,
            "probability": 0.999,
            "rect": {
                "bottom": 0.19031635,
                "left": 0.5560092,
                "right": 0.5560092,
                "top": 0.19031635
            }
        }
    ]
}