{
    "created_at": "2018-09-06T14:46:18.127834",
    "file_name": "000000416783.jpg",
    "generator": "convert_to_region_cropper.py",
    "labels": [
        "position",
        "left_eye",
        "right_eye",
        "left_cheek",
        "right_cheek",
        "nose_base",
        "left_mouth",
        "right_mouth",
        "bottom_mouth"
    ],
    "regions": [
        {
            "label": 0,
            "probability": 0.999,
            "rect": {
                "bottom": 0.26953125,
                "left": 0.2734375,
                "right": 0.38671875,
                "top": 0.12890625
            }
        },
        {
            "label": 1,
            "probability": 0.999,
            "rect": {
                "bottom": 0.20637812,
                "left": 0.34784645,
                "right": 0.34784645,
                "top": 0.20637812
            }
        },
        {
            "label": 2,
            "probability": 0.999,
            "rect": {
                "bottom": 0.21025908,
                "left": 0.3198945,
                "right": 0.3198945,
                "top": 0.21025908
            }
        },
        {
            "label": 4,
            "probability": 0.999,
            "rect": {
                "bottom": 0.21121371,
                "left": 0.36745316,
                "right": 0.36745316,
                "top": 0.21121371
            }
        }
    ]
}