{
    "created_at": "2018-09-06T14:45:57.054549",
    "file_name": "000000324079.jpg",
    "generator": "convert_to_region_cropper.py",
    "labels": [
        "position",
        "left_eye",
        "right_eye",
        "left_cheek",
        "right_cheek",
        "nose_base",
        "left_mouth",
        "right_mouth",
        "bottom_mouth"
    ],
    "regions": [
        {
            "label": 0,
            "probability": 0.999,
            "rect": {
                "bottom": 0.41796875,
                "left": 0.44921875,
                "right": 0.54296875,
                "top": 0.3046875
            }
        },
        {
            "label": 2,
            "probability": 0.999,
            "rect": {
                "bottom": 0.36494964,
                "left": 0.48277795,
                "right": 0.48277795,
                "top": 0.36494964
            }
        },
        {
            "label": 3,
            "probability": 0.999,
            "rect": {
                "bottom": 0.3806485,
                "left": 0.4782276,
                "right": 0.4782276,
                "top": 0.3806485
            }
        },
        {
            "label": 5,
            "probability": 0.999,
            "rect": {
                "bottom": 0.38883394,
                "left": 0.498792,
                "right": 0.498792,
                "top": 0.38883394
            }
        }
    ]
}