{
    "created_at": "2018-09-06T14:46:37.621120",
    "file_name": "000000504171.jpg",
    "generator": "convert_to_region_cropper.py",
    "labels": [
        "position",
        "left_eye",
        "right_eye",
        "left_cheek",
        "right_cheek",
        "nose_base",
        "left_mouth",
        "right_mouth",
        "bottom_mouth"
    ],
    "regions": [
        {
            "label": 0,
            "probability": 0.999,
            "rect": {
                "bottom": 0.41796875,
                "left": 0.3515625,
                "right": 0.45703125,
                "top": 0.28515625
            }
        },
        {
            "label": 1,
            "probability": 0.999,
            "rect": {
                "bottom": 0.35111892,
                "left": 0.42194372,
                "right": 0.42194372,
                "top": 0.35111892
            }
        },
        {
            "label": 4,
            "probability": 0.999,
            "rect": {
                "bottom": 0.35187864,
                "left": 0.44064352,
                "right": 0.44064352,
                "top": 0.35187864
            }
        },
        {
            "label": 6,
            "probability": 0.999,
            "rect": {
                "bottom": 0.39079237,
                "left": 0.43048707,
                "right": 0.43048707,
                "top": 0.39079237
            }
        }
    ]
}