{
    "created_at": "2018-09-06T14:45:18.257104",
    "file_name": "000000153785.jpg",
    "generator": "convert_to_region_cropper.py",
    "labels": [
        "position",
        "left_eye",
        "right_eye",
        "left_cheek",
        "right_cheek",
        "nose_base",
        "left_mouth",
        "right_mouth",
        "bottom_mouth"
    ],
    "regions": [
        {
            "label": 0,
            "probability": 0.999,
            "rect": {
                "bottom": 0.3515625,
                "left": 0.40234375,
                "right": 0.5078125,
                "top": 0.21875
            }
        },
        {
            "label": 3,
            "probability": 0.999,
            "rect": {
                "bottom": 0.30252522,
                "left": 0.41955623,
                "right": 0.41955623,
                "top": 0.30252522
            }
        },
        {
            "label": 0,
            "probability": 0.999,
            "rect": {
                "bottom": 0.29296875,
                "left": 0.68359375,
                "right": 0.76953125,
                "top": 0.18359375
            }
        },
        {
            "label": 5,
            "probability": 0.999,
            "rect": {
                "bottom": 0.26371408,
                "left": 0.7279324,
                "right": 0.7279324,
                "top": 0.26371408
            }
        }
    ]
}