{
    "created_at": "2018-09-06T14:45:29.534772",
    "file_name": "000000201216.jpg",
    "generator": "convert_to_region_cropper.py",
    "labels": [
        "position",
        "left_eye",
        "right_eye",
        "left_cheek",
        "right_cheek",
        "nose_base",
        "left_mouth",
        "right_mouth",
        "bottom_mouth"
    ],
    "regions": [
        {
            "label": 0,
            "probability": 0.999,
            "rect": {
                "bottom": 0.47265625,
                "left": 0.4609375,
                "right": 0.578125,
                "top": 0.328125
            }
        },
        {
            "label": 1,
            "probability": 0.999,
            "rect": {
                "bottom": 0.4102524,
                "left": 0.5234275,
                "right": 0.5234275,
                "top": 0.4102524
            }
        },
        {
            "label": 4,
            "probability": 0.999,
            "rect": {
                "bottom": 0.41196463,
                "left": 0.54188085,
                "right": 0.54188085,
                "top": 0.41196463
            }
        },
        {
            "label": 6,
            "probability": 0.999,
            "rect": {
                "bottom": 0.44044805,
                "left": 0.5314056,
                "right": 0.5314056,
                "top": 0.44044805
            }
        }
    ]
}