{
    "created_at": "2018-09-06T14:45:42.826230",
    "file_name": "000000261013.jpg",
    "generator": "convert_to_region_cropper.py",
    "labels": [
        "position",
        "left_eye",
        "right_eye",
        "left_cheek",
        "right_cheek",
        "nose_base",
        "left_mouth",
        "right_mouth",
        "bottom_mouth"
    ],
    "regions": [
        {
            "label": 0,
            "probability": 0.999,
            "rect": {
                "bottom": 0.359375,
                "left": 0.51953125,
                "right": 0.66015625,
                "top": 0.1875
            }
        },
        {
            "label": 2,
            "probability": 0.999,
            "rect": {
                "bottom": 0.28599656,
                "left": 0.58042604,
                "right": 0.58042604,
                "top": 0.28599656
            }
        },
        {
            "label": 3,
            "probability": 0.999,
            "rect": {
                "bottom": 0.29037198,
                "left": 0.5535059,
                "right": 0.5535059,
                "top": 0.29037198
            }
        },
        {
            "label": 7,
            "probability": 0.999,
            "rect": {
                "bottom": 0.32857656,
                "left": 0.57155144,
                "right": 0.57155144,
                "top": 0.32857656
            }
        }
    ]
}