{
    "created_at": "2018-09-06T14:45:39.093090",
    "file_name": "000000243871.jpg",
    "generator": "convert_to_region_cropper.py",
    "labels": [
        "position",
        "left_eye",
        "right_eye",
        "left_cheek",
        "right_cheek",
        "nose_base",
        "left_mouth",
        "right_mouth",
        "bottom_mouth"
    ],
    "regions": [
        {
            "label": 0,
            "probability": 0.999,
            "rect": {
                "bottom": 0.28125,
                "left": 0.40234375,
                "right": 0.50390625,
                "top": 0.15625
            }
        },
        {
            "label": 2,
            "probability": 0.999,
            "rect": {
                "bottom": 0.22206496,
                "left": 0.44084552,
                "right": 0.44084552,
                "top": 0.22206496
            }
        },
        {
            "label": 3,
            "probability": 0.999,
            "rect": {
                "bottom": 0.23939854,
                "left": 0.44008717,
                "right": 0.44008717,
                "top": 0.23939854
            }
        },
        {
            "label": 7,
            "probability": 0.999,
            "rect": {
                "bottom": 0.25744447,
                "left": 0.4431315,
                "right": 0.4431315,
                "top": 0.25744447
            }
        }
    ]
}