{
    "created_at": "2018-09-06T14:45:58.558767",
    "file_name": "000000330353.jpg",
    "generator": "convert_to_region_cropper.py",
    "labels": [
        "position",
        "left_eye",
        "right_eye",
        "left_cheek",
        "right_cheek",
        "nose_base",
        "left_mouth",
        "right_mouth",
        "bottom_mouth"
    ],
    "regions": [
        {
            "label": 0,
            "probability": 0.999,
            "rect": {
                "bottom": 0.328125,
                "left": 0.46875,
                "right": 0.67578125,
                "top": 0.0703125
            }
        },
        {
            "label": 2,
            "probability": 0.999,
            "rect": {
                "bottom": 0.20913701,
                "left": 0.5446883,
                "right": 0.5446883,
                "top": 0.20913701
            }
        },
        {
            "label": 3,
            "probability": 0.999,
            "rect": {
                "bottom": 0.24314797,
                "left": 0.5110051,
                "right": 0.5110051,
                "top": 0.24314797
            }
        },
        {
            "label": 7,
            "probability": 0.999,
            "rect": {
                "bottom": 0.2743351,
                "left": 0.54738414,
                "right": 0.54738414,
                "top": 0.2743351
            }
        }
    ]
}