{
    "created_at": "2018-09-06T14:46:22.493948",
    "file_name": "000000435114.jpg",
    "generator": "convert_to_region_cropper.py",
    "labels": [
        "position",
        "left_eye",
        "right_eye",
        "left_cheek",
        "right_cheek",
        "nose_base",
        "left_mouth",
        "right_mouth",
        "bottom_mouth"
    ],
    "regions": [
        {
            "label": 0,
            "probability": 0.999,
            "rect": {
                "bottom": 0.70703125,
                "left": 0.1484375,
                "right": 0.54296875,
                "top": 0.2109375
            }
        },
        {
            "label": 2,
            "probability": 0.999,
            "rect": {
                "bottom": 0.47211757,
                "left": 0.29706177,
                "right": 0.29706177,
                "top": 0.47211757
            }
        },
        {
            "label": 3,
            "probability": 0.999,
            "rect": {
                "bottom": 0.49185586,
                "left": 0.23885728,
                "right": 0.23885728,
                "top": 0.49185586
            }
        },
        {
            "label": 7,
            "probability": 0.999,
            "rect": {
                "bottom": 0.6071787,
                "left": 0.28027895,
                "right": 0.28027895,
                "top": 0.6071787
            }
        }
    ]
}