{
    "created_at": "2018-09-06T14:45:42.000987",
    "file_name": "000000257739.jpg",
    "generator": "convert_to_region_cropper.py",
    "labels": [
        "position",
        "left_eye",
        "right_eye",
        "left_cheek",
        "right_cheek",
        "nose_base",
        "left_mouth",
        "right_mouth",
        "bottom_mouth"
    ],
    "regions": [
        {
            "label": 0,
            "probability": 0.999,
            "rect": {
                "bottom": 0.3203125,
                "left": 0.3359375,
                "right": 0.4453125,
                "top": 0.18359375
            }
        },
        {
            "label": 1,
            "probability": 0.999,
            "rect": {
                "bottom": 0.2594556,
                "left": 0.40667078,
                "right": 0.40667078,
                "top": 0.2594556
            }
        },
        {
            "label": 4,
            "probability": 0.999,
            "rect": {
                "bottom": 0.27611426,
                "left": 0.40891412,
                "right": 0.40891412,
                "top": 0.27611426
            }
        }
    ]
}