{
    "created_at": "2018-09-06T14:46:07.952382",
    "file_name": "000000370344.jpg",
    "generator": "convert_to_region_cropper.py",
    "labels": [
        "position",
        "left_eye",
        "right_eye",
        "left_cheek",
        "right_cheek",
        "nose_base",
        "left_mouth",
        "right_mouth",
        "bottom_mouth"
    ],
    "regions": [
        {
            "label": 0,
            "probability": 0.999,
            "rect": {
                "bottom": 0.39453125,
                "left": 0.43359375,
                "right": 0.5390625,
                "top": 0.2578125
            }
        },
        {
            "label": 3,
            "probability": 0.999,
            "rect": {
                "bottom": 0.3501435,
                "left": 0.46877873,
                "right": 0.46877873,
                "top": 0.3501435
            }
        },
        {
            "label": 4,
            "probability": 0.999,
            "rect": {
                "bottom": 0.34066367,
                "left": 0.50604403,
                "right": 0.50604403,
                "top": 0.34066367
            }
        },
        {
            "label": 5,
            "probability": 0.999,
            "rect": {
                "bottom": 0.35063615,
                "left": 0.48842916,
                "right": 0.48842916,
                "top": 0.35063615
            }
        }
    ]
}