{
    "created_at": "2018-09-06T14:46:07.374758",
    "file_name": "000000368156.jpg",
    "generator": "convert_to_region_cropper.py",
    "labels": [
        "position",
        "left_eye",
        "right_eye",
        "left_cheek",
        "right_cheek",
        "nose_base",
        "left_mouth",
        "right_mouth",
        "bottom_mouth"
    ],
    "regions": [
        {
            "label": 0,
            "probability": 0.999,
            "rect": {
                "bottom": 0.28515625,
                "left": 0.140625,
                "right": 0.2421875,
                "top": 0.15625
            }
        },
        {
            "label": 2,
            "probability": 0.999,
            "rect": {
                "bottom": 0.22687699,
                "left": 0.1781651,
                "right": 0.1781651,
                "top": 0.22687699
            }
        },
        {
            "label": 3,
            "probability": 0.999,
            "rect": {
                "bottom": 0.24484533,
                "left": 0.17761715,
                "right": 0.17761715,
                "top": 0.24484533
            }
        },
        {
            "label": 7,
            "probability": 0.999,
            "rect": {
                "bottom": 0.25904208,
                "left": 0.1801069,
                "right": 0.1801069,
                "top": 0.25904208
            }
        }
    ]
}