{
    "created_at": "2018-09-06T14:45:05.802822",
    "file_name": "000000100047.jpg",
    "generator": "convert_to_region_cropper.py",
    "labels": [
        "position",
        "left_eye",
        "right_eye",
        "left_cheek",
        "right_cheek",
        "nose_base",
        "left_mouth",
        "right_mouth",
        "bottom_mouth"
    ],
    "regions": [
        {
            "label": 0,
            "probability": 0.999,
            "rect": {
                "bottom": 0.4375,
                "left": 0.40625,
                "right": 0.6484375,
                "top": 0.13671875
            }
        },
        {
            "label": 1,
            "probability": 0.999,
            "rect": {
                "bottom": 0.29938045,
                "left": 0.5664598,
                "right": 0.5664598,
                "top": 0.29938045
            }
        },
        {
            "label": 2,
            "probability": 0.999,
            "rect": {
                "bottom": 0.29799542,
                "left": 0.5002007,
                "right": 0.5002007,
                "top": 0.29799542
            }
        },
        {
            "label": 3,
            "probability": 0.999,
            "rect": {
                "bottom": 0.3177271,
                "left": 0.43383092,
                "right": 0.43383092,
                "top": 0.3177271
            }
        }
    ]
}