{
    "created_at": "2018-09-06T14:45:39.289417",
    "file_name": "000000244562.jpg",
    "generator": "convert_to_region_cropper.py",
    "labels": [
        "position",
        "left_eye",
        "right_eye",
        "left_cheek",
        "right_cheek",
        "nose_base",
        "left_mouth",
        "right_mouth",
        "bottom_mouth"
    ],
    "regions": [
        {
            "label": 0,
            "probability": 0.999,
            "rect": {
                "bottom": 0.234375,
                "left": 0.58203125,
                "right": 0.68359375,
                "top": 0.10546875
            }
        },
        {
            "label": 1,
            "probability": 0.999,
            "rect": {
                "bottom": 0.17389044,
                "left": 0.647044,
                "right": 0.647044,
                "top": 0.17389044
            }
        },
        {
            "label": 4,
            "probability": 0.999,
            "rect": {
                "bottom": 0.18112051,
                "left": 0.6692477,
                "right": 0.6692477,
                "top": 0.18112051
            }
        },
        {
            "label": 6,
            "probability": 0.999,
            "rect": {
                "bottom": 0.20902492,
                "left": 0.65498495,
                "right": 0.65498495,
                "top": 0.20902492
            }
        }
    ]
}