{
    "created_at": "2018-09-06T14:45:40.501761",
    "file_name": "000000250769.jpg",
    "generator": "convert_to_region_cropper.py",
    "labels": [
        "position",
        "left_eye",
        "right_eye",
        "left_cheek",
        "right_cheek",
        "nose_base",
        "left_mouth",
        "right_mouth",
        "bottom_mouth"
    ],
    "regions": [
        {
            "label": 0,
            "probability": 0.999,
            "rect": {
                "bottom": 0.34375,
                "left": 0.44140625,
                "right": 0.54296875,
                "top": 0.21484375
            }
        },
        {
            "label": 1,
            "probability": 0.999,
            "rect": {
                "bottom": 0.28332102,
                "left": 0.49435014,
                "right": 0.49435014,
                "top": 0.28332102
            }
        },
        {
            "label": 4,
            "probability": 0.999,
            "rect": {
                "bottom": 0.29197526,
                "left": 0.5233421,
                "right": 0.5233421,
                "top": 0.29197526
            }
        }
    ]
}