{
    "created_at": "2018-09-06T14:46:00.388755",
    "file_name": "000000337995.jpg",
    "generator": "convert_to_region_cropper.py",
    "labels": [
        "position",
        "left_eye",
        "right_eye",
        "left_cheek",
        "right_cheek",
        "nose_base",
        "left_mouth",
        "right_mouth",
        "bottom_mouth"
    ],
    "regions": [
        {
            "label": 0,
            "probability": 0.999,
            "rect": {
                "bottom": 0.6171875,
                "left": 0.1484375,
                "right": 0.359375,
                "top": 0.35546875
            }
        },
        {
            "label": 1,
            "probability": 0.999,
            "rect": {
                "bottom": 0.49121428,
                "left": 0.2782211,
                "right": 0.2782211,
                "top": 0.49121428
            }
        },
        {
            "label": 4,
            "probability": 0.999,
            "rect": {
                "bottom": 0.5130875,
                "left": 0.327836,
                "right": 0.327836,
                "top": 0.5130875
            }
        },
        {
            "label": 5,
            "probability": 0.999,
            "rect": {
                "bottom": 0.5454436,
                "left": 0.27134427,
                "right": 0.27134427,
                "top": 0.5454436
            }
        }
    ]
}