{
    "created_at": "2018-09-06T14:46:49.962170",
    "file_name": "000000558001.jpg",
    "generator": "convert_to_region_cropper.py",
    "labels": [
        "position",
        "left_eye",
        "right_eye",
        "left_cheek",
        "right_cheek",
        "nose_base",
        "left_mouth",
        "right_mouth",
        "bottom_mouth"
    ],
    "regions": [
        {
            "label": 0,
            "probability": 0.999,
            "rect": {
                "bottom": 0.2109375,
                "left": 0.41796875,
                "right": 0.5234375,
                "top": 0.07421875
            }
        },
        {
            "label": 2,
            "probability": 0.999,
            "rect": {
                "bottom": 0.15033087,
                "left": 0.45788705,
                "right": 0.45788705,
                "top": 0.15033087
            }
        },
        {
            "label": 3,
            "probability": 0.999,
            "rect": {
                "bottom": 0.16075921,
                "left": 0.43588462,
                "right": 0.43588462,
                "top": 0.16075921
            }
        }
    ]
}