{
    "created_at": "2018-09-06T14:46:32.125776",
    "file_name": "000000478211.jpg",
    "generator": "convert_to_region_cropper.py",
    "labels": [
        "position",
        "left_eye",
        "right_eye",
        "left_cheek",
        "right_cheek",
        "nose_base",
        "left_mouth",
        "right_mouth",
        "bottom_mouth"
    ],
    "regions": [
        {
            "label": 0,
            "probability": 0.999,
            "rect": {
                "bottom": 0.53515625,
                "left": 0.8515625,
                "right": 0.94921875,
                "top": 0.4140625
            }
        },
        {
            "label": 1,
            "probability": 0.999,
            "rect": {
                "bottom": 0.4782121,
                "left": 0.92019707,
                "right": 0.92019707,
                "top": 0.4782121
            }
        },
        {
            "label": 4,
            "probability": 0.999,
            "rect": {
                "bottom": 0.49612007,
                "left": 0.9204086,
                "right": 0.9204086,
                "top": 0.49612007
            }
        },
        {
            "label": 6,
            "probability": 0.999,
            "rect": {
                "bottom": 0.5112925,
                "left": 0.9164409,
                "right": 0.9164409,
                "top": 0.5112925
            }
        }
    ]
}