{
    "created_at": "2018-09-06T14:46:51.855343",
    "file_name": "000000566873.jpg",
    "generator": "convert_to_region_cropper.py",
    "labels": [
        "position",
        "left_eye",
        "right_eye",
        "left_cheek",
        "right_cheek",
        "nose_base",
        "left_mouth",
        "right_mouth",
        "bottom_mouth"
    ],
    "regions": [
        {
            "label": 0,
            "probability": 0.999,
            "rect": {
                "bottom": 0.4296875,
                "left": 0.83203125,
                "right": 0.9609375,
                "top": 0.26953125
            }
        },
        {
            "label": 1,
            "probability": 0.999,
            "rect": {
                "bottom": 0.35617492,
                "left": 0.9114098,
                "right": 0.9114098,
                "top": 0.35617492
            }
        },
        {
            "label": 4,
            "probability": 0.999,
            "rect": {
                "bottom": 0.35899583,
                "left": 0.9432,
                "right": 0.9432,
                "top": 0.35899583
            }
        },
        {
            "label": 6,
            "probability": 0.999,
            "rect": {
                "bottom": 0.39369082,
                "left": 0.9197585,
                "right": 0.9197585,
                "top": 0.39369082
            }
        }
    ]
}