{
    "created_at": "2018-09-06T14:46:05.476908",
    "file_name": "000000359999.jpg",
    "generator": "convert_to_region_cropper.py",
    "labels": [
        "position",
        "left_eye",
        "right_eye",
        "left_cheek",
        "right_cheek",
        "nose_base",
        "left_mouth",
        "right_mouth",
        "bottom_mouth"
    ],
    "regions": [
        {
            "label": 0,
            "probability": 0.999,
            "rect": {
                "bottom": 0.390625,
                "left": 0.48046875,
                "right": 0.58203125,
                "top": 0.26171875
            }
        },
        {
            "label": 2,
            "probability": 0.999,
            "rect": {
                "bottom": 0.32906383,
                "left": 0.52098167,
                "right": 0.52098167,
                "top": 0.32906383
            }
        },
        {
            "label": 3,
            "probability": 0.999,
            "rect": {
                "bottom": 0.34239867,
                "left": 0.49857143,
                "right": 0.49857143,
                "top": 0.34239867
            }
        },
        {
            "label": 5,
            "probability": 0.999,
            "rect": {
                "bottom": 0.35034412,
                "left": 0.5269375,
                "right": 0.5269375,
                "top": 0.35034412
            }
        }
    ]
}