{
    "created_at": "2018-09-06T14:45:22.189650",
    "file_name": "000000171631.jpg",
    "generator": "convert_to_region_cropper.py",
    "labels": [
        "position",
        "left_eye",
        "right_eye",
        "left_cheek",
        "right_cheek",
        "nose_base",
        "left_mouth",
        "right_mouth",
        "bottom_mouth"
    ],
    "regions": [
        {
            "label": 0,
            "probability": 0.999,
            "rect": {
                "bottom": 0.35546875,
                "left": 0.265625,
                "right": 0.49609375,
                "top": 0.06640625
            }
        },
        {
            "label": 2,
            "probability": 0.999,
            "rect": {
                "bottom": 0.22177142,
                "left": 0.34606826,
                "right": 0.34606826,
                "top": 0.22177142
            }
        },
        {
            "label": 3,
            "probability": 0.999,
            "rect": {
                "bottom": 0.24526522,
                "left": 0.29946858,
                "right": 0.29946858,
                "top": 0.24526522
            }
        },
        {
            "label": 7,
            "probability": 0.999,
            "rect": {
                "bottom": 0.29537198,
                "left": 0.3615258,
                "right": 0.3615258,
                "top": 0.29537198
            }
        }
    ]
}