{
    "created_at": "2018-09-06T14:45:31.981096",
    "file_name": "000000212588.jpg",
    "generator": "convert_to_region_cropper.py",
    "labels": [
        "position",
        "left_eye",
        "right_eye",
        "left_cheek",
        "right_cheek",
        "nose_base",
        "left_mouth",
        "right_mouth",
        "bottom_mouth"
    ],
    "regions": [
        {
            "label": 0,
            "probability": 0.999,
            "rect": {
                "bottom": 0.515625,
                "left": 0.69140625,
                "right": 0.80859375,
                "top": 0.375
            }
        },
        {
            "label": 1,
            "probability": 0.999,
            "rect": {
                "bottom": 0.45281786,
                "left": 0.76785284,
                "right": 0.76785284,
                "top": 0.45281786
            }
        },
        {
            "label": 4,
            "probability": 0.999,
            "rect": {
                "bottom": 0.46156088,
                "left": 0.7893876,
                "right": 0.7893876,
                "top": 0.46156088
            }
        },
        {
            "label": 5,
            "probability": 0.999,
            "rect": {
                "bottom": 0.47889283,
                "left": 0.7669327,
                "right": 0.7669327,
                "top": 0.47889283
            }
        }
    ]
}