{
    "created_at": "2018-09-06T14:44:58.433147",
    "file_name": "000000068462.jpg",
    "generator": "convert_to_region_cropper.py",
    "labels": [
        "position",
        "left_eye",
        "right_eye",
        "left_cheek",
        "right_cheek",
        "nose_base",
        "left_mouth",
        "right_mouth",
        "bottom_mouth"
    ],
    "regions": [
        {
            "label": 0,
            "probability": 0.999,
            "rect": {
                "bottom": 0.30078125,
                "left": 0.3671875,
                "right": 0.4609375,
                "top": 0.18359375
            }
        },
        {
            "label": 1,
            "probability": 0.999,
            "rect": {
                "bottom": 0.2467127,
                "left": 0.4309957,
                "right": 0.4309957,
                "top": 0.2467127
            }
        },
        {
            "label": 4,
            "probability": 0.999,
            "rect": {
                "bottom": 0.2604285,
                "left": 0.44071743,
                "right": 0.44071743,
                "top": 0.2604285
            }
        },
        {
            "label": 5,
            "probability": 0.999,
            "rect": {
                "bottom": 0.2668112,
                "left": 0.4165998,
                "right": 0.4165998,
                "top": 0.2668112
            }
        }
    ]
}