{
    "created_at": "2018-09-06T14:44:48.977693",
    "file_name": "000000029658.jpg",
    "generator": "convert_to_region_cropper.py",
    "labels": [
        "position",
        "left_eye",
        "right_eye",
        "left_cheek",
        "right_cheek",
        "nose_base",
        "left_mouth",
        "right_mouth",
        "bottom_mouth"
    ],
    "regions": [
        {
            "label": 0,
            "probability": 0.999,
            "rect": {
                "bottom": 0.36328125,
                "left": 0.796875,
                "right": 0.90234375,
                "top": 0.23046875
            }
        },
        {
            "label": 1,
            "probability": 0.999,
            "rect": {
                "bottom": 0.3203356,
                "left": 0.8635325,
                "right": 0.8635325,
                "top": 0.3203356
            }
        },
        {
            "label": 2,
            "probability": 0.999,
            "rect": {
                "bottom": 0.30139333,
                "left": 0.84149235,
                "right": 0.84149235,
                "top": 0.30139333
            }
        },
        {
            "label": 3,
            "probability": 0.999,
            "rect": {
                "bottom": 0.29867095,
                "left": 0.8225764,
                "right": 0.8225764,
                "top": 0.29867095
            }
        }
    ]
}