{
    "created_at": "2018-09-06T14:45:52.753515",
    "file_name": "000000305395.jpg",
    "generator": "convert_to_region_cropper.py",
    "labels": [
        "position",
        "left_eye",
        "right_eye",
        "left_cheek",
        "right_cheek",
        "nose_base",
        "left_mouth",
        "right_mouth",
        "bottom_mouth"
    ],
    "regions": [
        {
            "label": 0,
            "probability": 0.999,
            "rect": {
                "bottom": 0.2421875,
                "left": 0.390625,
                "right": 0.5234375,
                "top": 0.078125
            }
        },
        {
            "label": 2,
            "probability": 0.999,
            "rect": {
                "bottom": 0.16702317,
                "left": 0.4309525,
                "right": 0.4309525,
                "top": 0.16702317
            }
        },
        {
            "label": 3,
            "probability": 0.999,
            "rect": {
                "bottom": 0.17726815,
                "left": 0.4296982,
                "right": 0.4296982,
                "top": 0.17726815
            }
        },
        {
            "label": 5,
            "probability": 0.999,
            "rect": {
                "bottom": 0.19107433,
                "left": 0.4594173,
                "right": 0.4594173,
                "top": 0.19107433
            }
        }
    ]
}