{
    "created_at": "2018-09-06T14:46:45.435598",
    "file_name": "000000537914.jpg",
    "generator": "convert_to_region_cropper.py",
    "labels": [
        "position",
        "left_eye",
        "right_eye",
        "left_cheek",
        "right_cheek",
        "nose_base",
        "left_mouth",
        "right_mouth",
        "bottom_mouth"
    ],
    "regions": [
        {
            "label": 0,
            "probability": 0.999,
            "rect": {
                "bottom": 0.48046875,
                "left": 0.50390625,
                "right": 0.61328125,
                "top": 0.34375
            }
        },
        {
            "label": 1,
            "probability": 0.999,
            "rect": {
                "bottom": 0.4247625,
                "left": 0.57733595,
                "right": 0.57733595,
                "top": 0.4247625
            }
        },
        {
            "label": 2,
            "probability": 0.999,
            "rect": {
                "bottom": 0.4210183,
                "left": 0.5442807,
                "right": 0.5442807,
                "top": 0.4210183
            }
        },
        {
            "label": 3,
            "probability": 0.999,
            "rect": {
                "bottom": 0.4281582,
                "left": 0.51824474,
                "right": 0.51824474,
                "top": 0.4281582
            }
        }
    ]
}