{
    "created_at": "2018-09-06T14:46:05.243035",
    "file_name": "000000359047.jpg",
    "generator": "convert_to_region_cropper.py",
    "labels": [
        "position",
        "left_eye",
        "right_eye",
        "left_cheek",
        "right_cheek",
        "nose_base",
        "left_mouth",
        "right_mouth",
        "bottom_mouth"
    ],
    "regions": [
        {
            "label": 0,
            "probability": 0.999,
            "rect": {
                "bottom": 0.50390625,
                "left": 0.6875,
                "right": 0.81640625,
                "top": 0.34375
            }
        },
        {
            "label": 1,
            "probability": 0.999,
            "rect": {
                "bottom": 0.43358022,
                "left": 0.7629377,
                "right": 0.7629377,
                "top": 0.43358022
            }
        },
        {
            "label": 4,
            "probability": 0.999,
            "rect": {
                "bottom": 0.43844756,
                "left": 0.79492897,
                "right": 0.79492897,
                "top": 0.43844756
            }
        },
        {
            "label": 6,
            "probability": 0.999,
            "rect": {
                "bottom": 0.46611822,
                "left": 0.773142,
                "right": 0.773142,
                "top": 0.46611822
            }
        }
    ]
}