{
    "created_at": "2018-09-06T14:45:05.368738",
    "file_name": "000000098178.jpg",
    "generator": "convert_to_region_cropper.py",
    "labels": [
        "position",
        "left_eye",
        "right_eye",
        "left_cheek",
        "right_cheek",
        "nose_base",
        "left_mouth",
        "right_mouth",
        "bottom_mouth"
    ],
    "regions": [
        {
            "label": 0,
            "probability": 0.999,
            "rect": {
                "bottom": 0.47265625,
                "left": 0.44140625,
                "right": 0.5859375,
                "top": 0.29296875
            }
        },
        {
            "label": 1,
            "probability": 0.999,
            "rect": {
                "bottom": 0.37772894,
                "left": 0.53203744,
                "right": 0.53203744,
                "top": 0.37772894
            }
        },
        {
            "label": 4,
            "probability": 0.999,
            "rect": {
                "bottom": 0.3905811,
                "left": 0.5439801,
                "right": 0.5439801,
                "top": 0.3905811
            }
        }
    ]
}