{
    "created_at": "2018-09-06T14:44:53.084999",
    "file_name": "000000047480.jpg",
    "generator": "convert_to_region_cropper.py",
    "labels": [
        "position",
        "left_eye",
        "right_eye",
        "left_cheek",
        "right_cheek",
        "nose_base",
        "left_mouth",
        "right_mouth",
        "bottom_mouth"
    ],
    "regions": [
        {
            "label": 0,
            "probability": 0.999,
            "rect": {
                "bottom": 0.85546875,
                "left": 0.1328125,
                "right": 0.25,
                "top": 0.7109375
            }
        },
        {
            "label": 5,
            "probability": 0.999,
            "rect": {
                "bottom": 0.8112218,
                "left": 0.18441822,
                "right": 0.18441822,
                "top": 0.8112218
            }
        },
        {
            "label": 6,
            "probability": 0.999,
            "rect": {
                "bottom": 0.83473235,
                "left": 0.19593409,
                "right": 0.19593409,
                "top": 0.83473235
            }
        },
        {
            "label": 8,
            "probability": 0.999,
            "rect": {
                "bottom": 0.82587814,
                "left": 0.187521,
                "right": 0.187521,
                "top": 0.82587814
            }
        }
    ]
}