{
    "created_at": "2018-09-06T14:46:33.012029",
    "file_name": "000000482248.jpg",
    "generator": "convert_to_region_cropper.py",
    "labels": [
        "position",
        "left_eye",
        "right_eye",
        "left_cheek",
        "right_cheek",
        "nose_base",
        "left_mouth",
        "right_mouth",
        "bottom_mouth"
    ],
    "regions": [
        {
            "label": 0,
            "probability": 0.999,
            "rect": {
                "bottom": 0.2578125,
                "left": 0.17578125,
                "right": 0.33203125,
                "top": 0.06640625
            }
        },
        {
            "label": 2,
            "probability": 0.999,
            "rect": {
                "bottom": 0.17771152,
                "left": 0.25825676,
                "right": 0.25825676,
                "top": 0.17771152
            }
        },
        {
            "label": 3,
            "probability": 0.999,
            "rect": {
                "bottom": 0.18441026,
                "left": 0.22668235,
                "right": 0.22668235,
                "top": 0.18441026
            }
        },
        {
            "label": 5,
            "probability": 0.999,
            "rect": {
                "bottom": 0.21303348,
                "left": 0.24977186,
                "right": 0.24977186,
                "top": 0.21303348
            }
        }
    ]
}