{
    "created_at": "2018-09-06T14:46:13.882253",
    "file_name": "000000397401.jpg",
    "generator": "convert_to_region_cropper.py",
    "labels": [
        "position",
        "left_eye",
        "right_eye",
        "left_cheek",
        "right_cheek",
        "nose_base",
        "left_mouth",
        "right_mouth",
        "bottom_mouth"
    ],
    "regions": [
        {
            "label": 0,
            "probability": 0.999,
            "rect": {
                "bottom": 0.48828125,
                "left": 0.41015625,
                "right": 0.53125,
                "top": 0.3359375
            }
        },
        {
            "label": 2,
            "probability": 0.999,
            "rect": {
                "bottom": 0.41859555,
                "left": 0.45493537,
                "right": 0.45493537,
                "top": 0.41859555
            }
        },
        {
            "label": 3,
            "probability": 0.999,
            "rect": {
                "bottom": 0.43732223,
                "left": 0.43632016,
                "right": 0.43632016,
                "top": 0.43732223
            }
        },
        {
            "label": 7,
            "probability": 0.999,
            "rect": {
                "bottom": 0.45629326,
                "left": 0.4604724,
                "right": 0.4604724,
                "top": 0.45629326
            }
        }
    ]
}