{
    "created_at": "2018-09-06T14:46:11.012433",
    "file_name": "000000383685.jpg",
    "generator": "convert_to_region_cropper.py",
    "labels": [
        "position",
        "left_eye",
        "right_eye",
        "left_cheek",
        "right_cheek",
        "nose_base",
        "left_mouth",
        "right_mouth",
        "bottom_mouth"
    ],
    "regions": [
        {
            "label": 0,
            "probability": 0.999,
            "rect": {
                "bottom": 0.4765625,
                "left": 0.2421875,
                "right": 0.3515625,
                "top": 0.34375
            }
        },
        {
            "label": 3,
            "probability": 0.999,
            "rect": {
                "bottom": 0.42899606,
                "left": 0.27168247,
                "right": 0.27168247,
                "top": 0.42899606
            }
        },
        {
            "label": 8,
            "probability": 0.999,
            "rect": {
                "bottom": 0.43904805,
                "left": 0.30958822,
                "right": 0.30958822,
                "top": 0.43904805
            }
        }
    ]
}