{
    "created_at": "2018-09-06T14:46:27.350599",
    "file_name": "000000457181.jpg",
    "generator": "convert_to_region_cropper.py",
    "labels": [
        "position",
        "left_eye",
        "right_eye",
        "left_cheek",
        "right_cheek",
        "nose_base",
        "left_mouth",
        "right_mouth",
        "bottom_mouth"
    ],
    "regions": [
        {
            "label": 0,
            "probability": 0.999,
            "rect": {
                "bottom": 0.23046875,
                "left": 0.375,
                "right": 0.46875,
                "top": 0.11328125
            }
        },
        {
            "label": 0,
            "probability": 0.999,
            "rect": {
                "bottom": 0.203125,
                "left": 0.77734375,
                "right": 0.8828125,
                "top": 0.0703125
            }
        },
        {
            "label": 4,
            "probability": 0.999,
            "rect": {
                "bottom": 0.16211423,
                "left": 0.8594622,
                "right": 0.8594622,
                "top": 0.16211423
            }
        },
        {
            "label": 5,
            "probability": 0.999,
            "rect": {
                "bottom": 0.16378027,
                "left": 0.8241289,
                "right": 0.8241289,
                "top": 0.16378027
            }
        }
    ]
}