{
    "created_at": "2018-09-06T14:45:59.040936",
    "file_name": "000000331926.jpg",
    "generator": "convert_to_region_cropper.py",
    "labels": [
        "position",
        "left_eye",
        "right_eye",
        "left_cheek",
        "right_cheek",
        "nose_base",
        "left_mouth",
        "right_mouth",
        "bottom_mouth"
    ],
    "regions": [
        {
            "label": 0,
            "probability": 0.999,
            "rect": {
                "bottom": 0.63671875,
                "left": 0.375,
                "right": 0.48828125,
                "top": 0.49609375
            }
        },
        {
            "label": 1,
            "probability": 0.999,
            "rect": {
                "bottom": 0.56779194,
                "left": 0.4449382,
                "right": 0.4449382,
                "top": 0.56779194
            }
        },
        {
            "label": 5,
            "probability": 0.999,
            "rect": {
                "bottom": 0.59788644,
                "left": 0.4377552,
                "right": 0.4377552,
                "top": 0.59788644
            }
        },
        {
            "label": 7,
            "probability": 0.999,
            "rect": {
                "bottom": 0.6157851,
                "left": 0.42374316,
                "right": 0.42374316,
                "top": 0.6157851
            }
        }
    ]
}