{
    "created_at": "2018-09-06T14:45:28.607864",
    "file_name": "000000197741.jpg",
    "generator": "convert_to_region_cropper.py",
    "labels": [
        "position",
        "left_eye",
        "right_eye",
        "left_cheek",
        "right_cheek",
        "nose_base",
        "left_mouth",
        "right_mouth",
        "bottom_mouth"
    ],
    "regions": [
        {
            "label": 0,
            "probability": 0.999,
            "rect": {
                "bottom": 0.60546875,
                "left": 0.68359375,
                "right": 0.94140625,
                "top": 0.28125
            }
        },
        {
            "label": 1,
            "probability": 0.999,
            "rect": {
                "bottom": 0.44933644,
                "left": 0.85394585,
                "right": 0.85394585,
                "top": 0.44933644
            }
        },
        {
            "label": 4,
            "probability": 0.999,
            "rect": {
                "bottom": 0.4924161,
                "left": 0.9121187,
                "right": 0.9121187,
                "top": 0.4924161
            }
        },
        {
            "label": 6,
            "probability": 0.999,
            "rect": {
                "bottom": 0.5466042,
                "left": 0.83741736,
                "right": 0.83741736,
                "top": 0.5466042
            }
        }
    ]
}