{
    "created_at": "2018-09-06T14:45:28.064274",
    "file_name": "000000195338.jpg",
    "generator": "convert_to_region_cropper.py",
    "labels": [
        "position",
        "left_eye",
        "right_eye",
        "left_cheek",
        "right_cheek",
        "nose_base",
        "left_mouth",
        "right_mouth",
        "bottom_mouth"
    ],
    "regions": [
        {
            "label": 0,
            "probability": 0.999,
            "rect": {
                "bottom": 0.23046875,
                "left": 0.640625,
                "right": 0.75,
                "top": 0.09375
            }
        },
        {
            "label": 1,
            "probability": 0.999,
            "rect": {
                "bottom": 0.16697086,
                "left": 0.7114448,
                "right": 0.7114448,
                "top": 0.16697086
            }
        },
        {
            "label": 4,
            "probability": 0.999,
            "rect": {
                "bottom": 0.17495917,
                "left": 0.73482287,
                "right": 0.73482287,
                "top": 0.17495917
            }
        },
        {
            "label": 5,
            "probability": 0.999,
            "rect": {
                "bottom": 0.19810261,
                "left": 0.69558537,
                "right": 0.69558537,
                "top": 0.19810261
            }
        }
    ]
}