{
    "created_at": "2018-09-06T14:46:34.175393",
    "file_name": "000000488482.jpg",
    "generator": "convert_to_region_cropper.py",
    "labels": [
        "position",
        "left_eye",
        "right_eye",
        "left_cheek",
        "right_cheek",
        "nose_base",
        "left_mouth",
        "right_mouth",
        "bottom_mouth"
    ],
    "regions": [
        {
            "label": 0,
            "probability": 0.999,
            "rect": {
                "bottom": 0.41015625,
                "left": 0.4453125,
                "right": 0.61328125,
                "top": 0.203125
            }
        },
        {
            "label": 1,
            "probability": 0.999,
            "rect": {
                "bottom": 0.31550318,
                "left": 0.5545422,
                "right": 0.5545422,
                "top": 0.31550318
            }
        },
        {
            "label": 2,
            "probability": 0.999,
            "rect": {
                "bottom": 0.3124318,
                "left": 0.51934224,
                "right": 0.51934224,
                "top": 0.3124318
            }
        },
        {
            "label": 5,
            "probability": 0.999,
            "rect": {
                "bottom": 0.35165352,
                "left": 0.5265244,
                "right": 0.5265244,
                "top": 0.35165352
            }
        }
    ]
}