{
    "created_at": "2018-09-06T14:45:03.208318",
    "file_name": "000000088818.jpg",
    "generator": "convert_to_region_cropper.py",
    "labels": [
        "position",
        "left_eye",
        "right_eye",
        "left_cheek",
        "right_cheek",
        "nose_base",
        "left_mouth",
        "right_mouth",
        "bottom_mouth"
    ],
    "regions": [
        {
            "label": 0,
            "probability": 0.999,
            "rect": {
                "bottom": 0.22265625,
                "left": 0.44921875,
                "right": 0.6015625,
                "top": 0.03125
            }
        },
        {
            "label": 2,
            "probability": 0.999,
            "rect": {
                "bottom": 0.13538858,
                "left": 0.4998364,
                "right": 0.4998364,
                "top": 0.13538858
            }
        },
        {
            "label": 5,
            "probability": 0.999,
            "rect": {
                "bottom": 0.15712847,
                "left": 0.5412584,
                "right": 0.5412584,
                "top": 0.15712847
            }
        },
        {
            "label": 8,
            "probability": 0.999,
            "rect": {
                "bottom": 0.17548671,
                "left": 0.5510864,
                "right": 0.5510864,
                "top": 0.17548671
            }
        }
    ]
}