{
    "created_at": "2018-09-06T14:45:20.250287",
    "file_name": "000000162401.jpg",
    "generator": "convert_to_region_cropper.py",
    "labels": [
        "position",
        "left_eye",
        "right_eye",
        "left_cheek",
        "right_cheek",
        "nose_base",
        "left_mouth",
        "right_mouth",
        "bottom_mouth"
    ],
    "regions": [
        {
            "label": 0,
            "probability": 0.999,
            "rect": {
                "bottom": 0.37109375,
                "left": 0.64453125,
                "right": 0.7578125,
                "top": 0.2265625
            }
        },
        {
            "label": 1,
            "probability": 0.999,
            "rect": {
                "bottom": 0.3065627,
                "left": 0.71523106,
                "right": 0.71523106,
                "top": 0.3065627
            }
        },
        {
            "label": 4,
            "probability": 0.999,
            "rect": {
                "bottom": 0.31953764,
                "left": 0.7347878,
                "right": 0.7347878,
                "top": 0.31953764
            }
        }
    ]
}