{
    "created_at": "2018-09-06T14:46:20.720799",
    "file_name": "000000427834.jpg",
    "generator": "convert_to_region_cropper.py",
    "labels": [
        "position",
        "left_eye",
        "right_eye",
        "left_cheek",
        "right_cheek",
        "nose_base",
        "left_mouth",
        "right_mouth",
        "bottom_mouth"
    ],
    "regions": [
        {
            "label": 0,
            "probability": 0.999,
            "rect": {
                "bottom": 0.18359375,
                "left": 0.42578125,
                "right": 0.546875,
                "top": 0.02734375
            }
        },
        {
            "label": 1,
            "probability": 0.999,
            "rect": {
                "bottom": 0.11519463,
                "left": 0.5052367,
                "right": 0.5052367,
                "top": 0.11519463
            }
        },
        {
            "label": 6,
            "probability": 0.999,
            "rect": {
                "bottom": 0.1488943,
                "left": 0.49281752,
                "right": 0.49281752,
                "top": 0.1488943
            }
        }
    ]
}