{
    "created_at": "2018-09-06T14:46:39.796544",
    "file_name": "000000513889.jpg",
    "generator": "convert_to_region_cropper.py",
    "labels": [
        "position",
        "left_eye",
        "right_eye",
        "left_cheek",
        "right_cheek",
        "nose_base",
        "left_mouth",
        "right_mouth",
        "bottom_mouth"
    ],
    "regions": [
        {
            "label": 0,
            "probability": 0.999,
            "rect": {
                "bottom": 0.62890625,
                "left": 0.5390625,
                "right": 0.65625,
                "top": 0.484375
            }
        },
        {
            "label": 1,
            "probability": 0.999,
            "rect": {
                "bottom": 0.5632533,
                "left": 0.61196846,
                "right": 0.61196846,
                "top": 0.5632533
            }
        },
        {
            "label": 4,
            "probability": 0.999,
            "rect": {
                "bottom": 0.5758227,
                "left": 0.6332194,
                "right": 0.6332194,
                "top": 0.5758227
            }
        },
        {
            "label": 6,
            "probability": 0.999,
            "rect": {
                "bottom": 0.59767306,
                "left": 0.6162729,
                "right": 0.6162729,
                "top": 0.59767306
            }
        }
    ]
}