{
    "created_at": "2018-09-06T14:46:05.105202",
    "file_name": "000000358373.jpg",
    "generator": "convert_to_region_cropper.py",
    "labels": [
        "position",
        "left_eye",
        "right_eye",
        "left_cheek",
        "right_cheek",
        "nose_base",
        "left_mouth",
        "right_mouth",
        "bottom_mouth"
    ],
    "regions": [
        {
            "label": 0,
            "probability": 0.999,
            "rect": {
                "bottom": 0.45703125,
                "left": 0.0859375,
                "right": 0.27734375,
                "top": 0.21875
            }
        },
        {
            "label": 2,
            "probability": 0.999,
            "rect": {
                "bottom": 0.3472008,
                "left": 0.18552673,
                "right": 0.18552673,
                "top": 0.3472008
            }
        },
        {
            "label": 3,
            "probability": 0.999,
            "rect": {
                "bottom": 0.35105005,
                "left": 0.14277141,
                "right": 0.14277141,
                "top": 0.35105005
            }
        },
        {
            "label": 5,
            "probability": 0.999,
            "rect": {
                "bottom": 0.387312,
                "left": 0.1691808,
                "right": 0.1691808,
                "top": 0.387312
            }
        }
    ]
}