{
    "created_at": "2018-09-06T14:45:47.933702",
    "file_name": "000000284415.jpg",
    "generator": "convert_to_region_cropper.py",
    "labels": [
        "position",
        "left_eye",
        "right_eye",
        "left_cheek",
        "right_cheek",
        "nose_base",
        "left_mouth",
        "right_mouth",
        "bottom_mouth"
    ],
    "regions": [
        {
            "label": 0,
            "probability": 0.999,
            "rect": {
                "bottom": 0.34765625,
                "left": 0.41015625,
                "right": 0.546875,
                "top": 0.17578125
            }
        },
        {
            "label": 1,
            "probability": 0.999,
            "rect": {
                "bottom": 0.26560667,
                "left": 0.5029846,
                "right": 0.5029846,
                "top": 0.26560667
            }
        },
        {
            "label": 2,
            "probability": 0.999,
            "rect": {
                "bottom": 0.26958457,
                "left": 0.4571632,
                "right": 0.4571632,
                "top": 0.26958457
            }
        },
        {
            "label": 3,
            "probability": 0.999,
            "rect": {
                "bottom": 0.28682598,
                "left": 0.43376893,
                "right": 0.43376893,
                "top": 0.28682598
            }
        }
    ]
}