{
    "created_at": "2018-09-06T14:45:08.588000",
    "file_name": "000000111881.jpg",
    "generator": "convert_to_region_cropper.py",
    "labels": [
        "position",
        "left_eye",
        "right_eye",
        "left_cheek",
        "right_cheek",
        "nose_base",
        "left_mouth",
        "right_mouth",
        "bottom_mouth"
    ],
    "regions": [
        {
            "label": 0,
            "probability": 0.999,
            "rect": {
                "bottom": 0.33984375,
                "left": 0.4140625,
                "right": 0.5078125,
                "top": 0.2265625
            }
        },
        {
            "label": 1,
            "probability": 0.999,
            "rect": {
                "bottom": 0.29141456,
                "left": 0.47401607,
                "right": 0.47401607,
                "top": 0.29141456
            }
        },
        {
            "label": 5,
            "probability": 0.999,
            "rect": {
                "bottom": 0.3144208,
                "left": 0.46256164,
                "right": 0.46256164,
                "top": 0.3144208
            }
        }
    ]
}