{
    "created_at": "2018-09-06T14:46:12.821438",
    "file_name": "000000392695.jpg",
    "generator": "convert_to_region_cropper.py",
    "labels": [
        "position",
        "left_eye",
        "right_eye",
        "left_cheek",
        "right_cheek",
        "nose_base",
        "left_mouth",
        "right_mouth",
        "bottom_mouth"
    ],
    "regions": [
        {
            "label": 0,
            "probability": 0.999,
            "rect": {
                "bottom": 0.32421875,
                "left": 0.4609375,
                "right": 0.5625,
                "top": 0.19921875
            }
        },
        {
            "label": 2,
            "probability": 0.999,
            "rect": {
                "bottom": 0.26429185,
                "left": 0.49772957,
                "right": 0.49772957,
                "top": 0.26429185
            }
        },
        {
            "label": 3,
            "probability": 0.999,
            "rect": {
                "bottom": 0.28029466,
                "left": 0.47858423,
                "right": 0.47858423,
                "top": 0.28029466
            }
        }
    ]
}