{
    "created_at": "2018-09-06T14:46:42.511921",
    "file_name": "000000525757.jpg",
    "generator": "convert_to_region_cropper.py",
    "labels": [
        "position",
        "left_eye",
        "right_eye",
        "left_cheek",
        "right_cheek",
        "nose_base",
        "left_mouth",
        "right_mouth",
        "bottom_mouth"
    ],
    "regions": [
        {
            "label": 0,
            "probability": 0.999,
            "rect": {
                "bottom": 0.48046875,
                "left": 0.6015625,
                "right": 0.703125,
                "top": 0.35546875
            }
        },
        {
            "label": 1,
            "probability": 0.999,
            "rect": {
                "bottom": 0.42449668,
                "left": 0.67163426,
                "right": 0.67163426,
                "top": 0.42449668
            }
        },
        {
            "label": 4,
            "probability": 0.999,
            "rect": {
                "bottom": 0.4353663,
                "left": 0.68851465,
                "right": 0.68851465,
                "top": 0.4353663
            }
        }
    ]
}