{
    "created_at": "2018-09-06T14:46:17.642415",
    "file_name": "000000414827.jpg",
    "generator": "convert_to_region_cropper.py",
    "labels": [
        "position",
        "left_eye",
        "right_eye",
        "left_cheek",
        "right_cheek",
        "nose_base",
        "left_mouth",
        "right_mouth",
        "bottom_mouth"
    ],
    "regions": [
        {
            "label": 0,
            "probability": 0.999,
            "rect": {
                "bottom": 0.35546875,
                "left": 0.29296875,
                "right": 0.40625,
                "top": 0.20703125
            }
        },
        {
            "label": 1,
            "probability": 0.999,
            "rect": {
                "bottom": 0.28626224,
                "left": 0.36480498,
                "right": 0.36480498,
                "top": 0.28626224
            }
        },
        {
            "label": 4,
            "probability": 0.999,
            "rect": {
                "bottom": 0.29909348,
                "left": 0.38785028,
                "right": 0.38785028,
                "top": 0.29909348
            }
        },
        {
            "label": 6,
            "probability": 0.999,
            "rect": {
                "bottom": 0.32141852,
                "left": 0.3706054,
                "right": 0.3706054,
                "top": 0.32141852
            }
        }
    ]
}