{
    "created_at": "2018-09-06T14:44:54.144116",
    "file_name": "000000051315.jpg",
    "generator": "convert_to_region_cropper.py",
    "labels": [
        "position",
        "left_eye",
        "right_eye",
        "left_cheek",
        "right_cheek",
        "nose_base",
        "left_mouth",
        "right_mouth",
        "bottom_mouth"
    ],
    "regions": [
        {
            "label": 0,
            "probability": 0.999,
            "rect": {
                "bottom": 0.15625,
                "left": 0.55859375,
                "right": 0.66015625,
                "top": 0.03125
            }
        },
        {
            "label": 3,
            "probability": 0.999,
            "rect": {
                "bottom": 0.10697999,
                "left": 0.5806258,
                "right": 0.5806258,
                "top": 0.10697999
            }
        },
        {
            "label": 5,
            "probability": 0.999,
            "rect": {
                "bottom": 0.11912518,
                "left": 0.60412174,
                "right": 0.60412174,
                "top": 0.11912518
            }
        },
        {
            "label": 7,
            "probability": 0.999,
            "rect": {
                "bottom": 0.13108517,
                "left": 0.602965,
                "right": 0.602965,
                "top": 0.13108517
            }
        }
    ]
}