{
    "created_at": "2018-09-06T14:44:52.290168",
    "file_name": "000000043898.jpg",
    "generator": "convert_to_region_cropper.py",
    "labels": [
        "position",
        "left_eye",
        "right_eye",
        "left_cheek",
        "right_cheek",
        "nose_base",
        "left_mouth",
        "right_mouth",
        "bottom_mouth"
    ],
    "regions": [
        {
            "label": 0,
            "probability": 0.999,
            "rect": {
                "bottom": 0.68359375,
                "left": 0.17578125,
                "right": 0.28125,
                "top": 0.546875
            }
        },
        {
            "label": 1,
            "probability": 0.999,
            "rect": {
                "bottom": 0.6202731,
                "left": 0.24243231,
                "right": 0.24243231,
                "top": 0.6202731
            }
        },
        {
            "label": 4,
            "probability": 0.999,
            "rect": {
                "bottom": 0.6338102,
                "left": 0.26035234,
                "right": 0.26035234,
                "top": 0.6338102
            }
        },
        {
            "label": 6,
            "probability": 0.999,
            "rect": {
                "bottom": 0.6531127,
                "left": 0.2382293,
                "right": 0.2382293,
                "top": 0.6531127
            }
        }
    ]
}