{
    "created_at": "2018-09-06T14:45:42.108174",
    "file_name": "000000258067.jpg",
    "generator": "convert_to_region_cropper.py",
    "labels": [
        "position",
        "left_eye",
        "right_eye",
        "left_cheek",
        "right_cheek",
        "nose_base",
        "left_mouth",
        "right_mouth",
        "bottom_mouth"
    ],
    "regions": [
        {
            "label": 0,
            "probability": 0.999,
            "rect": {
                "bottom": 0.26953125,
                "left": 0.34765625,
                "right": 0.44921875,
                "top": 0.14453125
            }
        },
        {
            "label": 1,
            "probability": 0.999,
            "rect": {
                "bottom": 0.20369966,
                "left": 0.41046098,
                "right": 0.41046098,
                "top": 0.20369966
            }
        },
        {
            "label": 2,
            "probability": 0.999,
            "rect": {
                "bottom": 0.2137498,
                "left": 0.38087064,
                "right": 0.38087064,
                "top": 0.2137498
            }
        },
        {
            "label": 3,
            "probability": 0.999,
            "rect": {
                "bottom": 0.23142461,
                "left": 0.37599728,
                "right": 0.37599728,
                "top": 0.23142461
            }
        }
    ]
}