{
    "created_at": "2018-09-06T14:46:25.127252",
    "file_name": "000000447218.jpg",
    "generator": "convert_to_region_cropper.py",
    "labels": [
        "position",
        "left_eye",
        "right_eye",
        "left_cheek",
        "right_cheek",
        "nose_base",
        "left_mouth",
        "right_mouth",
        "bottom_mouth"
    ],
    "regions": [
        {
            "label": 0,
            "probability": 0.999,
            "rect": {
                "bottom": 0.32421875,
                "left": 0.60546875,
                "right": 0.75390625,
                "top": 0.13671875
            }
        },
        {
            "label": 1,
            "probability": 0.999,
            "rect": {
                "bottom": 0.2379674,
                "left": 0.70522183,
                "right": 0.70522183,
                "top": 0.2379674
            }
        },
        {
            "label": 4,
            "probability": 0.999,
            "rect": {
                "bottom": 0.25524616,
                "left": 0.7383392,
                "right": 0.7383392,
                "top": 0.25524616
            }
        }
    ]
}