{
    "created_at": "2018-09-06T14:46:15.119786",
    "file_name": "000000403538.jpg",
    "generator": "convert_to_region_cropper.py",
    "labels": [
        "position",
        "left_eye",
        "right_eye",
        "left_cheek",
        "right_cheek",
        "nose_base",
        "left_mouth",
        "right_mouth",
        "bottom_mouth"
    ],
    "regions": [
        {
            "label": 0,
            "probability": 0.999,
            "rect": {
                "bottom": 0.3828125,
                "left": 0.5078125,
                "right": 0.64453125,
                "top": 0.21484375
            }
        },
        {
            "label": 1,
            "probability": 0.999,
            "rect": {
                "bottom": 0.30285415,
                "left": 0.59052855,
                "right": 0.59052855,
                "top": 0.30285415
            }
        },
        {
            "label": 4,
            "probability": 0.999,
            "rect": {
                "bottom": 0.31548566,
                "left": 0.61996,
                "right": 0.61996,
                "top": 0.31548566
            }
        },
        {
            "label": 5,
            "probability": 0.999,
            "rect": {
                "bottom": 0.33747247,
                "left": 0.5638272,
                "right": 0.5638272,
                "top": 0.33747247
            }
        }
    ]
}