{
    "created_at": "2018-09-06T14:46:24.610294",
    "file_name": "000000445260.jpg",
    "generator": "convert_to_region_cropper.py",
    "labels": [
        "position",
        "left_eye",
        "right_eye",
        "left_cheek",
        "right_cheek",
        "nose_base",
        "left_mouth",
        "right_mouth",
        "bottom_mouth"
    ],
    "regions": [
        {
            "label": 0,
            "probability": 0.999,
            "rect": {
                "bottom": 0.35546875,
                "left": 0.2734375,
                "right": 0.37109375,
                "top": 0.23828125
            }
        },
        {
            "label": 2,
            "probability": 0.999,
            "rect": {
                "bottom": 0.30215475,
                "left": 0.3120645,
                "right": 0.3120645,
                "top": 0.30215475
            }
        },
        {
            "label": 3,
            "probability": 0.999,
            "rect": {
                "bottom": 0.31286842,
                "left": 0.289216,
                "right": 0.289216,
                "top": 0.31286842
            }
        },
        {
            "label": 7,
            "probability": 0.999,
            "rect": {
                "bottom": 0.33081156,
                "left": 0.3083608,
                "right": 0.3083608,
                "top": 0.33081156
            }
        }
    ]
}