{
    "created_at": "2018-09-06T14:46:32.170419",
    "file_name": "000000478293.jpg",
    "generator": "convert_to_region_cropper.py",
    "labels": [
        "position",
        "left_eye",
        "right_eye",
        "left_cheek",
        "right_cheek",
        "nose_base",
        "left_mouth",
        "right_mouth",
        "bottom_mouth"
    ],
    "regions": [
        {
            "label": 0,
            "probability": 0.999,
            "rect": {
                "bottom": 0.38671875,
                "left": 0.34765625,
                "right": 0.4765625,
                "top": 0.22265625
            }
        },
        {
            "label": 1,
            "probability": 0.999,
            "rect": {
                "bottom": 0.3135281,
                "left": 0.42800778,
                "right": 0.42800778,
                "top": 0.3135281
            }
        },
        {
            "label": 3,
            "probability": 0.999,
            "rect": {
                "bottom": 0.3246774,
                "left": 0.36602032,
                "right": 0.36602032,
                "top": 0.3246774
            }
        },
        {
            "label": 7,
            "probability": 0.999,
            "rect": {
                "bottom": 0.341736,
                "left": 0.39199412,
                "right": 0.39199412,
                "top": 0.341736
            }
        }
    ]
}