{
    "created_at": "2018-09-06T14:46:52.375133",
    "file_name": "000000568676.jpg",
    "generator": "convert_to_region_cropper.py",
    "labels": [
        "position",
        "left_eye",
        "right_eye",
        "left_cheek",
        "right_cheek",
        "nose_base",
        "left_mouth",
        "right_mouth",
        "bottom_mouth"
    ],
    "regions": [
        {
            "label": 0,
            "probability": 0.999,
            "rect": {
                "bottom": 0.5625,
                "left": 0.43359375,
                "right": 0.53515625,
                "top": 0.4375
            }
        },
        {
            "label": 2,
            "probability": 0.999,
            "rect": {
                "bottom": 0.5078977,
                "left": 0.46968728,
                "right": 0.46968728,
                "top": 0.5078977
            }
        },
        {
            "label": 3,
            "probability": 0.999,
            "rect": {
                "bottom": 0.51701015,
                "left": 0.45402524,
                "right": 0.45402524,
                "top": 0.51701015
            }
        },
        {
            "label": 7,
            "probability": 0.999,
            "rect": {
                "bottom": 0.54699147,
                "left": 0.47734153,
                "right": 0.47734153,
                "top": 0.54699147
            }
        }
    ]
}