{
    "created_at": "2018-09-06T14:46:28.555990",
    "file_name": "000000461946.jpg",
    "generator": "convert_to_region_cropper.py",
    "labels": [
        "position",
        "left_eye",
        "right_eye",
        "left_cheek",
        "right_cheek",
        "nose_base",
        "left_mouth",
        "right_mouth",
        "bottom_mouth"
    ],
    "regions": [
        {
            "label": 0,
            "probability": 0.999,
            "rect": {
                "bottom": 0.26171875,
                "left": 0.51953125,
                "right": 0.625,
                "top": 0.1328125
            }
        },
        {
            "label": 1,
            "probability": 0.999,
            "rect": {
                "bottom": 0.20755877,
                "left": 0.5924337,
                "right": 0.5924337,
                "top": 0.20755877
            }
        },
        {
            "label": 2,
            "probability": 0.999,
            "rect": {
                "bottom": 0.20511492,
                "left": 0.5626461,
                "right": 0.5626461,
                "top": 0.20511492
            }
        },
        {
            "label": 3,
            "probability": 0.999,
            "rect": {
                "bottom": 0.22318377,
                "left": 0.55921376,
                "right": 0.55921376,
                "top": 0.22318377
            }
        }
    ]
}