{
    "created_at": "2018-09-06T14:46:52.987301",
    "file_name": "000000571578.jpg",
    "generator": "convert_to_region_cropper.py",
    "labels": [
        "position",
        "left_eye",
        "right_eye",
        "left_cheek",
        "right_cheek",
        "nose_base",
        "left_mouth",
        "right_mouth",
        "bottom_mouth"
    ],
    "regions": [
        {
            "label": 0,
            "probability": 0.999,
            "rect": {
                "bottom": 0.59375,
                "left": 0.31640625,
                "right": 0.6875,
                "top": 0.12890625
            }
        },
        {
            "label": 1,
            "probability": 0.999,
            "rect": {
                "bottom": 0.35749957,
                "left": 0.5492132,
                "right": 0.5492132,
                "top": 0.35749957
            }
        },
        {
            "label": 2,
            "probability": 0.999,
            "rect": {
                "bottom": 0.42687622,
                "left": 0.46731594,
                "right": 0.46731594,
                "top": 0.42687622
            }
        },
        {
            "label": 4,
            "probability": 0.999,
            "rect": {
                "bottom": 0.36145055,
                "left": 0.6079876,
                "right": 0.6079876,
                "top": 0.36145055
            }
        }
    ]
}