{
    "created_at": "2018-09-06T14:46:04.033230",
    "file_name": "000000353629.jpg",
    "generator": "convert_to_region_cropper.py",
    "labels": [
        "position",
        "left_eye",
        "right_eye",
        "left_cheek",
        "right_cheek",
        "nose_base",
        "left_mouth",
        "right_mouth",
        "bottom_mouth"
    ],
    "regions": [
        {
            "label": 0,
            "probability": 0.999,
            "rect": {
                "bottom": 0.21875,
                "left": 0.203125,
                "right": 0.3046875,
                "top": 0.09375
            }
        },
        {
            "label": 1,
            "probability": 0.999,
            "rect": {
                "bottom": 0.16198799,
                "left": 0.2692495,
                "right": 0.2692495,
                "top": 0.16198799
            }
        },
        {
            "label": 4,
            "probability": 0.999,
            "rect": {
                "bottom": 0.17638236,
                "left": 0.286122,
                "right": 0.286122,
                "top": 0.17638236
            }
        },
        {
            "label": 6,
            "probability": 0.999,
            "rect": {
                "bottom": 0.19720091,
                "left": 0.2707942,
                "right": 0.2707942,
                "top": 0.19720091
            }
        }
    ]
}