{
    "created_at": "2018-09-06T14:45:55.831505",
    "file_name": "000000318928.jpg",
    "generator": "convert_to_region_cropper.py",
    "labels": [
        "position",
        "left_eye",
        "right_eye",
        "left_cheek",
        "right_cheek",
        "nose_base",
        "left_mouth",
        "right_mouth",
        "bottom_mouth"
    ],
    "regions": [
        {
            "label": 0,
            "probability": 0.999,
            "rect": {
                "bottom": 0.29296875,
                "left": 0.53515625,
                "right": 0.69140625,
                "top": 0.1015625
            }
        },
        {
            "label": 1,
            "probability": 0.999,
            "rect": {
                "bottom": 0.20477015,
                "left": 0.63031566,
                "right": 0.63031566,
                "top": 0.20477015
            }
        },
        {
            "label": 3,
            "probability": 0.999,
            "rect": {
                "bottom": 0.21312596,
                "left": 0.5535192,
                "right": 0.5535192,
                "top": 0.21312596
            }
        }
    ]
}