{
    "created_at": "2018-09-06T14:45:30.107135",
    "file_name": "000000203981.jpg",
    "generator": "convert_to_region_cropper.py",
    "labels": [
        "position",
        "left_eye",
        "right_eye",
        "left_cheek",
        "right_cheek",
        "nose_base",
        "left_mouth",
        "right_mouth",
        "bottom_mouth"
    ],
    "regions": [
        {
            "label": 0,
            "probability": 0.999,
            "rect": {
                "bottom": 0.20703125,
                "left": 0.58984375,
                "right": 0.69921875,
                "top": 0.07421875
            }
        },
        {
            "label": 2,
            "probability": 0.999,
            "rect": {
                "bottom": 0.14575408,
                "left": 0.6367607,
                "right": 0.6367607,
                "top": 0.14575408
            }
        },
        {
            "label": 3,
            "probability": 0.999,
            "rect": {
                "bottom": 0.1547642,
                "left": 0.60820013,
                "right": 0.60820013,
                "top": 0.1547642
            }
        },
        {
            "label": 7,
            "probability": 0.999,
            "rect": {
                "bottom": 0.18290311,
                "left": 0.6306866,
                "right": 0.6306866,
                "top": 0.18290311
            }
        }
    ]
}