{
    "created_at": "2018-09-06T14:45:12.895282",
    "file_name": "000000128787.jpg",
    "generator": "convert_to_region_cropper.py",
    "labels": [
        "position",
        "left_eye",
        "right_eye",
        "left_cheek",
        "right_cheek",
        "nose_base",
        "left_mouth",
        "right_mouth",
        "bottom_mouth"
    ],
    "regions": [
        {
            "label": 0,
            "probability": 0.999,
            "rect": {
                "bottom": 0.234375,
                "left": 0.23828125,
                "right": 0.41796875,
                "top": 0.01171875
            }
        },
        {
            "label": 1,
            "probability": 0.999,
            "rect": {
                "bottom": 0.13161494,
                "left": 0.34310067,
                "right": 0.34310067,
                "top": 0.13161494
            }
        },
        {
            "label": 4,
            "probability": 0.999,
            "rect": {
                "bottom": 0.14062366,
                "left": 0.39120048,
                "right": 0.39120048,
                "top": 0.14062366
            }
        },
        {
            "label": 6,
            "probability": 0.999,
            "rect": {
                "bottom": 0.18191841,
                "left": 0.35885808,
                "right": 0.35885808,
                "top": 0.18191841
            }
        }
    ]
}