{
    "created_at": "2018-09-06T14:46:37.730868",
    "file_name": "000000504695.jpg",
    "generator": "convert_to_region_cropper.py",
    "labels": [
        "position",
        "left_eye",
        "right_eye",
        "left_cheek",
        "right_cheek",
        "nose_base",
        "left_mouth",
        "right_mouth",
        "bottom_mouth"
    ],
    "regions": [
        {
            "label": 0,
            "probability": 0.999,
            "rect": {
                "bottom": 0.4453125,
                "left": 0.46484375,
                "right": 0.55859375,
                "top": 0.328125
            }
        },
        {
            "label": 1,
            "probability": 0.999,
            "rect": {
                "bottom": 0.39113504,
                "left": 0.52853554,
                "right": 0.52853554,
                "top": 0.39113504
            }
        },
        {
            "label": 3,
            "probability": 0.999,
            "rect": {
                "bottom": 0.41580123,
                "left": 0.4973702,
                "right": 0.4973702,
                "top": 0.41580123
            }
        }
    ]
}