{
    "created_at": "2018-09-06T14:46:14.323648",
    "file_name": "000000399847.jpg",
    "generator": "convert_to_region_cropper.py",
    "labels": [
        "position",
        "left_eye",
        "right_eye",
        "left_cheek",
        "right_cheek",
        "nose_base",
        "left_mouth",
        "right_mouth",
        "bottom_mouth"
    ],
    "regions": [
        {
            "label": 0,
            "probability": 0.999,
            "rect": {
                "bottom": 0.22265625,
                "left": 0.25,
                "right": 0.41015625,
                "top": 0.0234375
            }
        },
        {
            "label": 1,
            "probability": 0.999,
            "rect": {
                "bottom": 0.13430265,
                "left": 0.34128618,
                "right": 0.34128618,
                "top": 0.13430265
            }
        },
        {
            "label": 2,
            "probability": 0.999,
            "rect": {
                "bottom": 0.13337861,
                "left": 0.30534828,
                "right": 0.30534828,
                "top": 0.13337861
            }
        },
        {
            "label": 3,
            "probability": 0.999,
            "rect": {
                "bottom": 0.17074609,
                "left": 0.27649617,
                "right": 0.27649617,
                "top": 0.17074609
            }
        }
    ]
}