{
    "created_at": "2018-09-06T14:46:28.739849",
    "file_name": "000000462506.jpg",
    "generator": "convert_to_region_cropper.py",
    "labels": [
        "position",
        "left_eye",
        "right_eye",
        "left_cheek",
        "right_cheek",
        "nose_base",
        "left_mouth",
        "right_mouth",
        "bottom_mouth"
    ],
    "regions": [
        {
            "label": 0,
            "probability": 0.999,
            "rect": {
                "bottom": 0.421875,
                "left": 0.50390625,
                "right": 0.6015625,
                "top": 0.30078125
            }
        },
        {
            "label": 1,
            "probability": 0.999,
            "rect": {
                "bottom": 0.36644846,
                "left": 0.5675318,
                "right": 0.5675318,
                "top": 0.36644846
            }
        },
        {
            "label": 4,
            "probability": 0.999,
            "rect": {
                "bottom": 0.37999037,
                "left": 0.58835185,
                "right": 0.58835185,
                "top": 0.37999037
            }
        }
    ]
}