{
    "created_at": "2018-09-06T14:46:26.664948",
    "file_name": "000000453746.jpg",
    "generator": "convert_to_region_cropper.py",
    "labels": [
        "position",
        "left_eye",
        "right_eye",
        "left_cheek",
        "right_cheek",
        "nose_base",
        "left_mouth",
        "right_mouth",
        "bottom_mouth"
    ],
    "regions": [
        {
            "label": 0,
            "probability": 0.999,
            "rect": {
                "bottom": 0.53125,
                "left": 0.5390625,
                "right": 0.73828125,
                "top": 0.28125
            }
        },
        {
            "label": 1,
            "probability": 0.999,
            "rect": {
                "bottom": 0.41110358,
                "left": 0.6693165,
                "right": 0.6693165,
                "top": 0.41110358
            }
        },
        {
            "label": 4,
            "probability": 0.999,
            "rect": {
                "bottom": 0.4371552,
                "left": 0.70333433,
                "right": 0.70333433,
                "top": 0.4371552
            }
        },
        {
            "label": 5,
            "probability": 0.999,
            "rect": {
                "bottom": 0.45477143,
                "left": 0.662341,
                "right": 0.662341,
                "top": 0.45477143
            }
        }
    ]
}