{
    "created_at": "2018-09-06T14:46:02.505925",
    "file_name": "000000347436.jpg",
    "generator": "convert_to_region_cropper.py",
    "labels": [
        "position",
        "left_eye",
        "right_eye",
        "left_cheek",
        "right_cheek",
        "nose_base",
        "left_mouth",
        "right_mouth",
        "bottom_mouth"
    ],
    "regions": [
        {
            "label": 0,
            "probability": 0.999,
            "rect": {
                "bottom": 0.37890625,
                "left": 0.8203125,
                "right": 0.9140625,
                "top": 0.265625
            }
        },
        {
            "label": 1,
            "probability": 0.999,
            "rect": {
                "bottom": 0.32438794,
                "left": 0.88419396,
                "right": 0.88419396,
                "top": 0.32438794
            }
        },
        {
            "label": 4,
            "probability": 0.999,
            "rect": {
                "bottom": 0.3422278,
                "left": 0.88483465,
                "right": 0.88483465,
                "top": 0.3422278
            }
        },
        {
            "label": 5,
            "probability": 0.999,
            "rect": {
                "bottom": 0.34557623,
                "left": 0.8692241,
                "right": 0.8692241,
                "top": 0.34557623
            }
        }
    ]
}