{
    "created_at": "2018-09-06T14:45:21.148507",
    "file_name": "000000166321.jpg",
    "generator": "convert_to_region_cropper.py",
    "labels": [
        "position",
        "left_eye",
        "right_eye",
        "left_cheek",
        "right_cheek",
        "nose_base",
        "left_mouth",
        "right_mouth",
        "bottom_mouth"
    ],
    "regions": [
        {
            "label": 0,
            "probability": 0.999,
            "rect": {
                "bottom": 0.48046875,
                "left": 0.6015625,
                "right": 0.71875,
                "top": 0.33203125
            }
        },
        {
            "label": 4,
            "probability": 0.999,
            "rect": {
                "bottom": 0.44087395,
                "left": 0.68597573,
                "right": 0.68597573,
                "top": 0.44087395
            }
        },
        {
            "label": 6,
            "probability": 0.999,
            "rect": {
                "bottom": 0.45254534,
                "left": 0.6637209,
                "right": 0.6637209,
                "top": 0.45254534
            }
        }
    ]
}