{
    "created_at": "2018-09-06T14:46:38.680056",
    "file_name": "000000509781.jpg",
    "generator": "convert_to_region_cropper.py",
    "labels": [
        "position",
        "left_eye",
        "right_eye",
        "left_cheek",
        "right_cheek",
        "nose_base",
        "left_mouth",
        "right_mouth",
        "bottom_mouth"
    ],
    "regions": [
        {
            "label": 0,
            "probability": 0.999,
            "rect": {
                "bottom": 1.0,
                "left": 0.08203125,
                "right": 0.26171875,
                "top": 0.8125
            }
        },
        {
            "label": 1,
            "probability": 0.999,
            "rect": {
                "bottom": 0.9333928,
                "left": 0.20022905,
                "right": 0.20022905,
                "top": 0.9333928
            }
        },
        {
            "label": 2,
            "probability": 0.999,
            "rect": {
                "bottom": 0.9285838,
                "left": 0.15900835,
                "right": 0.15900835,
                "top": 0.9285838
            }
        },
        {
            "label": 4,
            "probability": 0.999,
            "rect": {
                "bottom": 0.95631605,
                "left": 0.24120967,
                "right": 0.24120967,
                "top": 0.95631605
            }
        }
    ]
}