{
    "created_at": "2018-09-06T14:46:44.615889",
    "file_name": "000000534265.jpg",
    "generator": "convert_to_region_cropper.py",
    "labels": [
        "position",
        "left_eye",
        "right_eye",
        "left_cheek",
        "right_cheek",
        "nose_base",
        "left_mouth",
        "right_mouth",
        "bottom_mouth"
    ],
    "regions": [
        {
            "label": 0,
            "probability": 0.999,
            "rect": {
                "bottom": 0.2890625,
                "left": 0.57421875,
                "right": 0.6640625,
                "top": 0.17578125
            }
        },
        {
            "label": 3,
            "probability": 0.999,
            "rect": {
                "bottom": 0.2547527,
                "left": 0.6056839,
                "right": 0.6056839,
                "top": 0.2547527
            }
        },
        {
            "label": 7,
            "probability": 0.999,
            "rect": {
                "bottom": 0.26966712,
                "left": 0.60976154,
                "right": 0.60976154,
                "top": 0.26966712
            }
        }
    ]
}