{
    "created_at": "2018-09-06T14:46:22.442456",
    "file_name": "000000434937.jpg",
    "generator": "convert_to_region_cropper.py",
    "labels": [
        "position",
        "left_eye",
        "right_eye",
        "left_cheek",
        "right_cheek",
        "nose_base",
        "left_mouth",
        "right_mouth",
        "bottom_mouth"
    ],
    "regions": [
        {
            "label": 0,
            "probability": 0.999,
            "rect": {
                "bottom": 0.3515625,
                "left": 0.34765625,
                "right": 0.4453125,
                "top": 0.23046875
            }
        },
        {
            "label": 4,
            "probability": 0.999,
            "rect": {
                "bottom": 0.31199604,
                "left": 0.41690388,
                "right": 0.41690388,
                "top": 0.31199604
            }
        },
        {
            "label": 6,
            "probability": 0.999,
            "rect": {
                "bottom": 0.3269437,
                "left": 0.4129977,
                "right": 0.4129977,
                "top": 0.3269437
            }
        }
    ]
}