{
    "created_at": "2018-09-06T14:45:39.918010",
    "file_name": "000000248325.jpg",
    "generator": "convert_to_region_cropper.py",
    "labels": [
        "position",
        "left_eye",
        "right_eye",
        "left_cheek",
        "right_cheek",
        "nose_base",
        "left_mouth",
        "right_mouth",
        "bottom_mouth"
    ],
    "regions": [
        {
            "label": 0,
            "probability": 0.999,
            "rect": {
                "bottom": 0.18359375,
                "left": 0.41015625,
                "right": 0.54296875,
                "top": 0.01953125
            }
        },
        {
            "label": 3,
            "probability": 0.999,
            "rect": {
                "bottom": 0.1264377,
                "left": 0.44837168,
                "right": 0.44837168,
                "top": 0.1264377
            }
        },
        {
            "label": 4,
            "probability": 0.999,
            "rect": {
                "bottom": 0.1321126,
                "left": 0.51617354,
                "right": 0.51617354,
                "top": 0.1321126
            }
        },
        {
            "label": 5,
            "probability": 0.999,
            "rect": {
                "bottom": 0.12844008,
                "left": 0.47517926,
                "right": 0.47517926,
                "top": 0.12844008
            }
        }
    ]
}