{
    "created_at": "2018-09-06T14:44:56.044180",
    "file_name": "000000059144.jpg",
    "generator": "convert_to_region_cropper.py",
    "labels": [
        "position",
        "left_eye",
        "right_eye",
        "left_cheek",
        "right_cheek",
        "nose_base",
        "left_mouth",
        "right_mouth",
        "bottom_mouth"
    ],
    "regions": [
        {
            "label": 0,
            "probability": 0.999,
            "rect": {
                "bottom": 0.4765625,
                "left": 0.4140625,
                "right": 0.56640625,
                "top": 0.2890625
            }
        },
        {
            "label": 1,
            "probability": 0.999,
            "rect": {
                "bottom": 0.39027303,
                "left": 0.50718814,
                "right": 0.50718814,
                "top": 0.39027303
            }
        },
        {
            "label": 2,
            "probability": 0.999,
            "rect": {
                "bottom": 0.38815513,
                "left": 0.46315414,
                "right": 0.46315414,
                "top": 0.38815513
            }
        },
        {
            "label": 3,
            "probability": 0.999,
            "rect": {
                "bottom": 0.4017212,
                "left": 0.43628588,
                "right": 0.43628588,
                "top": 0.4017212
            }
        }
    ]
}