{
    "created_at": "2018-09-06T14:45:05.046969",
    "file_name": "000000097047.jpg",
    "generator": "convert_to_region_cropper.py",
    "labels": [
        "position",
        "left_eye",
        "right_eye",
        "left_cheek",
        "right_cheek",
        "nose_base",
        "left_mouth",
        "right_mouth",
        "bottom_mouth"
    ],
    "regions": [
        {
            "label": 0,
            "probability": 0.999,
            "rect": {
                "bottom": 0.3515625,
                "left": 0.6796875,
                "right": 0.828125,
                "top": 0.16796875
            }
        },
        {
            "label": 1,
            "probability": 0.999,
            "rect": {
                "bottom": 0.26846343,
                "left": 0.7707212,
                "right": 0.7707212,
                "top": 0.26846343
            }
        },
        {
            "label": 4,
            "probability": 0.999,
            "rect": {
                "bottom": 0.2789464,
                "left": 0.8042254,
                "right": 0.8042254,
                "top": 0.2789464
            }
        },
        {
            "label": 6,
            "probability": 0.999,
            "rect": {
                "bottom": 0.312587,
                "left": 0.7728003,
                "right": 0.7728003,
                "top": 0.312587
            }
        }
    ]
}