{
    "created_at": "2018-09-06T14:45:29.491324",
    "file_name": "000000201172.jpg",
    "generator": "convert_to_region_cropper.py",
    "labels": [
        "position",
        "left_eye",
        "right_eye",
        "left_cheek",
        "right_cheek",
        "nose_base",
        "left_mouth",
        "right_mouth",
        "bottom_mouth"
    ],
    "regions": [
        {
            "label": 0,
            "probability": 0.999,
            "rect": {
                "bottom": 0.9609375,
                "left": 0.10546875,
                "right": 0.33203125,
                "top": 0.67578125
            }
        },
        {
            "label": 7,
            "probability": 0.999,
            "rect": {
                "bottom": 0.90499586,
                "left": 0.2089334,
                "right": 0.2089334,
                "top": 0.90499586
            }
        },
        {
            "label": 8,
            "probability": 0.999,
            "rect": {
                "bottom": 0.9430915,
                "left": 0.23463582,
                "right": 0.23463582,
                "top": 0.9430915
            }
        }
    ]
}