{
    "created_at": "2018-09-06T14:45:41.542222",
    "file_name": "000000255132.jpg",
    "generator": "convert_to_region_cropper.py",
    "labels": [
        "position",
        "left_eye",
        "right_eye",
        "left_cheek",
        "right_cheek",
        "nose_base",
        "left_mouth",
        "right_mouth",
        "bottom_mouth"
    ],
    "regions": [
        {
            "label": 0,
            "probability": 0.999,
            "rect": {
                "bottom": 0.2265625,
                "left": 0.453125,
                "right": 0.58984375,
                "top": 0.0546875
            }
        },
        {
            "label": 5,
            "probability": 0.999,
            "rect": {
                "bottom": 0.17100264,
                "left": 0.53367096,
                "right": 0.53367096,
                "top": 0.17100264
            }
        },
        {
            "label": 7,
            "probability": 0.999,
            "rect": {
                "bottom": 0.18570377,
                "left": 0.5146923,
                "right": 0.5146923,
                "top": 0.18570377
            }
        },
        {
            "label": 8,
            "probability": 0.999,
            "rect": {
                "bottom": 0.1850932,
                "left": 0.52931255,
                "right": 0.52931255,
                "top": 0.1850932
            }
        }
    ]
}