{
    "created_at": "2018-09-06T14:46:37.490957",
    "file_name": "000000503560.jpg",
    "generator": "convert_to_region_cropper.py",
    "labels": [
        "position",
        "left_eye",
        "right_eye",
        "left_cheek",
        "right_cheek",
        "nose_base",
        "left_mouth",
        "right_mouth",
        "bottom_mouth"
    ],
    "regions": [
        {
            "label": 0,
            "probability": 0.999,
            "rect": {
                "bottom": 0.39453125,
                "left": 0.50390625,
                "right": 0.64453125,
                "top": 0.22265625
            }
        },
        {
            "label": 1,
            "probability": 0.999,
            "rect": {
                "bottom": 0.31762767,
                "left": 0.5931927,
                "right": 0.5931927,
                "top": 0.31762767
            }
        },
        {
            "label": 4,
            "probability": 0.999,
            "rect": {
                "bottom": 0.34229463,
                "left": 0.63513285,
                "right": 0.63513285,
                "top": 0.34229463
            }
        }
    ]
}