{
    "created_at": "2018-09-06T14:46:09.190306",
    "file_name": "000000375662.jpg",
    "generator": "convert_to_region_cropper.py",
    "labels": [
        "position",
        "left_eye",
        "right_eye",
        "left_cheek",
        "right_cheek",
        "nose_base",
        "left_mouth",
        "right_mouth",
        "bottom_mouth"
    ],
    "regions": [
        {
            "label": 0,
            "probability": 0.999,
            "rect": {
                "bottom": 0.31640625,
                "left": 0.36328125,
                "right": 0.546875,
                "top": 0.0859375
            }
        },
        {
            "label": 1,
            "probability": 0.999,
            "rect": {
                "bottom": 0.22087814,
                "left": 0.49518716,
                "right": 0.49518716,
                "top": 0.22087814
            }
        },
        {
            "label": 2,
            "probability": 0.999,
            "rect": {
                "bottom": 0.2108012,
                "left": 0.43257996,
                "right": 0.43257996,
                "top": 0.2108012
            }
        }
    ]
}