{
    "created_at": "2018-09-06T14:45:33.267588",
    "file_name": "000000217953.jpg",
    "generator": "convert_to_region_cropper.py",
    "labels": [
        "position",
        "left_eye",
        "right_eye",
        "left_cheek",
        "right_cheek",
        "nose_base",
        "left_mouth",
        "right_mouth",
        "bottom_mouth"
    ],
    "regions": [
        {
            "label": 0,
            "probability": 0.999,
            "rect": {
                "bottom": 0.421875,
                "left": 0.69140625,
                "right": 0.78515625,
                "top": 0.30078125
            }
        },
        {
            "label": 1,
            "probability": 0.999,
            "rect": {
                "bottom": 0.3704072,
                "left": 0.75600415,
                "right": 0.75600415,
                "top": 0.3704072
            }
        },
        {
            "label": 2,
            "probability": 0.999,
            "rect": {
                "bottom": 0.36981955,
                "left": 0.73105854,
                "right": 0.73105854,
                "top": 0.36981955
            }
        },
        {
            "label": 5,
            "probability": 0.999,
            "rect": {
                "bottom": 0.39764702,
                "left": 0.744288,
                "right": 0.744288,
                "top": 0.39764702
            }
        }
    ]
}