{
    "created_at": "2018-09-06T14:45:27.372046",
    "file_name": "000000193395.jpg",
    "generator": "convert_to_region_cropper.py",
    "labels": [
        "position",
        "left_eye",
        "right_eye",
        "left_cheek",
        "right_cheek",
        "nose_base",
        "left_mouth",
        "right_mouth",
        "bottom_mouth"
    ],
    "regions": [
        {
            "label": 0,
            "probability": 0.999,
            "rect": {
                "bottom": 0.2109375,
                "left": 0.58984375,
                "right": 0.69140625,
                "top": 0.08203125
            }
        },
        {
            "label": 1,
            "probability": 0.999,
            "rect": {
                "bottom": 0.14987065,
                "left": 0.65352094,
                "right": 0.65352094,
                "top": 0.14987065
            }
        },
        {
            "label": 4,
            "probability": 0.999,
            "rect": {
                "bottom": 0.16280226,
                "left": 0.6730522,
                "right": 0.6730522,
                "top": 0.16280226
            }
        },
        {
            "label": 5,
            "probability": 0.999,
            "rect": {
                "bottom": 0.17842726,
                "left": 0.6300835,
                "right": 0.6300835,
                "top": 0.17842726
            }
        }
    ]
}