{
    "created_at": "2018-09-06T14:46:53.456245",
    "file_name": "000000573556.jpg",
    "generator": "convert_to_region_cropper.py",
    "labels": [
        "position",
        "left_eye",
        "right_eye",
        "left_cheek",
        "right_cheek",
        "nose_base",
        "left_mouth",
        "right_mouth",
        "bottom_mouth"
    ],
    "regions": [
        {
            "label": 0,
            "probability": 0.999,
            "rect": {
                "bottom": 0.39453125,
                "left": 0.66796875,
                "right": 0.77734375,
                "top": 0.2578125
            }
        },
        {
            "label": 1,
            "probability": 0.999,
            "rect": {
                "bottom": 0.3303007,
                "left": 0.74059516,
                "right": 0.74059516,
                "top": 0.3303007
            }
        },
        {
            "label": 2,
            "probability": 0.999,
            "rect": {
                "bottom": 0.33528414,
                "left": 0.7128495,
                "right": 0.7128495,
                "top": 0.33528414
            }
        },
        {
            "label": 4,
            "probability": 0.999,
            "rect": {
                "bottom": 0.33661678,
                "left": 0.7624483,
                "right": 0.7624483,
                "top": 0.33661678
            }
        }
    ]
}