{
    "created_at": "2018-09-06T14:46:27.417953",
    "file_name": "000000457416.jpg",
    "generator": "convert_to_region_cropper.py",
    "labels": [
        "position",
        "left_eye",
        "right_eye",
        "left_cheek",
        "right_cheek",
        "nose_base",
        "left_mouth",
        "right_mouth",
        "bottom_mouth"
    ],
    "regions": [
        {
            "label": 0,
            "probability": 0.999,
            "rect": {
                "bottom": 0.4609375,
                "left": 0.640625,
                "right": 0.765625,
                "top": 0.3046875
            }
        },
        {
            "label": 1,
            "probability": 0.999,
            "rect": {
                "bottom": 0.39059532,
                "left": 0.7155895,
                "right": 0.7155895,
                "top": 0.39059532
            }
        },
        {
            "label": 3,
            "probability": 0.999,
            "rect": {
                "bottom": 0.41116548,
                "left": 0.67706394,
                "right": 0.67706394,
                "top": 0.41116548
            }
        },
        {
            "label": 5,
            "probability": 0.999,
            "rect": {
                "bottom": 0.41803387,
                "left": 0.7124168,
                "right": 0.7124168,
                "top": 0.41803387
            }
        }
    ]
}