{
    "created_at": "2018-09-06T14:45:17.927649",
    "file_name": "000000152374.jpg",
    "generator": "convert_to_region_cropper.py",
    "labels": [
        "position",
        "left_eye",
        "right_eye",
        "left_cheek",
        "right_cheek",
        "nose_base",
        "left_mouth",
        "right_mouth",
        "bottom_mouth"
    ],
    "regions": [
        {
            "label": 0,
            "probability": 0.999,
            "rect": {
                "bottom": 0.31640625,
                "left": 0.0859375,
                "right": 0.2109375,
                "top": 0.16015625
            }
        },
        {
            "label": 1,
            "probability": 0.999,
            "rect": {
                "bottom": 0.24488333,
                "left": 0.16251883,
                "right": 0.16251883,
                "top": 0.24488333
            }
        },
        {
            "label": 2,
            "probability": 0.999,
            "rect": {
                "bottom": 0.2462456,
                "left": 0.13044281,
                "right": 0.13044281,
                "top": 0.2462456
            }
        },
        {
            "label": 7,
            "probability": 0.999,
            "rect": {
                "bottom": 0.2796902,
                "left": 0.13410169,
                "right": 0.13410169,
                "top": 0.2796902
            }
        }
    ]
}