{
    "created_at": "2018-09-06T14:45:41.432681",
    "file_name": "000000254646.jpg",
    "generator": "convert_to_region_cropper.py",
    "labels": [
        "position",
        "left_eye",
        "right_eye",
        "left_cheek",
        "right_cheek",
        "nose_base",
        "left_mouth",
        "right_mouth",
        "bottom_mouth"
    ],
    "regions": [
        {
            "label": 0,
            "probability": 0.999,
            "rect": {
                "bottom": 0.65234375,
                "left": 0.55859375,
                "right": 0.828125,
                "top": 0.3203125
            }
        },
        {
            "label": 3,
            "probability": 0.999,
            "rect": {
                "bottom": 0.51511437,
                "left": 0.6480185,
                "right": 0.6480185,
                "top": 0.51511437
            }
        },
        {
            "label": 5,
            "probability": 0.999,
            "rect": {
                "bottom": 0.55591893,
                "left": 0.677555,
                "right": 0.677555,
                "top": 0.55591893
            }
        },
        {
            "label": 7,
            "probability": 0.999,
            "rect": {
                "bottom": 0.58019817,
                "left": 0.6677565,
                "right": 0.6677565,
                "top": 0.58019817
            }
        }
    ]
}