{
    "created_at": "2018-09-06T14:45:32.845523",
    "file_name": "000000216249.jpg",
    "generator": "convert_to_region_cropper.py",
    "labels": [
        "position",
        "left_eye",
        "right_eye",
        "left_cheek",
        "right_cheek",
        "nose_base",
        "left_mouth",
        "right_mouth",
        "bottom_mouth"
    ],
    "regions": [
        {
            "label": 0,
            "probability": 0.999,
            "rect": {
                "bottom": 0.5703125,
                "left": 0.375,
                "right": 0.5,
                "top": 0.4140625
            }
        },
        {
            "label": 2,
            "probability": 0.999,
            "rect": {
                "bottom": 0.5001269,
                "left": 0.4260632,
                "right": 0.4260632,
                "top": 0.5001269
            }
        },
        {
            "label": 3,
            "probability": 0.999,
            "rect": {
                "bottom": 0.5137891,
                "left": 0.4014718,
                "right": 0.4014718,
                "top": 0.5137891
            }
        },
        {
            "label": 7,
            "probability": 0.999,
            "rect": {
                "bottom": 0.53418386,
                "left": 0.41844493,
                "right": 0.41844493,
                "top": 0.53418386
            }
        }
    ]
}