{
    "created_at": "2018-09-06T14:45:59.367182",
    "file_name": "000000333462.jpg",
    "generator": "convert_to_region_cropper.py",
    "labels": [
        "position",
        "left_eye",
        "right_eye",
        "left_cheek",
        "right_cheek",
        "nose_base",
        "left_mouth",
        "right_mouth",
        "bottom_mouth"
    ],
    "regions": [
        {
            "label": 0,
            "probability": 0.999,
            "rect": {
                "bottom": 0.296875,
                "left": 0.03515625,
                "right": 0.19140625,
                "top": 0.1015625
            }
        },
        {
            "label": 2,
            "probability": 0.999,
            "rect": {
                "bottom": 0.2124721,
                "left": 0.097348735,
                "right": 0.097348735,
                "top": 0.2124721
            }
        },
        {
            "label": 3,
            "probability": 0.999,
            "rect": {
                "bottom": 0.22398663,
                "left": 0.05353872,
                "right": 0.05353872,
                "top": 0.22398663
            }
        },
        {
            "label": 7,
            "probability": 0.999,
            "rect": {
                "bottom": 0.25452977,
                "left": 0.09389887,
                "right": 0.09389887,
                "top": 0.25452977
            }
        }
    ]
}