{
    "created_at": "2018-09-06T14:45:40.374933",
    "file_name": "000000250074.jpg",
    "generator": "convert_to_region_cropper.py",
    "labels": [
        "position",
        "left_eye",
        "right_eye",
        "left_cheek",
        "right_cheek",
        "nose_base",
        "left_mouth",
        "right_mouth",
        "bottom_mouth"
    ],
    "regions": [
        {
            "label": 0,
            "probability": 0.999,
            "rect": {
                "bottom": 0.40625,
                "left": 0.69921875,
                "right": 0.8203125,
                "top": 0.2578125
            }
        },
        {
            "label": 1,
            "probability": 0.999,
            "rect": {
                "bottom": 0.33872083,
                "left": 0.774018,
                "right": 0.774018,
                "top": 0.33872083
            }
        },
        {
            "label": 4,
            "probability": 0.999,
            "rect": {
                "bottom": 0.35197616,
                "left": 0.7984906,
                "right": 0.7984906,
                "top": 0.35197616
            }
        },
        {
            "label": 6,
            "probability": 0.999,
            "rect": {
                "bottom": 0.36645934,
                "left": 0.772505,
                "right": 0.772505,
                "top": 0.36645934
            }
        }
    ]
}