{
    "created_at": "2018-09-06T14:46:06.344711",
    "file_name": "000000363588.jpg",
    "generator": "convert_to_region_cropper.py",
    "labels": [
        "position",
        "left_eye",
        "right_eye",
        "left_cheek",
        "right_cheek",
        "nose_base",
        "left_mouth",
        "right_mouth",
        "bottom_mouth"
    ],
    "regions": [
        {
            "label": 0,
            "probability": 0.999,
            "rect": {
                "bottom": 0.28125,
                "left": 0.55859375,
                "right": 0.6953125,
                "top": 0.11328125
            }
        },
        {
            "label": 1,
            "probability": 0.999,
            "rect": {
                "bottom": 0.2089299,
                "left": 0.6373326,
                "right": 0.6373326,
                "top": 0.2089299
            }
        },
        {
            "label": 5,
            "probability": 0.999,
            "rect": {
                "bottom": 0.23365904,
                "left": 0.63496405,
                "right": 0.63496405,
                "top": 0.23365904
            }
        },
        {
            "label": 6,
            "probability": 0.999,
            "rect": {
                "bottom": 0.2479417,
                "left": 0.64390373,
                "right": 0.64390373,
                "top": 0.2479417
            }
        }
    ]
}