{
    "created_at": "2018-09-06T14:46:18.790927",
    "file_name": "000000419423.jpg",
    "generator": "convert_to_region_cropper.py",
    "labels": [
        "position",
        "left_eye",
        "right_eye",
        "left_cheek",
        "right_cheek",
        "nose_base",
        "left_mouth",
        "right_mouth",
        "bottom_mouth"
    ],
    "regions": [
        {
            "label": 0,
            "probability": 0.999,
            "rect": {
                "bottom": 0.38671875,
                "left": 0.33984375,
                "right": 0.43359375,
                "top": 0.265625
            }
        },
        {
            "label": 3,
            "probability": 0.999,
            "rect": {
                "bottom": 0.35757557,
                "left": 0.3605178,
                "right": 0.3605178,
                "top": 0.35757557
            }
        },
        {
            "label": 5,
            "probability": 0.999,
            "rect": {
                "bottom": 0.3546354,
                "left": 0.39960068,
                "right": 0.39960068,
                "top": 0.3546354
            }
        },
        {
            "label": 7,
            "probability": 0.999,
            "rect": {
                "bottom": 0.3660585,
                "left": 0.38376415,
                "right": 0.38376415,
                "top": 0.3660585
            }
        }
    ]
}