{
    "created_at": "2018-09-06T14:45:25.498757",
    "file_name": "000000185713.jpg",
    "generator": "convert_to_region_cropper.py",
    "labels": [
        "position",
        "left_eye",
        "right_eye",
        "left_cheek",
        "right_cheek",
        "nose_base",
        "left_mouth",
        "right_mouth",
        "bottom_mouth"
    ],
    "regions": [
        {
            "label": 0,
            "probability": 0.999,
            "rect": {
                "bottom": 0.2890625,
                "left": 0.3671875,
                "right": 0.46875,
                "top": 0.1640625
            }
        },
        {
            "label": 2,
            "probability": 0.999,
            "rect": {
                "bottom": 0.23606312,
                "left": 0.40530536,
                "right": 0.40530536,
                "top": 0.23606312
            }
        },
        {
            "label": 3,
            "probability": 0.999,
            "rect": {
                "bottom": 0.24818401,
                "left": 0.38740453,
                "right": 0.38740453,
                "top": 0.24818401
            }
        }
    ]
}