{
    "created_at": "2018-09-06T14:45:52.469207",
    "file_name": "000000304045.jpg",
    "generator": "convert_to_region_cropper.py",
    "labels": [
        "position",
        "left_eye",
        "right_eye",
        "left_cheek",
        "right_cheek",
        "nose_base",
        "left_mouth",
        "right_mouth",
        "bottom_mouth"
    ],
    "regions": [
        {
            "label": 0,
            "probability": 0.999,
            "rect": {
                "bottom": 0.703125,
                "left": 0.234375,
                "right": 0.71484375,
                "top": 0.10546875
            }
        },
        {
            "label": 1,
            "probability": 0.999,
            "rect": {
                "bottom": 0.43300363,
                "left": 0.5526348,
                "right": 0.5526348,
                "top": 0.43300363
            }
        },
        {
            "label": 2,
            "probability": 0.999,
            "rect": {
                "bottom": 0.434139,
                "left": 0.4397889,
                "right": 0.4397889,
                "top": 0.434139
            }
        },
        {
            "label": 4,
            "probability": 0.999,
            "rect": {
                "bottom": 0.47571486,
                "left": 0.6134732,
                "right": 0.6134732,
                "top": 0.47571486
            }
        }
    ]
}