{
    "created_at": "2018-09-06T14:46:26.922364",
    "file_name": "000000454663.jpg",
    "generator": "convert_to_region_cropper.py",
    "labels": [
        "position",
        "left_eye",
        "right_eye",
        "left_cheek",
        "right_cheek",
        "nose_base",
        "left_mouth",
        "right_mouth",
        "bottom_mouth"
    ],
    "regions": [
        {
            "label": 0,
            "probability": 0.999,
            "rect": {
                "bottom": 0.546875,
                "left": 0.2109375,
                "right": 0.3359375,
                "top": 0.38671875
            }
        },
        {
            "label": 2,
            "probability": 0.999,
            "rect": {
                "bottom": 0.4723832,
                "left": 0.26432687,
                "right": 0.26432687,
                "top": 0.4723832
            }
        },
        {
            "label": 3,
            "probability": 0.999,
            "rect": {
                "bottom": 0.48524642,
                "left": 0.23705445,
                "right": 0.23705445,
                "top": 0.48524642
            }
        },
        {
            "label": 7,
            "probability": 0.999,
            "rect": {
                "bottom": 0.5150328,
                "left": 0.25630364,
                "right": 0.25630364,
                "top": 0.5150328
            }
        }
    ]
}