{
    "created_at": "2018-09-06T14:45:55.874636",
    "file_name": "000000319144.jpg",
    "generator": "convert_to_region_cropper.py",
    "labels": [
        "position",
        "left_eye",
        "right_eye",
        "left_cheek",
        "right_cheek",
        "nose_base",
        "left_mouth",
        "right_mouth",
        "bottom_mouth"
    ],
    "regions": [
        {
            "label": 0,
            "probability": 0.999,
            "rect": {
                "bottom": 0.296875,
                "left": 0.31640625,
                "right": 0.43359375,
                "top": 0.1484375
            }
        },
        {
            "label": 4,
            "probability": 0.999,
            "rect": {
                "bottom": 0.25133514,
                "left": 0.39952883,
                "right": 0.39952883,
                "top": 0.25133514
            }
        },
        {
            "label": 6,
            "probability": 0.999,
            "rect": {
                "bottom": 0.27193925,
                "left": 0.39528897,
                "right": 0.39528897,
                "top": 0.27193925
            }
        },
        {
            "label": 8,
            "probability": 0.999,
            "rect": {
                "bottom": 0.27897772,
                "left": 0.38327032,
                "right": 0.38327032,
                "top": 0.27897772
            }
        }
    ]
}