{
    "created_at": "2018-09-06T14:45:28.851211",
    "file_name": "000000198893.jpg",
    "generator": "convert_to_region_cropper.py",
    "labels": [
        "position",
        "left_eye",
        "right_eye",
        "left_cheek",
        "right_cheek",
        "nose_base",
        "left_mouth",
        "right_mouth",
        "bottom_mouth"
    ],
    "regions": [
        {
            "label": 0,
            "probability": 0.999,
            "rect": {
                "bottom": 0.41796875,
                "left": 0.34765625,
                "right": 0.59765625,
                "top": 0.1015625
            }
        },
        {
            "label": 1,
            "probability": 0.999,
            "rect": {
                "bottom": 0.26540583,
                "left": 0.508303,
                "right": 0.508303,
                "top": 0.26540583
            }
        },
        {
            "label": 2,
            "probability": 0.999,
            "rect": {
                "bottom": 0.2757845,
                "left": 0.445571,
                "right": 0.445571,
                "top": 0.2757845
            }
        },
        {
            "label": 4,
            "probability": 0.999,
            "rect": {
                "bottom": 0.29295763,
                "left": 0.5717536,
                "right": 0.5717536,
                "top": 0.29295763
            }
        }
    ]
}