{
    "created_at": "2018-09-06T14:46:55.350267",
    "file_name": "000000581679.jpg",
    "generator": "convert_to_region_cropper.py",
    "labels": [
        "position",
        "left_eye",
        "right_eye",
        "left_cheek",
        "right_cheek",
        "nose_base",
        "left_mouth",
        "right_mouth",
        "bottom_mouth"
    ],
    "regions": [
        {
            "label": 0,
            "probability": 0.999,
            "rect": {
                "bottom": 0.453125,
                "left": 0.23828125,
                "right": 0.37109375,
                "top": 0.2890625
            }
        },
        {
            "label": 2,
            "probability": 0.999,
            "rect": {
                "bottom": 0.37739992,
                "left": 0.29047155,
                "right": 0.29047155,
                "top": 0.37739992
            }
        },
        {
            "label": 3,
            "probability": 0.999,
            "rect": {
                "bottom": 0.4012903,
                "left": 0.26649746,
                "right": 0.26649746,
                "top": 0.4012903
            }
        },
        {
            "label": 5,
            "probability": 0.999,
            "rect": {
                "bottom": 0.40885824,
                "left": 0.31404784,
                "right": 0.31404784,
                "top": 0.40885824
            }
        }
    ]
}