{
    "created_at": "2018-09-06T14:46:52.968681",
    "file_name": "000000571424.jpg",
    "generator": "convert_to_region_cropper.py",
    "labels": [
        "position",
        "left_eye",
        "right_eye",
        "left_cheek",
        "right_cheek",
        "nose_base",
        "left_mouth",
        "right_mouth",
        "bottom_mouth"
    ],
    "regions": [
        {
            "label": 0,
            "probability": 0.999,
            "rect": {
                "bottom": 0.9453125,
                "left": 0.03515625,
                "right": 0.234375,
                "top": 0.6953125
            }
        },
        {
            "label": 1,
            "probability": 0.999,
            "rect": {
                "bottom": 0.8270894,
                "left": 0.16752148,
                "right": 0.16752148,
                "top": 0.8270894
            }
        },
        {
            "label": 2,
            "probability": 0.999,
            "rect": {
                "bottom": 0.83365893,
                "left": 0.10162552,
                "right": 0.10162552,
                "top": 0.83365893
            }
        },
        {
            "label": 4,
            "probability": 0.999,
            "rect": {
                "bottom": 0.8519982,
                "left": 0.17111348,
                "right": 0.17111348,
                "top": 0.8519982
            }
        }
    ]
}