{
    "created_at": "2018-09-06T14:45:11.792561",
    "file_name": "000000124662.jpg",
    "generator": "convert_to_region_cropper.py",
    "labels": [
        "position",
        "left_eye",
        "right_eye",
        "left_cheek",
        "right_cheek",
        "nose_base",
        "left_mouth",
        "right_mouth",
        "bottom_mouth"
    ],
    "regions": [
        {
            "label": 0,
            "probability": 0.999,
            "rect": {
                "bottom": 0.5,
                "left": 0.71875,
                "right": 0.84375,
                "top": 0.34765625
            }
        },
        {
            "label": 2,
            "probability": 0.999,
            "rect": {
                "bottom": 0.4282917,
                "left": 0.76369876,
                "right": 0.76369876,
                "top": 0.4282917
            }
        },
        {
            "label": 3,
            "probability": 0.999,
            "rect": {
                "bottom": 0.4451552,
                "left": 0.74144226,
                "right": 0.74144226,
                "top": 0.4451552
            }
        },
        {
            "label": 7,
            "probability": 0.999,
            "rect": {
                "bottom": 0.46504262,
                "left": 0.7591119,
                "right": 0.7591119,
                "top": 0.46504262
            }
        }
    ]
}