{
    "created_at": "2018-09-06T14:45:47.420078",
    "file_name": "000000281944.jpg",
    "generator": "convert_to_region_cropper.py",
    "labels": [
        "position",
        "left_eye",
        "right_eye",
        "left_cheek",
        "right_cheek",
        "nose_base",
        "left_mouth",
        "right_mouth",
        "bottom_mouth"
    ],
    "regions": [
        {
            "label": 0,
            "probability": 0.999,
            "rect": {
                "bottom": 0.21484375,
                "left": 0.53125,
                "right": 0.640625,
                "top": 0.07421875
            }
        },
        {
            "label": 1,
            "probability": 0.999,
            "rect": {
                "bottom": 0.14972945,
                "left": 0.602663,
                "right": 0.602663,
                "top": 0.14972945
            }
        },
        {
            "label": 4,
            "probability": 0.999,
            "rect": {
                "bottom": 0.16527545,
                "left": 0.6284578,
                "right": 0.6284578,
                "top": 0.16527545
            }
        },
        {
            "label": 6,
            "probability": 0.999,
            "rect": {
                "bottom": 0.20022039,
                "left": 0.59036624,
                "right": 0.59036624,
                "top": 0.20022039
            }
        }
    ]
}