{
    "created_at": "2018-09-06T14:44:50.050962",
    "file_name": "000000034352.jpg",
    "generator": "convert_to_region_cropper.py",
    "labels": [
        "position",
        "left_eye",
        "right_eye",
        "left_cheek",
        "right_cheek",
        "nose_base",
        "left_mouth",
        "right_mouth",
        "bottom_mouth"
    ],
    "regions": [
        {
            "label": 0,
            "probability": 0.999,
            "rect": {
                "bottom": 0.27734375,
                "left": 0.0,
                "right": 0.109375,
                "top": 0.1328125
            }
        },
        {
            "label": 1,
            "probability": 0.999,
            "rect": {
                "bottom": 0.21005112,
                "left": 0.06788552,
                "right": 0.06788552,
                "top": 0.21005112
            }
        },
        {
            "label": 4,
            "probability": 0.999,
            "rect": {
                "bottom": 0.2204282,
                "left": 0.09559031,
                "right": 0.09559031,
                "top": 0.2204282
            }
        },
        {
            "label": 6,
            "probability": 0.999,
            "rect": {
                "bottom": 0.24434298,
                "left": 0.06840138,
                "right": 0.06840138,
                "top": 0.24434298
            }
        }
    ]
}