{
    "created_at": "2018-09-06T14:46:20.909109",
    "file_name": "000000428685.jpg",
    "generator": "convert_to_region_cropper.py",
    "labels": [
        "position",
        "left_eye",
        "right_eye",
        "left_cheek",
        "right_cheek",
        "nose_base",
        "left_mouth",
        "right_mouth",
        "bottom_mouth"
    ],
    "regions": [
        {
            "label": 0,
            "probability": 0.999,
            "rect": {
                "bottom": 0.37890625,
                "left": 0.50390625,
                "right": 0.7109375,
                "top": 0.12109375
            }
        },
        {
            "label": 1,
            "probability": 0.999,
            "rect": {
                "bottom": 0.26777825,
                "left": 0.642183,
                "right": 0.642183,
                "top": 0.26777825
            }
        },
        {
            "label": 2,
            "probability": 0.999,
            "rect": {
                "bottom": 0.26067603,
                "left": 0.5895028,
                "right": 0.5895028,
                "top": 0.26067603
            }
        },
        {
            "label": 5,
            "probability": 0.999,
            "rect": {
                "bottom": 0.29837978,
                "left": 0.5840659,
                "right": 0.5840659,
                "top": 0.29837978
            }
        }
    ]
}