{
    "created_at": "2018-09-06T14:45:23.245228",
    "file_name": "000000176460.jpg",
    "generator": "convert_to_region_cropper.py",
    "labels": [
        "position",
        "left_eye",
        "right_eye",
        "left_cheek",
        "right_cheek",
        "nose_base",
        "left_mouth",
        "right_mouth",
        "bottom_mouth"
    ],
    "regions": [
        {
            "label": 0,
            "probability": 0.999,
            "rect": {
                "bottom": 0.5390625,
                "left": 0.33984375,
                "right": 0.57421875,
                "top": 0.24609375
            }
        },
        {
            "label": 2,
            "probability": 0.999,
            "rect": {
                "bottom": 0.40409762,
                "left": 0.43192318,
                "right": 0.43192318,
                "top": 0.40409762
            }
        },
        {
            "label": 3,
            "probability": 0.999,
            "rect": {
                "bottom": 0.42553642,
                "left": 0.3853882,
                "right": 0.3853882,
                "top": 0.42553642
            }
        }
    ]
}