{
    "created_at": "2018-09-06T14:45:11.647115",
    "file_name": "000000124186.jpg",
    "generator": "convert_to_region_cropper.py",
    "labels": [
        "position",
        "left_eye",
        "right_eye",
        "left_cheek",
        "right_cheek",
        "nose_base",
        "left_mouth",
        "right_mouth",
        "bottom_mouth"
    ],
    "regions": [
        {
            "label": 0,
            "probability": 0.999,
            "rect": {
                "bottom": 0.24609375,
                "left": 0.7421875,
                "right": 0.9609375,
                "top": 0.0
            }
        },
        {
            "label": 1,
            "probability": 0.999,
            "rect": {
                "bottom": 0.12276841,
                "left": 0.88534296,
                "right": 0.88534296,
                "top": 0.12276841
            }
        },
        {
            "label": 4,
            "probability": 0.999,
            "rect": {
                "bottom": 0.14305185,
                "left": 0.9307353,
                "right": 0.9307353,
                "top": 0.14305185
            }
        },
        {
            "label": 6,
            "probability": 0.999,
            "rect": {
                "bottom": 0.20173755,
                "left": 0.8786821,
                "right": 0.8786821,
                "top": 0.20173755
            }
        }
    ]
}