{
    "created_at": "2018-09-06T14:45:41.848023",
    "file_name": "000000257154.jpg",
    "generator": "convert_to_region_cropper.py",
    "labels": [
        "position",
        "left_eye",
        "right_eye",
        "left_cheek",
        "right_cheek",
        "nose_base",
        "left_mouth",
        "right_mouth",
        "bottom_mouth"
    ],
    "regions": [
        {
            "label": 0,
            "probability": 0.999,
            "rect": {
                "bottom": 0.38671875,
                "left": 0.18359375,
                "right": 0.32421875,
                "top": 0.20703125
            }
        },
        {
            "label": 3,
            "probability": 0.999,
            "rect": {
                "bottom": 0.31635934,
                "left": 0.21509726,
                "right": 0.21509726,
                "top": 0.31635934
            }
        },
        {
            "label": 7,
            "probability": 0.999,
            "rect": {
                "bottom": 0.3528409,
                "left": 0.24635288,
                "right": 0.24635288,
                "top": 0.3528409
            }
        }
    ]
}