{
    "created_at": "2018-09-06T14:46:15.218638",
    "file_name": "000000403905.jpg",
    "generator": "convert_to_region_cropper.py",
    "labels": [
        "position",
        "left_eye",
        "right_eye",
        "left_cheek",
        "right_cheek",
        "nose_base",
        "left_mouth",
        "right_mouth",
        "bottom_mouth"
    ],
    "regions": [
        {
            "label": 0,
            "probability": 0.999,
            "rect": {
                "bottom": 0.31640625,
                "left": 0.015625,
                "right": 0.15234375,
                "top": 0.1484375
            }
        },
        {
            "label": 1,
            "probability": 0.999,
            "rect": {
                "bottom": 0.23842408,
                "left": 0.09996089,
                "right": 0.09996089,
                "top": 0.23842408
            }
        },
        {
            "label": 6,
            "probability": 0.999,
            "rect": {
                "bottom": 0.27488616,
                "left": 0.09642674,
                "right": 0.09642674,
                "top": 0.27488616
            }
        }
    ]
}