{
    "created_at": "2018-09-06T14:46:47.027065",
    "file_name": "000000544621.jpg",
    "generator": "convert_to_region_cropper.py",
    "labels": [
        "position",
        "left_eye",
        "right_eye",
        "left_cheek",
        "right_cheek",
        "nose_base",
        "left_mouth",
        "right_mouth",
        "bottom_mouth"
    ],
    "regions": [
        {
            "label": 0,
            "probability": 0.999,
            "rect": {
                "bottom": 0.35546875,
                "left": 0.30078125,
                "right": 0.41015625,
                "top": 0.21484375
            }
        },
        {
            "label": 1,
            "probability": 0.999,
            "rect": {
                "bottom": 0.2913866,
                "left": 0.37086537,
                "right": 0.37086537,
                "top": 0.2913866
            }
        },
        {
            "label": 2,
            "probability": 0.999,
            "rect": {
                "bottom": 0.29137504,
                "left": 0.34299153,
                "right": 0.34299153,
                "top": 0.29137504
            }
        },
        {
            "label": 4,
            "probability": 0.999,
            "rect": {
                "bottom": 0.30042458,
                "left": 0.39341968,
                "right": 0.39341968,
                "top": 0.30042458
            }
        }
    ]
}