{
    "created_at": "2018-09-06T14:45:29.271082",
    "file_name": "000000200292.jpg",
    "generator": "convert_to_region_cropper.py",
    "labels": [
        "position",
        "left_eye",
        "right_eye",
        "left_cheek",
        "right_cheek",
        "nose_base",
        "left_mouth",
        "right_mouth",
        "bottom_mouth"
    ],
    "regions": [
        {
            "label": 0,
            "probability": 0.999,
            "rect": {
                "bottom": 0.26171875,
                "left": 0.4296875,
                "right": 0.5546875,
                "top": 0.1015625
            }
        },
        {
            "label": 1,
            "probability": 0.999,
            "rect": {
                "bottom": 0.18399344,
                "left": 0.51033664,
                "right": 0.51033664,
                "top": 0.18399344
            }
        },
        {
            "label": 4,
            "probability": 0.999,
            "rect": {
                "bottom": 0.20513502,
                "left": 0.5116441,
                "right": 0.5116441,
                "top": 0.20513502
            }
        },
        {
            "label": 5,
            "probability": 0.999,
            "rect": {
                "bottom": 0.21140479,
                "left": 0.4909604,
                "right": 0.4909604,
                "top": 0.21140479
            }
        }
    ]
}