{
    "created_at": "2018-09-06T14:45:32.104094",
    "file_name": "000000213343.jpg",
    "generator": "convert_to_region_cropper.py",
    "labels": [
        "position",
        "left_eye",
        "right_eye",
        "left_cheek",
        "right_cheek",
        "nose_base",
        "left_mouth",
        "right_mouth",
        "bottom_mouth"
    ],
    "regions": [
        {
            "label": 0,
            "probability": 0.999,
            "rect": {
                "bottom": 0.40234375,
                "left": 0.015625,
                "right": 0.27734375,
                "top": 0.07421875
            }
        },
        {
            "label": 1,
            "probability": 0.999,
            "rect": {
                "bottom": 0.25582203,
                "left": 0.21068135,
                "right": 0.21068135,
                "top": 0.25582203
            }
        },
        {
            "label": 3,
            "probability": 0.999,
            "rect": {
                "bottom": 0.27487257,
                "left": 0.12979615,
                "right": 0.12979615,
                "top": 0.27487257
            }
        },
        {
            "label": 7,
            "probability": 0.999,
            "rect": {
                "bottom": 0.32234263,
                "left": 0.11437899,
                "right": 0.11437899,
                "top": 0.32234263
            }
        }
    ]
}