{
    "created_at": "2018-09-06T14:46:16.444441",
    "file_name": "000000408939.jpg",
    "generator": "convert_to_region_cropper.py",
    "labels": [
        "position",
        "left_eye",
        "right_eye",
        "left_cheek",
        "right_cheek",
        "nose_base",
        "left_mouth",
        "right_mouth",
        "bottom_mouth"
    ],
    "regions": [
        {
            "label": 0,
            "probability": 0.999,
            "rect": {
                "bottom": 0.43359375,
                "left": 0.4609375,
                "right": 0.5625,
                "top": 0.3046875
            }
        },
        {
            "label": 1,
            "probability": 0.999,
            "rect": {
                "bottom": 0.37410277,
                "left": 0.53072995,
                "right": 0.53072995,
                "top": 0.37410277
            }
        },
        {
            "label": 4,
            "probability": 0.999,
            "rect": {
                "bottom": 0.3873573,
                "left": 0.53103244,
                "right": 0.53103244,
                "top": 0.3873573
            }
        },
        {
            "label": 6,
            "probability": 0.999,
            "rect": {
                "bottom": 0.40449658,
                "left": 0.5279864,
                "right": 0.5279864,
                "top": 0.40449658
            }
        }
    ]
}