{
    "created_at": "2018-09-06T14:45:06.867802",
    "file_name": "000000104430.jpg",
    "generator": "convert_to_region_cropper.py",
    "labels": [
        "position",
        "left_eye",
        "right_eye",
        "left_cheek",
        "right_cheek",
        "nose_base",
        "left_mouth",
        "right_mouth",
        "bottom_mouth"
    ],
    "regions": [
        {
            "label": 0,
            "probability": 0.999,
            "rect": {
                "bottom": 0.30859375,
                "left": 0.5546875,
                "right": 0.66796875,
                "top": 0.16796875
            }
        },
        {
            "label": 1,
            "probability": 0.999,
            "rect": {
                "bottom": 0.24726726,
                "left": 0.62503284,
                "right": 0.62503284,
                "top": 0.24726726
            }
        },
        {
            "label": 4,
            "probability": 0.999,
            "rect": {
                "bottom": 0.2593817,
                "left": 0.6415287,
                "right": 0.6415287,
                "top": 0.2593817
            }
        }
    ]
}