{
    "created_at": "2018-09-06T14:45:42.936121",
    "file_name": "000000261428.jpg",
    "generator": "convert_to_region_cropper.py",
    "labels": [
        "position",
        "left_eye",
        "right_eye",
        "left_cheek",
        "right_cheek",
        "nose_base",
        "left_mouth",
        "right_mouth",
        "bottom_mouth"
    ],
    "regions": [
        {
            "label": 0,
            "probability": 0.999,
            "rect": {
                "bottom": 0.359375,
                "left": 0.234375,
                "right": 0.41796875,
                "top": 0.12890625
            }
        },
        {
            "label": 1,
            "probability": 0.999,
            "rect": {
                "bottom": 0.24505033,
                "left": 0.33741128,
                "right": 0.33741128,
                "top": 0.24505033
            }
        },
        {
            "label": 4,
            "probability": 0.999,
            "rect": {
                "bottom": 0.2685879,
                "left": 0.37506685,
                "right": 0.37506685,
                "top": 0.2685879
            }
        },
        {
            "label": 5,
            "probability": 0.999,
            "rect": {
                "bottom": 0.28071776,
                "left": 0.33781508,
                "right": 0.33781508,
                "top": 0.28071776
            }
        }
    ]
}