{
    "created_at": "2018-09-06T14:46:06.692289",
    "file_name": "000000365409.jpg",
    "generator": "convert_to_region_cropper.py",
    "labels": [
        "position",
        "left_eye",
        "right_eye",
        "left_cheek",
        "right_cheek",
        "nose_base",
        "left_mouth",
        "right_mouth",
        "bottom_mouth"
    ],
    "regions": [
        {
            "label": 0,
            "probability": 0.999,
            "rect": {
                "bottom": 0.37109375,
                "left": 0.5,
                "right": 0.6015625,
                "top": 0.24609375
            }
        },
        {
            "label": 1,
            "probability": 0.999,
            "rect": {
                "bottom": 0.30954263,
                "left": 0.5634663,
                "right": 0.5634663,
                "top": 0.30954263
            }
        },
        {
            "label": 5,
            "probability": 0.999,
            "rect": {
                "bottom": 0.33937952,
                "left": 0.561452,
                "right": 0.561452,
                "top": 0.33937952
            }
        },
        {
            "label": 7,
            "probability": 0.999,
            "rect": {
                "bottom": 0.34451905,
                "left": 0.54220843,
                "right": 0.54220843,
                "top": 0.34451905
            }
        }
    ]
}