{
    "created_at": "2018-09-06T14:45:08.844667",
    "file_name": "000000113006.jpg",
    "generator": "convert_to_region_cropper.py",
    "labels": [
        "position",
        "left_eye",
        "right_eye",
        "left_cheek",
        "right_cheek",
        "nose_base",
        "left_mouth",
        "right_mouth",
        "bottom_mouth"
    ],
    "regions": [
        {
            "label": 0,
            "probability": 0.999,
            "rect": {
                "bottom": 0.20703125,
                "left": 0.1171875,
                "right": 0.20703125,
                "top": 0.09375
            }
        },
        {
            "label": 5,
            "probability": 0.999,
            "rect": {
                "bottom": 0.1820645,
                "left": 0.16827327,
                "right": 0.16827327,
                "top": 0.1820645
            }
        },
        {
            "label": 7,
            "probability": 0.999,
            "rect": {
                "bottom": 0.18406942,
                "left": 0.15424111,
                "right": 0.15424111,
                "top": 0.18406942
            }
        },
        {
            "label": 8,
            "probability": 0.999,
            "rect": {
                "bottom": 0.19399932,
                "left": 0.1733489,
                "right": 0.1733489,
                "top": 0.19399932
            }
        }
    ]
}