{
    "created_at": "2018-09-06T14:44:59.021528",
    "file_name": "000000070523.jpg",
    "generator": "convert_to_region_cropper.py",
    "labels": [
        "position",
        "left_eye",
        "right_eye",
        "left_cheek",
        "right_cheek",
        "nose_base",
        "left_mouth",
        "right_mouth",
        "bottom_mouth"
    ],
    "regions": [
        {
            "label": 0,
            "probability": 0.999,
            "rect": {
                "bottom": 0.765625,
                "left": 0.70703125,
                "right": 0.8046875,
                "top": 0.64453125
            }
        },
        {
            "label": 2,
            "probability": 0.999,
            "rect": {
                "bottom": 0.71029615,
                "left": 0.7404207,
                "right": 0.7404207,
                "top": 0.71029615
            }
        },
        {
            "label": 3,
            "probability": 0.999,
            "rect": {
                "bottom": 0.7224949,
                "left": 0.72020704,
                "right": 0.72020704,
                "top": 0.7224949
            }
        },
        {
            "label": 7,
            "probability": 0.999,
            "rect": {
                "bottom": 0.74545234,
                "left": 0.7467202,
                "right": 0.7467202,
                "top": 0.74545234
            }
        }
    ]
}