{
    "created_at": "2018-09-06T14:45:46.650676",
    "file_name": "000000278748.jpg",
    "generator": "convert_to_region_cropper.py",
    "labels": [
        "position",
        "left_eye",
        "right_eye",
        "left_cheek",
        "right_cheek",
        "nose_base",
        "left_mouth",
        "right_mouth",
        "bottom_mouth"
    ],
    "regions": [
        {
            "label": 0,
            "probability": 0.999,
            "rect": {
                "bottom": 0.63671875,
                "left": 0.20703125,
                "right": 0.34375,
                "top": 0.46875
            }
        },
        {
            "label": 2,
            "probability": 0.999,
            "rect": {
                "bottom": 0.56245387,
                "left": 0.25803888,
                "right": 0.25803888,
                "top": 0.56245387
            }
        },
        {
            "label": 3,
            "probability": 0.999,
            "rect": {
                "bottom": 0.58537483,
                "left": 0.23879126,
                "right": 0.23879126,
                "top": 0.58537483
            }
        },
        {
            "label": 5,
            "probability": 0.999,
            "rect": {
                "bottom": 0.5863975,
                "left": 0.26847744,
                "right": 0.26847744,
                "top": 0.5863975
            }
        }
    ]
}