{
    "created_at": "2018-09-06T14:45:01.790529",
    "file_name": "000000082582.jpg",
    "generator": "convert_to_region_cropper.py",
    "labels": [
        "position",
        "left_eye",
        "right_eye",
        "left_cheek",
        "right_cheek",
        "nose_base",
        "left_mouth",
        "right_mouth",
        "bottom_mouth"
    ],
    "regions": [
        {
            "label": 0,
            "probability": 0.999,
            "rect": {
                "bottom": 0.328125,
                "left": 0.359375,
                "right": 0.53125,
                "top": 0.1171875
            }
        },
        {
            "label": 1,
            "probability": 0.999,
            "rect": {
                "bottom": 0.22790799,
                "left": 0.4705907,
                "right": 0.4705907,
                "top": 0.22790799
            }
        },
        {
            "label": 4,
            "probability": 0.999,
            "rect": {
                "bottom": 0.24497306,
                "left": 0.49482462,
                "right": 0.49482462,
                "top": 0.24497306
            }
        },
        {
            "label": 5,
            "probability": 0.999,
            "rect": {
                "bottom": 0.2622911,
                "left": 0.46149293,
                "right": 0.46149293,
                "top": 0.2622911
            }
        }
    ]
}