{
    "created_at": "2018-09-06T14:45:19.073617",
    "file_name": "000000157059.jpg",
    "generator": "convert_to_region_cropper.py",
    "labels": [
        "position",
        "left_eye",
        "right_eye",
        "left_cheek",
        "right_cheek",
        "nose_base",
        "left_mouth",
        "right_mouth",
        "bottom_mouth"
    ],
    "regions": [
        {
            "label": 0,
            "probability": 0.999,
            "rect": {
                "bottom": 0.3203125,
                "left": 0.52734375,
                "right": 0.67578125,
                "top": 0.13671875
            }
        },
        {
            "label": 1,
            "probability": 0.999,
            "rect": {
                "bottom": 0.23838258,
                "left": 0.61959445,
                "right": 0.61959445,
                "top": 0.23838258
            }
        },
        {
            "label": 2,
            "probability": 0.999,
            "rect": {
                "bottom": 0.24286443,
                "left": 0.58699405,
                "right": 0.58699405,
                "top": 0.24286443
            }
        },
        {
            "label": 4,
            "probability": 0.999,
            "rect": {
                "bottom": 0.23720843,
                "left": 0.64619184,
                "right": 0.64619184,
                "top": 0.23720843
            }
        }
    ]
}