{
    "created_at": "2018-09-06T14:46:19.060661",
    "file_name": "000000420758.jpg",
    "generator": "convert_to_region_cropper.py",
    "labels": [
        "position",
        "left_eye",
        "right_eye",
        "left_cheek",
        "right_cheek",
        "nose_base",
        "left_mouth",
        "right_mouth",
        "bottom_mouth"
    ],
    "regions": [
        {
            "label": 0,
            "probability": 0.999,
            "rect": {
                "bottom": 0.45703125,
                "left": 0.48046875,
                "right": 0.63671875,
                "top": 0.265625
            }
        },
        {
            "label": 1,
            "probability": 0.999,
            "rect": {
                "bottom": 0.36614546,
                "left": 0.57899314,
                "right": 0.57899314,
                "top": 0.36614546
            }
        },
        {
            "label": 2,
            "probability": 0.999,
            "rect": {
                "bottom": 0.36997163,
                "left": 0.54779065,
                "right": 0.54779065,
                "top": 0.36997163
            }
        },
        {
            "label": 4,
            "probability": 0.999,
            "rect": {
                "bottom": 0.37865207,
                "left": 0.60941035,
                "right": 0.60941035,
                "top": 0.37865207
            }
        }
    ]
}