{
    "created_at": "2018-09-06T14:46:20.408559",
    "file_name": "000000426887.jpg",
    "generator": "convert_to_region_cropper.py",
    "labels": [
        "position",
        "left_eye",
        "right_eye",
        "left_cheek",
        "right_cheek",
        "nose_base",
        "left_mouth",
        "right_mouth",
        "bottom_mouth"
    ],
    "regions": [
        {
            "label": 0,
            "probability": 0.999,
            "rect": {
                "bottom": 0.64453125,
                "left": 0.2734375,
                "right": 0.4140625,
                "top": 0.46875
            }
        },
        {
            "label": 5,
            "probability": 0.999,
            "rect": {
                "bottom": 0.59545195,
                "left": 0.34283426,
                "right": 0.34283426,
                "top": 0.59545195
            }
        },
        {
            "label": 6,
            "probability": 0.999,
            "rect": {
                "bottom": 0.59637076,
                "left": 0.36786696,
                "right": 0.36786696,
                "top": 0.59637076
            }
        },
        {
            "label": 8,
            "probability": 0.999,
            "rect": {
                "bottom": 0.6131228,
                "left": 0.34557888,
                "right": 0.34557888,
                "top": 0.6131228
            }
        }
    ]
}