{
    "created_at": "2018-09-06T14:46:21.521383",
    "file_name": "000000430769.jpg",
    "generator": "convert_to_region_cropper.py",
    "labels": [
        "position",
        "left_eye",
        "right_eye",
        "left_cheek",
        "right_cheek",
        "nose_base",
        "left_mouth",
        "right_mouth",
        "bottom_mouth"
    ],
    "regions": [
        {
            "label": 0,
            "probability": 0.999,
            "rect": {
                "bottom": 0.27734375,
                "left": 0.46875,
                "right": 0.58984375,
                "top": 0.12890625
            }
        },
        {
            "label": 1,
            "probability": 0.999,
            "rect": {
                "bottom": 0.20916109,
                "left": 0.54605526,
                "right": 0.54605526,
                "top": 0.20916109
            }
        },
        {
            "label": 4,
            "probability": 0.999,
            "rect": {
                "bottom": 0.2249097,
                "left": 0.5649572,
                "right": 0.5649572,
                "top": 0.2249097
            }
        },
        {
            "label": 6,
            "probability": 0.999,
            "rect": {
                "bottom": 0.25266552,
                "left": 0.5425062,
                "right": 0.5425062,
                "top": 0.25266552
            }
        }
    ]
}