{
    "created_at": "2018-09-06T14:46:10.121561",
    "file_name": "000000380265.jpg",
    "generator": "convert_to_region_cropper.py",
    "labels": [
        "position",
        "left_eye",
        "right_eye",
        "left_cheek",
        "right_cheek",
        "nose_base",
        "left_mouth",
        "right_mouth",
        "bottom_mouth"
    ],
    "regions": [
        {
            "label": 0,
            "probability": 0.999,
            "rect": {
                "bottom": 0.2890625,
                "left": 0.42578125,
                "right": 0.52734375,
                "top": 0.15625
            }
        },
        {
            "label": 3,
            "probability": 0.999,
            "rect": {
                "bottom": 0.24598531,
                "left": 0.45837802,
                "right": 0.45837802,
                "top": 0.24598531
            }
        },
        {
            "label": 4,
            "probability": 0.999,
            "rect": {
                "bottom": 0.24485146,
                "left": 0.4974405,
                "right": 0.4974405,
                "top": 0.24485146
            }
        },
        {
            "label": 5,
            "probability": 0.999,
            "rect": {
                "bottom": 0.25347653,
                "left": 0.47676587,
                "right": 0.47676587,
                "top": 0.25347653
            }
        }
    ]
}