{
    "created_at": "2018-09-06T14:46:49.013666",
    "file_name": "000000553451.jpg",
    "generator": "convert_to_region_cropper.py",
    "labels": [
        "position",
        "left_eye",
        "right_eye",
        "left_cheek",
        "right_cheek",
        "nose_base",
        "left_mouth",
        "right_mouth",
        "bottom_mouth"
    ],
    "regions": [
        {
            "label": 0,
            "probability": 0.999,
            "rect": {
                "bottom": 0.44140625,
                "left": 0.43359375,
                "right": 0.828125,
                "top": 0.0
            }
        },
        {
            "label": 1,
            "probability": 0.999,
            "rect": {
                "bottom": 0.20917967,
                "left": 0.7078392,
                "right": 0.7078392,
                "top": 0.20917967
            }
        },
        {
            "label": 6,
            "probability": 0.999,
            "rect": {
                "bottom": 0.32701996,
                "left": 0.71223783,
                "right": 0.71223783,
                "top": 0.32701996
            }
        },
        {
            "label": 8,
            "probability": 0.999,
            "rect": {
                "bottom": 0.34982264,
                "left": 0.6580466,
                "right": 0.6580466,
                "top": 0.34982264
            }
        }
    ]
}