{
    "created_at": "2018-09-06T14:46:12.307504",
    "file_name": "000000389955.jpg",
    "generator": "convert_to_region_cropper.py",
    "labels": [
        "position",
        "left_eye",
        "right_eye",
        "left_cheek",
        "right_cheek",
        "nose_base",
        "left_mouth",
        "right_mouth",
        "bottom_mouth"
    ],
    "regions": [
        {
            "label": 0,
            "probability": 0.999,
            "rect": {
                "bottom": 0.55078125,
                "left": 0.7890625,
                "right": 0.8984375,
                "top": 0.4140625
            }
        },
        {
            "label": 1,
            "probability": 0.999,
            "rect": {
                "bottom": 0.4880559,
                "left": 0.8605738,
                "right": 0.8605738,
                "top": 0.4880559
            }
        },
        {
            "label": 4,
            "probability": 0.999,
            "rect": {
                "bottom": 0.5069308,
                "left": 0.87684906,
                "right": 0.87684906,
                "top": 0.5069308
            }
        },
        {
            "label": 6,
            "probability": 0.999,
            "rect": {
                "bottom": 0.5286961,
                "left": 0.8579767,
                "right": 0.8579767,
                "top": 0.5286961
            }
        }
    ]
}