{
    "created_at": "2018-09-06T14:45:32.120004",
    "file_name": "000000213369.jpg",
    "generator": "convert_to_region_cropper.py",
    "labels": [
        "position",
        "left_eye",
        "right_eye",
        "left_cheek",
        "right_cheek",
        "nose_base",
        "left_mouth",
        "right_mouth",
        "bottom_mouth"
    ],
    "regions": [
        {
            "label": 0,
            "probability": 0.999,
            "rect": {
                "bottom": 0.50390625,
                "left": 0.515625,
                "right": 0.62109375,
                "top": 0.375
            }
        },
        {
            "label": 1,
            "probability": 0.999,
            "rect": {
                "bottom": 0.4486994,
                "left": 0.569388,
                "right": 0.569388,
                "top": 0.4486994
            }
        },
        {
            "label": 4,
            "probability": 0.999,
            "rect": {
                "bottom": 0.44642106,
                "left": 0.5979853,
                "right": 0.5979853,
                "top": 0.44642106
            }
        },
        {
            "label": 6,
            "probability": 0.999,
            "rect": {
                "bottom": 0.47061598,
                "left": 0.58762294,
                "right": 0.58762294,
                "top": 0.47061598
            }
        }
    ]
}