{
    "created_at": "2018-09-06T14:45:09.010545",
    "file_name": "000000113636.jpg",
    "generator": "convert_to_region_cropper.py",
    "labels": [
        "position",
        "left_eye",
        "right_eye",
        "left_cheek",
        "right_cheek",
        "nose_base",
        "left_mouth",
        "right_mouth",
        "bottom_mouth"
    ],
    "regions": [
        {
            "label": 0,
            "probability": 0.999,
            "rect": {
                "bottom": 0.4453125,
                "left": 0.53515625,
                "right": 0.70703125,
                "top": 0.23046875
            }
        },
        {
            "label": 1,
            "probability": 0.999,
            "rect": {
                "bottom": 0.35051164,
                "left": 0.6482034,
                "right": 0.6482034,
                "top": 0.35051164
            }
        },
        {
            "label": 2,
            "probability": 0.999,
            "rect": {
                "bottom": 0.34589803,
                "left": 0.6075639,
                "right": 0.6075639,
                "top": 0.34589803
            }
        },
        {
            "label": 4,
            "probability": 0.999,
            "rect": {
                "bottom": 0.37562788,
                "left": 0.6478174,
                "right": 0.6478174,
                "top": 0.37562788
            }
        }
    ]
}