{
    "created_at": "2018-09-06T14:46:48.965712",
    "file_name": "000000553296.jpg",
    "generator": "convert_to_region_cropper.py",
    "labels": [
        "position",
        "left_eye",
        "right_eye",
        "left_cheek",
        "right_cheek",
        "nose_base",
        "left_mouth",
        "right_mouth",
        "bottom_mouth"
    ],
    "regions": [
        {
            "label": 0,
            "probability": 0.999,
            "rect": {
                "bottom": 0.53125,
                "left": 0.0078125,
                "right": 0.125,
                "top": 0.38671875
            }
        },
        {
            "label": 1,
            "probability": 0.999,
            "rect": {
                "bottom": 0.4651411,
                "left": 0.08178598,
                "right": 0.08178598,
                "top": 0.4651411
            }
        },
        {
            "label": 2,
            "probability": 0.999,
            "rect": {
                "bottom": 0.4655957,
                "left": 0.05183586,
                "right": 0.05183586,
                "top": 0.4655957
            }
        },
        {
            "label": 3,
            "probability": 0.999,
            "rect": {
                "bottom": 0.481802,
                "left": 0.027626129,
                "right": 0.027626129,
                "top": 0.481802
            }
        }
    ]
}