{
    "created_at": "2018-09-06T14:46:39.747538",
    "file_name": "000000513815.jpg",
    "generator": "convert_to_region_cropper.py",
    "labels": [
        "position",
        "left_eye",
        "right_eye",
        "left_cheek",
        "right_cheek",
        "nose_base",
        "left_mouth",
        "right_mouth",
        "bottom_mouth"
    ],
    "regions": [
        {
            "label": 0,
            "probability": 0.999,
            "rect": {
                "bottom": 0.19140625,
                "left": 0.6875,
                "right": 0.83203125,
                "top": 0.01171875
            }
        },
        {
            "label": 4,
            "probability": 0.999,
            "rect": {
                "bottom": 0.11981182,
                "left": 0.7997967,
                "right": 0.7997967,
                "top": 0.11981182
            }
        },
        {
            "label": 5,
            "probability": 0.999,
            "rect": {
                "bottom": 0.15112567,
                "left": 0.75635386,
                "right": 0.75635386,
                "top": 0.15112567
            }
        }
    ]
}