{
    "created_at": "2018-09-06T14:45:36.123516",
    "file_name": "000000230832.jpg",
    "generator": "convert_to_region_cropper.py",
    "labels": [
        "position",
        "left_eye",
        "right_eye",
        "left_cheek",
        "right_cheek",
        "nose_base",
        "left_mouth",
        "right_mouth",
        "bottom_mouth"
    ],
    "regions": [
        {
            "label": 0,
            "probability": 0.999,
            "rect": {
                "bottom": 0.84375,
                "left": 0.3515625,
                "right": 0.46484375,
                "top": 0.703125
            }
        },
        {
            "label": 1,
            "probability": 0.999,
            "rect": {
                "bottom": 0.7760745,
                "left": 0.4277186,
                "right": 0.4277186,
                "top": 0.7760745
            }
        },
        {
            "label": 4,
            "probability": 0.999,
            "rect": {
                "bottom": 0.79610986,
                "left": 0.43211383,
                "right": 0.43211383,
                "top": 0.79610986
            }
        },
        {
            "label": 5,
            "probability": 0.999,
            "rect": {
                "bottom": 0.800295,
                "left": 0.41303623,
                "right": 0.41303623,
                "top": 0.800295
            }
        }
    ]
}