{
    "created_at": "2018-09-06T14:45:37.639399",
    "file_name": "000000237049.jpg",
    "generator": "convert_to_region_cropper.py",
    "labels": [
        "position",
        "left_eye",
        "right_eye",
        "left_cheek",
        "right_cheek",
        "nose_base",
        "left_mouth",
        "right_mouth",
        "bottom_mouth"
    ],
    "regions": [
        {
            "label": 0,
            "probability": 0.999,
            "rect": {
                "bottom": 0.53125,
                "left": 0.35546875,
                "right": 0.5078125,
                "top": 0.34375
            }
        },
        {
            "label": 1,
            "probability": 0.999,
            "rect": {
                "bottom": 0.4433472,
                "left": 0.45529282,
                "right": 0.45529282,
                "top": 0.4433472
            }
        },
        {
            "label": 2,
            "probability": 0.999,
            "rect": {
                "bottom": 0.44400638,
                "left": 0.4097493,
                "right": 0.4097493,
                "top": 0.44400638
            }
        },
        {
            "label": 3,
            "probability": 0.999,
            "rect": {
                "bottom": 0.46977755,
                "left": 0.40309995,
                "right": 0.40309995,
                "top": 0.46977755
            }
        }
    ]
}