{
    "created_at": "2018-09-06T14:45:30.539171",
    "file_name": "000000206143.jpg",
    "generator": "convert_to_region_cropper.py",
    "labels": [
        "position",
        "left_eye",
        "right_eye",
        "left_cheek",
        "right_cheek",
        "nose_base",
        "left_mouth",
        "right_mouth",
        "bottom_mouth"
    ],
    "regions": [
        {
            "label": 0,
            "probability": 0.999,
            "rect": {
                "bottom": 0.375,
                "left": 0.42578125,
                "right": 0.54296875,
                "top": 0.23046875
            }
        },
        {
            "label": 1,
            "probability": 0.999,
            "rect": {
                "bottom": 0.3081985,
                "left": 0.5051614,
                "right": 0.5051614,
                "top": 0.3081985
            }
        },
        {
            "label": 2,
            "probability": 0.999,
            "rect": {
                "bottom": 0.30969295,
                "left": 0.4754941,
                "right": 0.4754941,
                "top": 0.30969295
            }
        },
        {
            "label": 4,
            "probability": 0.999,
            "rect": {
                "bottom": 0.32736954,
                "left": 0.5211467,
                "right": 0.5211467,
                "top": 0.32736954
            }
        }
    ]
}