{
    "created_at": "2018-09-06T14:45:00.841446",
    "file_name": "000000078504.jpg",
    "generator": "convert_to_region_cropper.py",
    "labels": [
        "position",
        "left_eye",
        "right_eye",
        "left_cheek",
        "right_cheek",
        "nose_base",
        "left_mouth",
        "right_mouth",
        "bottom_mouth"
    ],
    "regions": [
        {
            "label": 0,
            "probability": 0.999,
            "rect": {
                "bottom": 0.3671875,
                "left": 0.2734375,
                "right": 0.39453125,
                "top": 0.21484375
            }
        },
        {
            "label": 1,
            "probability": 0.999,
            "rect": {
                "bottom": 0.31149805,
                "left": 0.33337322,
                "right": 0.33337322,
                "top": 0.31149805
            }
        },
        {
            "label": 4,
            "probability": 0.999,
            "rect": {
                "bottom": 0.3058149,
                "left": 0.351902,
                "right": 0.351902,
                "top": 0.3058149
            }
        },
        {
            "label": 5,
            "probability": 0.999,
            "rect": {
                "bottom": 0.33616075,
                "left": 0.33753917,
                "right": 0.33753917,
                "top": 0.33616075
            }
        }
    ]
}