{
    "created_at": "2018-09-06T14:46:41.525655",
    "file_name": "000000521019.jpg",
    "generator": "convert_to_region_cropper.py",
    "labels": [
        "position",
        "left_eye",
        "right_eye",
        "left_cheek",
        "right_cheek",
        "nose_base",
        "left_mouth",
        "right_mouth",
        "bottom_mouth"
    ],
    "regions": [
        {
            "label": 0,
            "probability": 0.999,
            "rect": {
                "bottom": 0.41015625,
                "left": 0.71484375,
                "right": 0.8984375,
                "top": 0.18359375
            }
        },
        {
            "label": 1,
            "probability": 0.999,
            "rect": {
                "bottom": 0.30873376,
                "left": 0.83662945,
                "right": 0.83662945,
                "top": 0.30873376
            }
        },
        {
            "label": 4,
            "probability": 0.999,
            "rect": {
                "bottom": 0.32103717,
                "left": 0.8736993,
                "right": 0.8736993,
                "top": 0.32103717
            }
        }
    ]
}