{
    "created_at": "2018-09-06T14:45:37.856051",
    "file_name": "000000238044.jpg",
    "generator": "convert_to_region_cropper.py",
    "labels": [
        "position",
        "left_eye",
        "right_eye",
        "left_cheek",
        "right_cheek",
        "nose_base",
        "left_mouth",
        "right_mouth",
        "bottom_mouth"
    ],
    "regions": [
        {
            "label": 0,
            "probability": 0.999,
            "rect": {
                "bottom": 0.328125,
                "left": 0.49609375,
                "right": 0.7578125,
                "top": 0.0
            }
        },
        {
            "label": 1,
            "probability": 0.999,
            "rect": {
                "bottom": 0.17820239,
                "left": 0.6654853,
                "right": 0.6654853,
                "top": 0.17820239
            }
        },
        {
            "label": 4,
            "probability": 0.999,
            "rect": {
                "bottom": 0.20334661,
                "left": 0.71895844,
                "right": 0.71895844,
                "top": 0.20334661
            }
        },
        {
            "label": 6,
            "probability": 0.999,
            "rect": {
                "bottom": 0.26768646,
                "left": 0.6681559,
                "right": 0.6681559,
                "top": 0.26768646
            }
        }
    ]
}