{
    "created_at": "2018-09-06T14:46:10.022202",
    "file_name": "000000379855.jpg",
    "generator": "convert_to_region_cropper.py",
    "labels": [
        "position",
        "left_eye",
        "right_eye",
        "left_cheek",
        "right_cheek",
        "nose_base",
        "left_mouth",
        "right_mouth",
        "bottom_mouth"
    ],
    "regions": [
        {
            "label": 0,
            "probability": 0.999,
            "rect": {
                "bottom": 0.76953125,
                "left": 0.21484375,
                "right": 0.8125,
                "top": 0.0234375
            }
        },
        {
            "label": 1,
            "probability": 0.999,
            "rect": {
                "bottom": 0.4151623,
                "left": 0.59796995,
                "right": 0.59796995,
                "top": 0.4151623
            }
        },
        {
            "label": 5,
            "probability": 0.999,
            "rect": {
                "bottom": 0.5472418,
                "left": 0.5699004,
                "right": 0.5699004,
                "top": 0.5472418
            }
        },
        {
            "label": 6,
            "probability": 0.999,
            "rect": {
                "bottom": 0.5791368,
                "left": 0.60306126,
                "right": 0.60306126,
                "top": 0.5791368
            }
        }
    ]
}