{
    "created_at": "2018-09-06T14:45:46.619402",
    "file_name": "000000278607.jpg",
    "generator": "convert_to_region_cropper.py",
    "labels": [
        "position",
        "left_eye",
        "right_eye",
        "left_cheek",
        "right_cheek",
        "nose_base",
        "left_mouth",
        "right_mouth",
        "bottom_mouth"
    ],
    "regions": [
        {
            "label": 0,
            "probability": 0.999,
            "rect": {
                "bottom": 0.30078125,
                "left": 0.203125,
                "right": 0.3203125,
                "top": 0.15625
            }
        },
        {
            "label": 3,
            "probability": 0.999,
            "rect": {
                "bottom": 0.24935973,
                "left": 0.22711624,
                "right": 0.22711624,
                "top": 0.24935973
            }
        },
        {
            "label": 7,
            "probability": 0.999,
            "rect": {
                "bottom": 0.26643908,
                "left": 0.24703662,
                "right": 0.24703662,
                "top": 0.26643908
            }
        }
    ]
}