{
    "created_at": "2018-09-06T14:45:10.518457",
    "file_name": "000000119454.jpg",
    "generator": "convert_to_region_cropper.py",
    "labels": [
        "position",
        "left_eye",
        "right_eye",
        "left_cheek",
        "right_cheek",
        "nose_base",
        "left_mouth",
        "right_mouth",
        "bottom_mouth"
    ],
    "regions": [
        {
            "label": 0,
            "probability": 0.999,
            "rect": {
                "bottom": 0.33203125,
                "left": 0.25390625,
                "right": 0.37109375,
                "top": 0.1875
            }
        },
        {
            "label": 1,
            "probability": 0.999,
            "rect": {
                "bottom": 0.26593524,
                "left": 0.3337929,
                "right": 0.3337929,
                "top": 0.26593524
            }
        },
        {
            "label": 2,
            "probability": 0.999,
            "rect": {
                "bottom": 0.26527166,
                "left": 0.30334383,
                "right": 0.30334383,
                "top": 0.26527166
            }
        }
    ]
}