{
    "created_at": "2018-09-06T14:46:43.998513",
    "file_name": "000000531270.jpg",
    "generator": "convert_to_region_cropper.py",
    "labels": [
        "position",
        "left_eye",
        "right_eye",
        "left_cheek",
        "right_cheek",
        "nose_base",
        "left_mouth",
        "right_mouth",
        "bottom_mouth"
    ],
    "regions": [
        {
            "label": 0,
            "probability": 0.999,
            "rect": {
                "bottom": 0.29296875,
                "left": 0.2265625,
                "right": 0.31640625,
                "top": 0.1796875
            }
        },
        {
            "label": 3,
            "probability": 0.999,
            "rect": {
                "bottom": 0.2564315,
                "left": 0.2599221,
                "right": 0.2599221,
                "top": 0.2564315
            }
        },
        {
            "label": 4,
            "probability": 0.999,
            "rect": {
                "bottom": 0.25344956,
                "left": 0.28947195,
                "right": 0.28947195,
                "top": 0.25344956
            }
        }
    ]
}