{
    "created_at": "2018-09-06T14:45:04.853249",
    "file_name": "000000096302.jpg",
    "generator": "convert_to_region_cropper.py",
    "labels": [
        "position",
        "left_eye",
        "right_eye",
        "left_cheek",
        "right_cheek",
        "nose_base",
        "left_mouth",
        "right_mouth",
        "bottom_mouth"
    ],
    "regions": [
        {
            "label": 0,
            "probability": 0.999,
            "rect": {
                "bottom": 0.2109375,
                "left": 0.421875,
                "right": 0.54296875,
                "top": 0.05859375
            }
        },
        {
            "label": 1,
            "probability": 0.999,
            "rect": {
                "bottom": 0.13473299,
                "left": 0.50125206,
                "right": 0.50125206,
                "top": 0.13473299
            }
        },
        {
            "label": 4,
            "probability": 0.999,
            "rect": {
                "bottom": 0.16055417,
                "left": 0.52292013,
                "right": 0.52292013,
                "top": 0.16055417
            }
        }
    ]
}