{
    "created_at": "2018-09-06T14:45:47.356666",
    "file_name": "000000281760.jpg",
    "generator": "convert_to_region_cropper.py",
    "labels": [
        "position",
        "left_eye",
        "right_eye",
        "left_cheek",
        "right_cheek",
        "nose_base",
        "left_mouth",
        "right_mouth",
        "bottom_mouth"
    ],
    "regions": [
        {
            "label": 0,
            "probability": 0.999,
            "rect": {
                "bottom": 0.28515625,
                "left": 0.41015625,
                "right": 0.50390625,
                "top": 0.16796875
            }
        },
        {
            "label": 4,
            "probability": 0.999,
            "rect": {
                "bottom": 0.25243884,
                "left": 0.47369948,
                "right": 0.47369948,
                "top": 0.25243884
            }
        },
        {
            "label": 5,
            "probability": 0.999,
            "rect": {
                "bottom": 0.25150004,
                "left": 0.4578038,
                "right": 0.4578038,
                "top": 0.25150004
            }
        },
        {
            "label": 6,
            "probability": 0.999,
            "rect": {
                "bottom": 0.26365018,
                "left": 0.46652538,
                "right": 0.46652538,
                "top": 0.26365018
            }
        }
    ]
}