{
    "created_at": "2018-09-06T14:45:51.558803",
    "file_name": "000000300006.jpg",
    "generator": "convert_to_region_cropper.py",
    "labels": [
        "position",
        "left_eye",
        "right_eye",
        "left_cheek",
        "right_cheek",
        "nose_base",
        "left_mouth",
        "right_mouth",
        "bottom_mouth"
    ],
    "regions": [
        {
            "label": 0,
            "probability": 0.999,
            "rect": {
                "bottom": 0.60546875,
                "left": 0.3671875,
                "right": 0.65234375,
                "top": 0.25
            }
        },
        {
            "label": 2,
            "probability": 0.999,
            "rect": {
                "bottom": 0.44048437,
                "left": 0.46902627,
                "right": 0.46902627,
                "top": 0.44048437
            }
        },
        {
            "label": 3,
            "probability": 0.999,
            "rect": {
                "bottom": 0.49051243,
                "left": 0.41274595,
                "right": 0.41274595,
                "top": 0.49051243
            }
        },
        {
            "label": 7,
            "probability": 0.999,
            "rect": {
                "bottom": 0.5200461,
                "left": 0.46525514,
                "right": 0.46525514,
                "top": 0.5200461
            }
        }
    ]
}