{
    "created_at": "2018-09-06T14:45:57.096568",
    "file_name": "000000324166.jpg",
    "generator": "convert_to_region_cropper.py",
    "labels": [
        "position",
        "left_eye",
        "right_eye",
        "left_cheek",
        "right_cheek",
        "nose_base",
        "left_mouth",
        "right_mouth",
        "bottom_mouth"
    ],
    "regions": [
        {
            "label": 0,
            "probability": 0.999,
            "rect": {
                "bottom": 0.21484375,
                "left": 0.3046875,
                "right": 0.42578125,
                "top": 0.0625
            }
        },
        {
            "label": 1,
            "probability": 0.999,
            "rect": {
                "bottom": 0.14431685,
                "left": 0.38289395,
                "right": 0.38289395,
                "top": 0.14431685
            }
        },
        {
            "label": 2,
            "probability": 0.999,
            "rect": {
                "bottom": 0.14451501,
                "left": 0.347198,
                "right": 0.347198,
                "top": 0.14451501
            }
        },
        {
            "label": 4,
            "probability": 0.999,
            "rect": {
                "bottom": 0.15788782,
                "left": 0.40783533,
                "right": 0.40783533,
                "top": 0.15788782
            }
        }
    ]
}