{
    "created_at": "2018-09-06T14:46:47.602332",
    "file_name": "000000546990.jpg",
    "generator": "convert_to_region_cropper.py",
    "labels": [
        "position",
        "left_eye",
        "right_eye",
        "left_cheek",
        "right_cheek",
        "nose_base",
        "left_mouth",
        "right_mouth",
        "bottom_mouth"
    ],
    "regions": [
        {
            "label": 0,
            "probability": 0.999,
            "rect": {
                "bottom": 0.23046875,
                "left": 0.2421875,
                "right": 0.34765625,
                "top": 0.09765625
            }
        },
        {
            "label": 1,
            "probability": 0.999,
            "rect": {
                "bottom": 0.16831052,
                "left": 0.30487967,
                "right": 0.30487967,
                "top": 0.16831052
            }
        },
        {
            "label": 4,
            "probability": 0.999,
            "rect": {
                "bottom": 0.17714772,
                "left": 0.32904318,
                "right": 0.32904318,
                "top": 0.17714772
            }
        }
    ]
}