{
    "created_at": "2018-09-06T14:46:39.604649",
    "file_name": "000000513128.jpg",
    "generator": "convert_to_region_cropper.py",
    "labels": [
        "position",
        "left_eye",
        "right_eye",
        "left_cheek",
        "right_cheek",
        "nose_base",
        "left_mouth",
        "right_mouth",
        "bottom_mouth"
    ],
    "regions": [
        {
            "label": 0,
            "probability": 0.999,
            "rect": {
                "bottom": 0.68359375,
                "left": 0.48046875,
                "right": 0.59765625,
                "top": 0.5390625
            }
        },
        {
            "label": 1,
            "probability": 0.999,
            "rect": {
                "bottom": 0.61988467,
                "left": 0.55579746,
                "right": 0.55579746,
                "top": 0.61988467
            }
        },
        {
            "label": 4,
            "probability": 0.999,
            "rect": {
                "bottom": 0.62752587,
                "left": 0.5757008,
                "right": 0.5757008,
                "top": 0.62752587
            }
        },
        {
            "label": 6,
            "probability": 0.999,
            "rect": {
                "bottom": 0.64784765,
                "left": 0.54940206,
                "right": 0.54940206,
                "top": 0.64784765
            }
        }
    ]
}