{
    "created_at": "2018-09-06T14:46:28.030561",
    "file_name": "000000459452.jpg",
    "generator": "convert_to_region_cropper.py",
    "labels": [
        "position",
        "left_eye",
        "right_eye",
        "left_cheek",
        "right_cheek",
        "nose_base",
        "left_mouth",
        "right_mouth",
        "bottom_mouth"
    ],
    "regions": [
        {
            "label": 0,
            "probability": 0.999,
            "rect": {
                "bottom": 0.2734375,
                "left": 0.5703125,
                "right": 0.69140625,
                "top": 0.12109375
            }
        },
        {
            "label": 1,
            "probability": 0.999,
            "rect": {
                "bottom": 0.20397586,
                "left": 0.6533096,
                "right": 0.6533096,
                "top": 0.20397586
            }
        },
        {
            "label": 6,
            "probability": 0.999,
            "rect": {
                "bottom": 0.24367814,
                "left": 0.65516216,
                "right": 0.65516216,
                "top": 0.24367814
            }
        },
        {
            "label": 8,
            "probability": 0.999,
            "rect": {
                "bottom": 0.2516688,
                "left": 0.6361653,
                "right": 0.6361653,
                "top": 0.2516688
            }
        }
    ]
}