{
    "created_at": "2018-09-06T14:46:16.796751",
    "file_name": "000000411017.jpg",
    "generator": "convert_to_region_cropper.py",
    "labels": [
        "position",
        "left_eye",
        "right_eye",
        "left_cheek",
        "right_cheek",
        "nose_base",
        "left_mouth",
        "right_mouth",
        "bottom_mouth"
    ],
    "regions": [
        {
            "label": 0,
            "probability": 0.999,
            "rect": {
                "bottom": 0.28515625,
                "left": 0.40234375,
                "right": 0.59765625,
                "top": 0.046875
            }
        },
        {
            "label": 1,
            "probability": 0.999,
            "rect": {
                "bottom": 0.17570798,
                "left": 0.53096676,
                "right": 0.53096676,
                "top": 0.17570798
            }
        },
        {
            "label": 5,
            "probability": 0.999,
            "rect": {
                "bottom": 0.22390638,
                "left": 0.5006272,
                "right": 0.5006272,
                "top": 0.22390638
            }
        },
        {
            "label": 8,
            "probability": 0.999,
            "rect": {
                "bottom": 0.25464433,
                "left": 0.505526,
                "right": 0.505526,
                "top": 0.25464433
            }
        }
    ]
}