{
    "created_at": "2018-09-06T14:44:47.870436",
    "file_name": "000000023417.jpg",
    "generator": "convert_to_region_cropper.py",
    "labels": [
        "position",
        "left_eye",
        "right_eye",
        "left_cheek",
        "right_cheek",
        "nose_base",
        "left_mouth",
        "right_mouth",
        "bottom_mouth"
    ],
    "regions": [
        {
            "label": 0,
            "probability": 0.999,
            "rect": {
                "bottom": 0.20703125,
                "left": 0.49609375,
                "right": 0.6015625,
                "top": 0.078125
            }
        },
        {
            "label": 1,
            "probability": 0.999,
            "rect": {
                "bottom": 0.1561166,
                "left": 0.56084025,
                "right": 0.56084025,
                "top": 0.1561166
            }
        },
        {
            "label": 5,
            "probability": 0.999,
            "rect": {
                "bottom": 0.18073337,
                "left": 0.5525886,
                "right": 0.5525886,
                "top": 0.18073337
            }
        },
        {
            "label": 8,
            "probability": 0.999,
            "rect": {
                "bottom": 0.191698,
                "left": 0.5553345,
                "right": 0.5553345,
                "top": 0.191698
            }
        }
    ]
}