{
    "created_at": "2018-09-06T14:45:38.056459",
    "file_name": "000000238889.jpg",
    "generator": "convert_to_region_cropper.py",
    "labels": [
        "position",
        "left_eye",
        "right_eye",
        "left_cheek",
        "right_cheek",
        "nose_base",
        "left_mouth",
        "right_mouth",
        "bottom_mouth"
    ],
    "regions": [
        {
            "label": 0,
            "probability": 0.999,
            "rect": {
                "bottom": 0.39453125,
                "left": 0.39453125,
                "right": 0.56640625,
                "top": 0.1796875
            }
        },
        {
            "label": 1,
            "probability": 0.999,
            "rect": {
                "bottom": 0.29866576,
                "left": 0.49612528,
                "right": 0.49612528,
                "top": 0.29866576
            }
        },
        {
            "label": 4,
            "probability": 0.999,
            "rect": {
                "bottom": 0.30332866,
                "left": 0.54227376,
                "right": 0.54227376,
                "top": 0.30332866
            }
        },
        {
            "label": 6,
            "probability": 0.999,
            "rect": {
                "bottom": 0.34320897,
                "left": 0.50791335,
                "right": 0.50791335,
                "top": 0.34320897
            }
        }
    ]
}