{
    "created_at": "2018-09-06T14:46:07.681584",
    "file_name": "000000369303.jpg",
    "generator": "convert_to_region_cropper.py",
    "labels": [
        "position",
        "left_eye",
        "right_eye",
        "left_cheek",
        "right_cheek",
        "nose_base",
        "left_mouth",
        "right_mouth",
        "bottom_mouth"
    ],
    "regions": [
        {
            "label": 0,
            "probability": 0.999,
            "rect": {
                "bottom": 0.90625,
                "left": 0.2734375,
                "right": 0.3828125,
                "top": 0.7734375
            }
        },
        {
            "label": 1,
            "probability": 0.999,
            "rect": {
                "bottom": 0.846216,
                "left": 0.34135434,
                "right": 0.34135434,
                "top": 0.846216
            }
        },
        {
            "label": 2,
            "probability": 0.999,
            "rect": {
                "bottom": 0.8487538,
                "left": 0.3179168,
                "right": 0.3179168,
                "top": 0.8487538
            }
        },
        {
            "label": 4,
            "probability": 0.999,
            "rect": {
                "bottom": 0.8526601,
                "left": 0.36479187,
                "right": 0.36479187,
                "top": 0.8526601
            }
        }
    ]
}