{
    "created_at": "2018-09-06T14:45:36.247970",
    "file_name": "000000231327.jpg",
    "generator": "convert_to_region_cropper.py",
    "labels": [
        "position",
        "left_eye",
        "right_eye",
        "left_cheek",
        "right_cheek",
        "nose_base",
        "left_mouth",
        "right_mouth",
        "bottom_mouth"
    ],
    "regions": [
        {
            "label": 0,
            "probability": 0.999,
            "rect": {
                "bottom": 0.21484375,
                "left": 0.43359375,
                "right": 0.53125,
                "top": 0.09375
            }
        },
        {
            "label": 2,
            "probability": 0.999,
            "rect": {
                "bottom": 0.15993945,
                "left": 0.4687773,
                "right": 0.4687773,
                "top": 0.15993945
            }
        },
        {
            "label": 3,
            "probability": 0.999,
            "rect": {
                "bottom": 0.17055178,
                "left": 0.44904843,
                "right": 0.44904843,
                "top": 0.17055178
            }
        },
        {
            "label": 7,
            "probability": 0.999,
            "rect": {
                "bottom": 0.19144203,
                "left": 0.47028393,
                "right": 0.47028393,
                "top": 0.19144203
            }
        }
    ]
}