{
    "created_at": "2018-09-06T14:45:55.322165",
    "file_name": "000000316979.jpg",
    "generator": "convert_to_region_cropper.py",
    "labels": [
        "position",
        "left_eye",
        "right_eye",
        "left_cheek",
        "right_cheek",
        "nose_base",
        "left_mouth",
        "right_mouth",
        "bottom_mouth"
    ],
    "regions": [
        {
            "label": 0,
            "probability": 0.999,
            "rect": {
                "bottom": 0.44921875,
                "left": 0.109375,
                "right": 0.23046875,
                "top": 0.296875
            }
        },
        {
            "label": 2,
            "probability": 0.999,
            "rect": {
                "bottom": 0.37813726,
                "left": 0.15726648,
                "right": 0.15726648,
                "top": 0.37813726
            }
        },
        {
            "label": 3,
            "probability": 0.999,
            "rect": {
                "bottom": 0.38756284,
                "left": 0.13664274,
                "right": 0.13664274,
                "top": 0.38756284
            }
        },
        {
            "label": 5,
            "probability": 0.999,
            "rect": {
                "bottom": 0.40798837,
                "left": 0.16186157,
                "right": 0.16186157,
                "top": 0.40798837
            }
        }
    ]
}