{
    "created_at": "2018-09-06T14:46:28.136191",
    "file_name": "000000459924.jpg",
    "generator": "convert_to_region_cropper.py",
    "labels": [
        "position",
        "left_eye",
        "right_eye",
        "left_cheek",
        "right_cheek",
        "nose_base",
        "left_mouth",
        "right_mouth",
        "bottom_mouth"
    ],
    "regions": [
        {
            "label": 0,
            "probability": 0.999,
            "rect": {
                "bottom": 0.2890625,
                "left": 0.30078125,
                "right": 0.4453125,
                "top": 0.10546875
            }
        },
        {
            "label": 1,
            "probability": 0.999,
            "rect": {
                "bottom": 0.20759639,
                "left": 0.37856185,
                "right": 0.37856185,
                "top": 0.20759639
            }
        },
        {
            "label": 4,
            "probability": 0.999,
            "rect": {
                "bottom": 0.20806254,
                "left": 0.40849683,
                "right": 0.40849683,
                "top": 0.20806254
            }
        },
        {
            "label": 5,
            "probability": 0.999,
            "rect": {
                "bottom": 0.234397,
                "left": 0.38307682,
                "right": 0.38307682,
                "top": 0.234397
            }
        }
    ]
}