{
    "created_at": "2018-09-06T14:46:35.991108",
    "file_name": "000000495843.jpg",
    "generator": "convert_to_region_cropper.py",
    "labels": [
        "position",
        "left_eye",
        "right_eye",
        "left_cheek",
        "right_cheek",
        "nose_base",
        "left_mouth",
        "right_mouth",
        "bottom_mouth"
    ],
    "regions": [
        {
            "label": 0,
            "probability": 0.999,
            "rect": {
                "bottom": 0.859375,
                "left": 0.62109375,
                "right": 0.74609375,
                "top": 0.703125
            }
        },
        {
            "label": 2,
            "probability": 0.999,
            "rect": {
                "bottom": 0.78040904,
                "left": 0.68273014,
                "right": 0.68273014,
                "top": 0.78040904
            }
        },
        {
            "label": 3,
            "probability": 0.999,
            "rect": {
                "bottom": 0.79935557,
                "left": 0.6584138,
                "right": 0.6584138,
                "top": 0.79935557
            }
        },
        {
            "label": 5,
            "probability": 0.999,
            "rect": {
                "bottom": 0.8114501,
                "left": 0.6944403,
                "right": 0.6944403,
                "top": 0.8114501
            }
        }
    ]
}