{
    "created_at": "2018-09-06T14:44:50.915223",
    "file_name": "000000038099.jpg",
    "generator": "convert_to_region_cropper.py",
    "labels": [
        "position",
        "left_eye",
        "right_eye",
        "left_cheek",
        "right_cheek",
        "nose_base",
        "left_mouth",
        "right_mouth",
        "bottom_mouth"
    ],
    "regions": [
        {
            "label": 0,
            "probability": 0.999,
            "rect": {
                "bottom": 0.1484375,
                "left": 0.5859375,
                "right": 0.703125,
                "top": 0.0
            }
        },
        {
            "label": 4,
            "probability": 0.999,
            "rect": {
                "bottom": 0.09444571,
                "left": 0.6627487,
                "right": 0.6627487,
                "top": 0.09444571
            }
        },
        {
            "label": 5,
            "probability": 0.999,
            "rect": {
                "bottom": 0.10944128,
                "left": 0.6459624,
                "right": 0.6459624,
                "top": 0.10944128
            }
        },
        {
            "label": 6,
            "probability": 0.999,
            "rect": {
                "bottom": 0.11360108,
                "left": 0.6591262,
                "right": 0.6591262,
                "top": 0.11360108
            }
        }
    ]
}