{
    "created_at": "2018-09-06T14:45:00.879757",
    "file_name": "000000078675.jpg",
    "generator": "convert_to_region_cropper.py",
    "labels": [
        "position",
        "left_eye",
        "right_eye",
        "left_cheek",
        "right_cheek",
        "nose_base",
        "left_mouth",
        "right_mouth",
        "bottom_mouth"
    ],
    "regions": [
        {
            "label": 0,
            "probability": 0.999,
            "rect": {
                "bottom": 0.88671875,
                "left": 0.26171875,
                "right": 0.4921875,
                "top": 0.6015625
            }
        },
        {
            "label": 1,
            "probability": 0.999,
            "rect": {
                "bottom": 0.7534797,
                "left": 0.3945221,
                "right": 0.3945221,
                "top": 0.7534797
            }
        },
        {
            "label": 5,
            "probability": 0.999,
            "rect": {
                "bottom": 0.8039032,
                "left": 0.38025606,
                "right": 0.38025606,
                "top": 0.8039032
            }
        },
        {
            "label": 6,
            "probability": 0.999,
            "rect": {
                "bottom": 0.81772393,
                "left": 0.38036442,
                "right": 0.38036442,
                "top": 0.81772393
            }
        }
    ]
}