{
    "created_at": "2018-09-06T14:45:33.470666",
    "file_name": "000000219005.jpg",
    "generator": "convert_to_region_cropper.py",
    "labels": [
        "position",
        "left_eye",
        "right_eye",
        "left_cheek",
        "right_cheek",
        "nose_base",
        "left_mouth",
        "right_mouth",
        "bottom_mouth"
    ],
    "regions": [
        {
            "label": 0,
            "probability": 0.999,
            "rect": {
                "bottom": 0.515625,
                "left": 0.32421875,
                "right": 0.46875,
                "top": 0.3359375
            }
        },
        {
            "label": 3,
            "probability": 0.999,
            "rect": {
                "bottom": 0.4616397,
                "left": 0.36580807,
                "right": 0.36580807,
                "top": 0.4616397
            }
        },
        {
            "label": 4,
            "probability": 0.999,
            "rect": {
                "bottom": 0.45013148,
                "left": 0.42438143,
                "right": 0.42438143,
                "top": 0.45013148
            }
        },
        {
            "label": 5,
            "probability": 0.999,
            "rect": {
                "bottom": 0.46668127,
                "left": 0.3988314,
                "right": 0.3988314,
                "top": 0.46668127
            }
        }
    ]
}