{
    "created_at": "2018-09-06T14:44:47.461211",
    "file_name": "000000021789.jpg",
    "generator": "convert_to_region_cropper.py",
    "labels": [
        "position",
        "left_eye",
        "right_eye",
        "left_cheek",
        "right_cheek",
        "nose_base",
        "left_mouth",
        "right_mouth",
        "bottom_mouth"
    ],
    "regions": [
        {
            "label": 0,
            "probability": 0.999,
            "rect": {
                "bottom": 0.45703125,
                "left": 0.4453125,
                "right": 0.5546875,
                "top": 0.3203125
            }
        },
        {
            "label": 2,
            "probability": 0.999,
            "rect": {
                "bottom": 0.39138168,
                "left": 0.48880816,
                "right": 0.48880816,
                "top": 0.39138168
            }
        },
        {
            "label": 3,
            "probability": 0.999,
            "rect": {
                "bottom": 0.40565488,
                "left": 0.46834123,
                "right": 0.46834123,
                "top": 0.40565488
            }
        },
        {
            "label": 5,
            "probability": 0.999,
            "rect": {
                "bottom": 0.42744914,
                "left": 0.5027707,
                "right": 0.5027707,
                "top": 0.42744914
            }
        }
    ]
}