{
    "created_at": "2018-09-06T14:46:12.426619",
    "file_name": "000000390603.jpg",
    "generator": "convert_to_region_cropper.py",
    "labels": [
        "position",
        "left_eye",
        "right_eye",
        "left_cheek",
        "right_cheek",
        "nose_base",
        "left_mouth",
        "right_mouth",
        "bottom_mouth"
    ],
    "regions": [
        {
            "label": 0,
            "probability": 0.999,
            "rect": {
                "bottom": 0.4453125,
                "left": 0.69140625,
                "right": 0.92578125,
                "top": 0.15234375
            }
        },
        {
            "label": 1,
            "probability": 0.999,
            "rect": {
                "bottom": 0.31692675,
                "left": 0.8515703,
                "right": 0.8515703,
                "top": 0.31692675
            }
        },
        {
            "label": 4,
            "probability": 0.999,
            "rect": {
                "bottom": 0.3386655,
                "left": 0.8971114,
                "right": 0.8971114,
                "top": 0.3386655
            }
        },
        {
            "label": 6,
            "probability": 0.999,
            "rect": {
                "bottom": 0.39669657,
                "left": 0.8432205,
                "right": 0.8432205,
                "top": 0.39669657
            }
        }
    ]
}