{
    "created_at": "2018-09-06T14:46:39.308706",
    "file_name": "000000512161.jpg",
    "generator": "convert_to_region_cropper.py",
    "labels": [
        "position",
        "left_eye",
        "right_eye",
        "left_cheek",
        "right_cheek",
        "nose_base",
        "left_mouth",
        "right_mouth",
        "bottom_mouth"
    ],
    "regions": [
        {
            "label": 0,
            "probability": 0.999,
            "rect": {
                "bottom": 0.359375,
                "left": 0.80078125,
                "right": 0.96875,
                "top": 0.1484375
            }
        },
        {
            "label": 2,
            "probability": 0.999,
            "rect": {
                "bottom": 0.2607501,
                "left": 0.883829,
                "right": 0.883829,
                "top": 0.2607501
            }
        },
        {
            "label": 3,
            "probability": 0.999,
            "rect": {
                "bottom": 0.26154417,
                "left": 0.8435564,
                "right": 0.8435564,
                "top": 0.26154417
            }
        },
        {
            "label": 5,
            "probability": 0.999,
            "rect": {
                "bottom": 0.29272142,
                "left": 0.8669617,
                "right": 0.8669617,
                "top": 0.29272142
            }
        }
    ]
}