{
    "created_at": "2018-09-06T14:46:45.092203",
    "file_name": "000000536236.jpg",
    "generator": "convert_to_region_cropper.py",
    "labels": [
        "position",
        "left_eye",
        "right_eye",
        "left_cheek",
        "right_cheek",
        "nose_base",
        "left_mouth",
        "right_mouth",
        "bottom_mouth"
    ],
    "regions": [
        {
            "label": 0,
            "probability": 0.999,
            "rect": {
                "bottom": 0.484375,
                "left": 0.37890625,
                "right": 0.48828125,
                "top": 0.3515625
            }
        },
        {
            "label": 1,
            "probability": 0.999,
            "rect": {
                "bottom": 0.42256722,
                "left": 0.44343072,
                "right": 0.44343072,
                "top": 0.42256722
            }
        },
        {
            "label": 4,
            "probability": 0.999,
            "rect": {
                "bottom": 0.43803003,
                "left": 0.44793615,
                "right": 0.44793615,
                "top": 0.43803003
            }
        }
    ]
}