{
    "created_at": "2018-09-06T14:45:32.497786",
    "file_name": "000000214771.jpg",
    "generator": "convert_to_region_cropper.py",
    "labels": [
        "position",
        "left_eye",
        "right_eye",
        "left_cheek",
        "right_cheek",
        "nose_base",
        "left_mouth",
        "right_mouth",
        "bottom_mouth"
    ],
    "regions": [
        {
            "label": 0,
            "probability": 0.999,
            "rect": {
                "bottom": 0.5078125,
                "left": 0.15625,
                "right": 0.27734375,
                "top": 0.359375
            }
        },
        {
            "label": 2,
            "probability": 0.999,
            "rect": {
                "bottom": 0.44307593,
                "left": 0.2140775,
                "right": 0.2140775,
                "top": 0.44307593
            }
        },
        {
            "label": 3,
            "probability": 0.999,
            "rect": {
                "bottom": 0.45079434,
                "left": 0.19282162,
                "right": 0.19282162,
                "top": 0.45079434
            }
        },
        {
            "label": 5,
            "probability": 0.999,
            "rect": {
                "bottom": 0.4674843,
                "left": 0.21262783,
                "right": 0.21262783,
                "top": 0.4674843
            }
        }
    ]
}