{
    "created_at": "2018-09-06T14:46:34.352402",
    "file_name": "000000489355.jpg",
    "generator": "convert_to_region_cropper.py",
    "labels": [
        "position",
        "left_eye",
        "right_eye",
        "left_cheek",
        "right_cheek",
        "nose_base",
        "left_mouth",
        "right_mouth",
        "bottom_mouth"
    ],
    "regions": [
        {
            "label": 0,
            "probability": 0.999,
            "rect": {
                "bottom": 0.3203125,
                "left": 0.109375,
                "right": 0.2421875,
                "top": 0.15625
            }
        },
        {
            "label": 1,
            "probability": 0.999,
            "rect": {
                "bottom": 0.24550481,
                "left": 0.18702798,
                "right": 0.18702798,
                "top": 0.24550481
            }
        },
        {
            "label": 4,
            "probability": 0.999,
            "rect": {
                "bottom": 0.2574907,
                "left": 0.21663335,
                "right": 0.21663335,
                "top": 0.2574907
            }
        },
        {
            "label": 6,
            "probability": 0.999,
            "rect": {
                "bottom": 0.28616557,
                "left": 0.19080718,
                "right": 0.19080718,
                "top": 0.28616557
            }
        }
    ]
}