{
    "created_at": "2018-09-06T14:45:48.632024",
    "file_name": "000000287460.jpg",
    "generator": "convert_to_region_cropper.py",
    "labels": [
        "position",
        "left_eye",
        "right_eye",
        "left_cheek",
        "right_cheek",
        "nose_base",
        "left_mouth",
        "right_mouth",
        "bottom_mouth"
    ],
    "regions": [
        {
            "label": 0,
            "probability": 0.999,
            "rect": {
                "bottom": 0.32421875,
                "left": 0.48828125,
                "right": 0.62109375,
                "top": 0.16015625
            }
        },
        {
            "label": 2,
            "probability": 0.999,
            "rect": {
                "bottom": 0.25136498,
                "left": 0.5433288,
                "right": 0.5433288,
                "top": 0.25136498
            }
        },
        {
            "label": 3,
            "probability": 0.999,
            "rect": {
                "bottom": 0.26187143,
                "left": 0.5104141,
                "right": 0.5104141,
                "top": 0.26187143
            }
        }
    ]
}