{
    "created_at": "2018-09-06T14:46:01.072550",
    "file_name": "000000341119.jpg",
    "generator": "convert_to_region_cropper.py",
    "labels": [
        "position",
        "left_eye",
        "right_eye",
        "left_cheek",
        "right_cheek",
        "nose_base",
        "left_mouth",
        "right_mouth",
        "bottom_mouth"
    ],
    "regions": [
        {
            "label": 0,
            "probability": 0.999,
            "rect": {
                "bottom": 0.82421875,
                "left": 0.24609375,
                "right": 0.4375,
                "top": 0.5859375
            }
        },
        {
            "label": 1,
            "probability": 0.999,
            "rect": {
                "bottom": 0.708224,
                "left": 0.35044467,
                "right": 0.35044467,
                "top": 0.708224
            }
        },
        {
            "label": 4,
            "probability": 0.999,
            "rect": {
                "bottom": 0.735885,
                "left": 0.366937,
                "right": 0.366937,
                "top": 0.735885
            }
        },
        {
            "label": 8,
            "probability": 0.999,
            "rect": {
                "bottom": 0.8075368,
                "left": 0.39236552,
                "right": 0.39236552,
                "top": 0.8075368
            }
        }
    ]
}