{
    "created_at": "2018-09-06T14:46:54.041192",
    "file_name": "000000576355.jpg",
    "generator": "convert_to_region_cropper.py",
    "labels": [
        "position",
        "left_eye",
        "right_eye",
        "left_cheek",
        "right_cheek",
        "nose_base",
        "left_mouth",
        "right_mouth",
        "bottom_mouth"
    ],
    "regions": [
        {
            "label": 0,
            "probability": 0.999,
            "rect": {
                "bottom": 0.28515625,
                "left": 0.19921875,
                "right": 0.296875,
                "top": 0.16015625
            }
        },
        {
            "label": 2,
            "probability": 0.999,
            "rect": {
                "bottom": 0.22717808,
                "left": 0.22922215,
                "right": 0.22922215,
                "top": 0.22717808
            }
        },
        {
            "label": 3,
            "probability": 0.999,
            "rect": {
                "bottom": 0.23889682,
                "left": 0.22922216,
                "right": 0.22922216,
                "top": 0.23889682
            }
        }
    ]
}