{
    "created_at": "2018-09-06T14:45:43.270225",
    "file_name": "000000263187.jpg",
    "generator": "convert_to_region_cropper.py",
    "labels": [
        "position",
        "left_eye",
        "right_eye",
        "left_cheek",
        "right_cheek",
        "nose_base",
        "left_mouth",
        "right_mouth",
        "bottom_mouth"
    ],
    "regions": [
        {
            "label": 0,
            "probability": 0.999,
            "rect": {
                "bottom": 0.609375,
                "left": 0.3203125,
                "right": 0.84375,
                "top": 0.0
            }
        },
        {
            "label": 1,
            "probability": 0.999,
            "rect": {
                "bottom": 0.3070121,
                "left": 0.63685876,
                "right": 0.63685876,
                "top": 0.3070121
            }
        },
        {
            "label": 4,
            "probability": 0.999,
            "rect": {
                "bottom": 0.34835604,
                "left": 0.75938106,
                "right": 0.75938106,
                "top": 0.34835604
            }
        },
        {
            "label": 6,
            "probability": 0.999,
            "rect": {
                "bottom": 0.48406214,
                "left": 0.66336,
                "right": 0.66336,
                "top": 0.48406214
            }
        }
    ]
}