{
    "created_at": "2018-09-06T14:45:29.076737",
    "file_name": "000000199749.jpg",
    "generator": "convert_to_region_cropper.py",
    "labels": [
        "position",
        "left_eye",
        "right_eye",
        "left_cheek",
        "right_cheek",
        "nose_base",
        "left_mouth",
        "right_mouth",
        "bottom_mouth"
    ],
    "regions": [
        {
            "label": 0,
            "probability": 0.999,
            "rect": {
                "bottom": 0.37109375,
                "left": 0.5,
                "right": 0.6015625,
                "top": 0.24609375
            }
        },
        {
            "label": 2,
            "probability": 0.999,
            "rect": {
                "bottom": 0.31523708,
                "left": 0.5404305,
                "right": 0.5404305,
                "top": 0.31523708
            }
        },
        {
            "label": 3,
            "probability": 0.999,
            "rect": {
                "bottom": 0.32552683,
                "left": 0.52610075,
                "right": 0.52610075,
                "top": 0.32552683
            }
        },
        {
            "label": 7,
            "probability": 0.999,
            "rect": {
                "bottom": 0.34676552,
                "left": 0.5392874,
                "right": 0.5392874,
                "top": 0.34676552
            }
        }
    ]
}