{
    "created_at": "2018-09-06T14:46:00.937160",
    "file_name": "000000340554.jpg",
    "generator": "convert_to_region_cropper.py",
    "labels": [
        "position",
        "left_eye",
        "right_eye",
        "left_cheek",
        "right_cheek",
        "nose_base",
        "left_mouth",
        "right_mouth",
        "bottom_mouth"
    ],
    "regions": [
        {
            "label": 0,
            "probability": 0.999,
            "rect": {
                "bottom": 0.73828125,
                "left": 0.12109375,
                "right": 0.29296875,
                "top": 0.5234375
            }
        },
        {
            "label": 2,
            "probability": 0.999,
            "rect": {
                "bottom": 0.63806653,
                "left": 0.1854295,
                "right": 0.1854295,
                "top": 0.63806653
            }
        },
        {
            "label": 3,
            "probability": 0.999,
            "rect": {
                "bottom": 0.65404385,
                "left": 0.15121213,
                "right": 0.15121213,
                "top": 0.65404385
            }
        },
        {
            "label": 5,
            "probability": 0.999,
            "rect": {
                "bottom": 0.66964406,
                "left": 0.19241995,
                "right": 0.19241995,
                "top": 0.66964406
            }
        }
    ]
}