{
    "created_at": "2018-09-06T14:46:52.721961",
    "file_name": "000000570554.jpg",
    "generator": "convert_to_region_cropper.py",
    "labels": [
        "position",
        "left_eye",
        "right_eye",
        "left_cheek",
        "right_cheek",
        "nose_base",
        "left_mouth",
        "right_mouth",
        "bottom_mouth"
    ],
    "regions": [
        {
            "label": 0,
            "probability": 0.999,
            "rect": {
                "bottom": 0.55078125,
                "left": 0.6953125,
                "right": 0.80859375,
                "top": 0.40625
            }
        },
        {
            "label": 1,
            "probability": 0.999,
            "rect": {
                "bottom": 0.48211244,
                "left": 0.7701072,
                "right": 0.7701072,
                "top": 0.48211244
            }
        },
        {
            "label": 2,
            "probability": 0.999,
            "rect": {
                "bottom": 0.4885576,
                "left": 0.74418145,
                "right": 0.74418145,
                "top": 0.4885576
            }
        },
        {
            "label": 6,
            "probability": 0.999,
            "rect": {
                "bottom": 0.5239096,
                "left": 0.77819073,
                "right": 0.77819073,
                "top": 0.5239096
            }
        }
    ]
}