{
    "created_at": "2018-09-06T14:46:08.889419",
    "file_name": "000000374476.jpg",
    "generator": "convert_to_region_cropper.py",
    "labels": [
        "position",
        "left_eye",
        "right_eye",
        "left_cheek",
        "right_cheek",
        "nose_base",
        "left_mouth",
        "right_mouth",
        "bottom_mouth"
    ],
    "regions": [
        {
            "label": 0,
            "probability": 0.999,
            "rect": {
                "bottom": 0.30078125,
                "left": 0.5234375,
                "right": 0.6484375,
                "top": 0.140625
            }
        },
        {
            "label": 4,
            "probability": 0.999,
            "rect": {
                "bottom": 0.22814374,
                "left": 0.61686367,
                "right": 0.61686367,
                "top": 0.22814374
            }
        },
        {
            "label": 6,
            "probability": 0.999,
            "rect": {
                "bottom": 0.25882205,
                "left": 0.6026036,
                "right": 0.6026036,
                "top": 0.25882205
            }
        }
    ]
}