{
    "created_at": "2018-09-06T14:46:13.653583",
    "file_name": "000000396506.jpg",
    "generator": "convert_to_region_cropper.py",
    "labels": [
        "position",
        "left_eye",
        "right_eye",
        "left_cheek",
        "right_cheek",
        "nose_base",
        "left_mouth",
        "right_mouth",
        "bottom_mouth"
    ],
    "regions": [
        {
            "label": 0,
            "probability": 0.999,
            "rect": {
                "bottom": 0.37109375,
                "left": 0.4140625,
                "right": 0.53515625,
                "top": 0.21484375
            }
        },
        {
            "label": 2,
            "probability": 0.999,
            "rect": {
                "bottom": 0.30138063,
                "left": 0.47456467,
                "right": 0.47456467,
                "top": 0.30138063
            }
        },
        {
            "label": 3,
            "probability": 0.999,
            "rect": {
                "bottom": 0.32024053,
                "left": 0.4421115,
                "right": 0.4421115,
                "top": 0.32024053
            }
        }
    ]
}