{
    "created_at": "2018-09-06T14:45:52.014490",
    "file_name": "000000301941.jpg",
    "generator": "convert_to_region_cropper.py",
    "labels": [
        "position",
        "left_eye",
        "right_eye",
        "left_cheek",
        "right_cheek",
        "nose_base",
        "left_mouth",
        "right_mouth",
        "bottom_mouth"
    ],
    "regions": [
        {
            "label": 0,
            "probability": 0.999,
            "rect": {
                "bottom": 0.4375,
                "left": 0.69921875,
                "right": 0.8515625,
                "top": 0.24609375
            }
        },
        {
            "label": 2,
            "probability": 0.999,
            "rect": {
                "bottom": 0.35209695,
                "left": 0.77059746,
                "right": 0.77059746,
                "top": 0.35209695
            }
        },
        {
            "label": 3,
            "probability": 0.999,
            "rect": {
                "bottom": 0.36030558,
                "left": 0.7261419,
                "right": 0.7261419,
                "top": 0.36030558
            }
        },
        {
            "label": 7,
            "probability": 0.999,
            "rect": {
                "bottom": 0.39624244,
                "left": 0.7606596,
                "right": 0.7606596,
                "top": 0.39624244
            }
        }
    ]
}