{
    "created_at": "2018-09-06T14:46:18.991971",
    "file_name": "000000420294.jpg",
    "generator": "convert_to_region_cropper.py",
    "labels": [
        "position",
        "left_eye",
        "right_eye",
        "left_cheek",
        "right_cheek",
        "nose_base",
        "left_mouth",
        "right_mouth",
        "bottom_mouth"
    ],
    "regions": [
        {
            "label": 0,
            "probability": 0.999,
            "rect": {
                "bottom": 0.5234375,
                "left": 0.59375,
                "right": 0.734375,
                "top": 0.34765625
            }
        },
        {
            "label": 1,
            "probability": 0.999,
            "rect": {
                "bottom": 0.43929222,
                "left": 0.6913955,
                "right": 0.6913955,
                "top": 0.43929222
            }
        },
        {
            "label": 6,
            "probability": 0.999,
            "rect": {
                "bottom": 0.4837276,
                "left": 0.6865266,
                "right": 0.6865266,
                "top": 0.4837276
            }
        },
        {
            "label": 8,
            "probability": 0.999,
            "rect": {
                "bottom": 0.49650514,
                "left": 0.65845215,
                "right": 0.65845215,
                "top": 0.49650514
            }
        }
    ]
}