{
    "created_at": "2018-09-06T14:44:55.083717",
    "file_name": "000000055321.jpg",
    "generator": "convert_to_region_cropper.py",
    "labels": [
        "position",
        "left_eye",
        "right_eye",
        "left_cheek",
        "right_cheek",
        "nose_base",
        "left_mouth",
        "right_mouth",
        "bottom_mouth"
    ],
    "regions": [
        {
            "label": 0,
            "probability": 0.999,
            "rect": {
                "bottom": 0.15234375,
                "left": 0.58984375,
                "right": 0.71484375,
                "top": 0.0
            }
        },
        {
            "label": 1,
            "probability": 0.999,
            "rect": {
                "bottom": 0.07913678,
                "left": 0.67045546,
                "right": 0.67045546,
                "top": 0.07913678
            }
        },
        {
            "label": 4,
            "probability": 0.999,
            "rect": {
                "bottom": 0.093390174,
                "left": 0.69093424,
                "right": 0.69093424,
                "top": 0.093390174
            }
        },
        {
            "label": 6,
            "probability": 0.999,
            "rect": {
                "bottom": 0.10669684,
                "left": 0.6604778,
                "right": 0.6604778,
                "top": 0.10669684
            }
        }
    ]
}