{
    "created_at": "2018-09-06T14:46:43.484575",
    "file_name": "000000529338.jpg",
    "generator": "convert_to_region_cropper.py",
    "labels": [
        "position",
        "left_eye",
        "right_eye",
        "left_cheek",
        "right_cheek",
        "nose_base",
        "left_mouth",
        "right_mouth",
        "bottom_mouth"
    ],
    "regions": [
        {
            "label": 0,
            "probability": 0.999,
            "rect": {
                "bottom": 0.3046875,
                "left": 0.44140625,
                "right": 0.53515625,
                "top": 0.1875
            }
        },
        {
            "label": 4,
            "probability": 0.999,
            "rect": {
                "bottom": 0.2626733,
                "left": 0.5179768,
                "right": 0.5179768,
                "top": 0.2626733
            }
        },
        {
            "label": 0,
            "probability": 0.999,
            "rect": {
                "bottom": 0.859375,
                "left": 0.12890625,
                "right": 0.31640625,
                "top": 0.62109375
            }
        },
        {
            "label": 8,
            "probability": 0.999,
            "rect": {
                "bottom": 0.84371537,
                "left": 0.21871509,
                "right": 0.21871509,
                "top": 0.84371537
            }
        }
    ]
}