{
    "created_at": "2018-09-06T14:45:07.538939",
    "file_name": "000000107254.jpg",
    "generator": "convert_to_region_cropper.py",
    "labels": [
        "position",
        "left_eye",
        "right_eye",
        "left_cheek",
        "right_cheek",
        "nose_base",
        "left_mouth",
        "right_mouth",
        "bottom_mouth"
    ],
    "regions": [
        {
            "label": 0,
            "probability": 0.999,
            "rect": {
                "bottom": 0.66015625,
                "left": 0.46484375,
                "right": 0.76953125,
                "top": 0.28125
            }
        },
        {
            "label": 2,
            "probability": 0.999,
            "rect": {
                "bottom": 0.49014774,
                "left": 0.58305144,
                "right": 0.58305144,
                "top": 0.49014774
            }
        },
        {
            "label": 3,
            "probability": 0.999,
            "rect": {
                "bottom": 0.51807064,
                "left": 0.5207919,
                "right": 0.5207919,
                "top": 0.51807064
            }
        },
        {
            "label": 5,
            "probability": 0.999,
            "rect": {
                "bottom": 0.5475211,
                "left": 0.588705,
                "right": 0.588705,
                "top": 0.5475211
            }
        }
    ]
}