{
    "created_at": "2018-09-06T14:45:29.124457",
    "file_name": "000000199889.jpg",
    "generator": "convert_to_region_cropper.py",
    "labels": [
        "position",
        "left_eye",
        "right_eye",
        "left_cheek",
        "right_cheek",
        "nose_base",
        "left_mouth",
        "right_mouth",
        "bottom_mouth"
    ],
    "regions": [
        {
            "label": 0,
            "probability": 0.999,
            "rect": {
                "bottom": 0.28515625,
                "left": 0.453125,
                "right": 0.5546875,
                "top": 0.15625
            }
        },
        {
            "label": 2,
            "probability": 0.999,
            "rect": {
                "bottom": 0.22481717,
                "left": 0.49132454,
                "right": 0.49132454,
                "top": 0.22481717
            }
        },
        {
            "label": 3,
            "probability": 0.999,
            "rect": {
                "bottom": 0.24344534,
                "left": 0.47725093,
                "right": 0.47725093,
                "top": 0.24344534
            }
        },
        {
            "label": 7,
            "probability": 0.999,
            "rect": {
                "bottom": 0.25742707,
                "left": 0.501969,
                "right": 0.501969,
                "top": 0.25742707
            }
        }
    ]
}