{
    "created_at": "2018-09-06T14:45:08.624639",
    "file_name": "000000111938.jpg",
    "generator": "convert_to_region_cropper.py",
    "labels": [
        "position",
        "left_eye",
        "right_eye",
        "left_cheek",
        "right_cheek",
        "nose_base",
        "left_mouth",
        "right_mouth",
        "bottom_mouth"
    ],
    "regions": [
        {
            "label": 0,
            "probability": 0.999,
            "rect": {
                "bottom": 0.25390625,
                "left": 0.60546875,
                "right": 0.70703125,
                "top": 0.12890625
            }
        },
        {
            "label": 4,
            "probability": 0.999,
            "rect": {
                "bottom": 0.20807071,
                "left": 0.69355834,
                "right": 0.69355834,
                "top": 0.20807071
            }
        },
        {
            "label": 6,
            "probability": 0.999,
            "rect": {
                "bottom": 0.23991807,
                "left": 0.67201483,
                "right": 0.67201483,
                "top": 0.23991807
            }
        }
    ]
}