{
    "created_at": "2018-09-06T14:45:36.073037",
    "file_name": "000000230690.jpg",
    "generator": "convert_to_region_cropper.py",
    "labels": [
        "position",
        "left_eye",
        "right_eye",
        "left_cheek",
        "right_cheek",
        "nose_base",
        "left_mouth",
        "right_mouth",
        "bottom_mouth"
    ],
    "regions": [
        {
            "label": 0,
            "probability": 0.999,
            "rect": {
                "bottom": 0.2734375,
                "left": 0.05078125,
                "right": 0.15625,
                "top": 0.14453125
            }
        },
        {
            "label": 1,
            "probability": 0.999,
            "rect": {
                "bottom": 0.22963351,
                "left": 0.1151404,
                "right": 0.1151404,
                "top": 0.22963351
            }
        },
        {
            "label": 8,
            "probability": 0.999,
            "rect": {
                "bottom": 0.24985883,
                "left": 0.09264304,
                "right": 0.09264304,
                "top": 0.24985883
            }
        }
    ]
}