{
    "created_at": "2018-09-06T14:46:17.728096",
    "file_name": "000000415147.jpg",
    "generator": "convert_to_region_cropper.py",
    "labels": [
        "position",
        "left_eye",
        "right_eye",
        "left_cheek",
        "right_cheek",
        "nose_base",
        "left_mouth",
        "right_mouth",
        "bottom_mouth"
    ],
    "regions": [
        {
            "label": 0,
            "probability": 0.999,
            "rect": {
                "bottom": 0.2265625,
                "left": 0.55078125,
                "right": 0.65234375,
                "top": 0.1015625
            }
        },
        {
            "label": 4,
            "probability": 0.999,
            "rect": {
                "bottom": 0.18317533,
                "left": 0.63533336,
                "right": 0.63533336,
                "top": 0.18317533
            }
        },
        {
            "label": 6,
            "probability": 0.999,
            "rect": {
                "bottom": 0.20257635,
                "left": 0.61457694,
                "right": 0.61457694,
                "top": 0.20257635
            }
        }
    ]
}