{
    "created_at": "2018-09-06T14:44:53.074526",
    "file_name": "000000047408.jpg",
    "generator": "convert_to_region_cropper.py",
    "labels": [
        "position",
        "left_eye",
        "right_eye",
        "left_cheek",
        "right_cheek",
        "nose_base",
        "left_mouth",
        "right_mouth",
        "bottom_mouth"
    ],
    "regions": [
        {
            "label": 0,
            "probability": 0.999,
            "rect": {
                "bottom": 0.203125,
                "left": 0.1875,
                "right": 0.2890625,
                "top": 0.07421875
            }
        },
        {
            "label": 1,
            "probability": 0.999,
            "rect": {
                "bottom": 0.147908,
                "left": 0.25495788,
                "right": 0.25495788,
                "top": 0.147908
            }
        },
        {
            "label": 3,
            "probability": 0.999,
            "rect": {
                "bottom": 0.16525188,
                "left": 0.22939895,
                "right": 0.22939895,
                "top": 0.16525188
            }
        },
        {
            "label": 4,
            "probability": 0.999,
            "rect": {
                "bottom": 0.16703959,
                "left": 0.25447884,
                "right": 0.25447884,
                "top": 0.16703959
            }
        }
    ]
}