{
    "created_at": "2018-09-06T14:46:26.034779",
    "file_name": "000000451029.jpg",
    "generator": "convert_to_region_cropper.py",
    "labels": [
        "position",
        "left_eye",
        "right_eye",
        "left_cheek",
        "right_cheek",
        "nose_base",
        "left_mouth",
        "right_mouth",
        "bottom_mouth"
    ],
    "regions": [
        {
            "label": 0,
            "probability": 0.999,
            "rect": {
                "bottom": 0.40625,
                "left": 0.69140625,
                "right": 0.83984375,
                "top": 0.21875
            }
        },
        {
            "label": 1,
            "probability": 0.999,
            "rect": {
                "bottom": 0.32074574,
                "left": 0.7898814,
                "right": 0.7898814,
                "top": 0.32074574
            }
        },
        {
            "label": 4,
            "probability": 0.999,
            "rect": {
                "bottom": 0.33162692,
                "left": 0.8140958,
                "right": 0.8140958,
                "top": 0.33162692
            }
        },
        {
            "label": 6,
            "probability": 0.999,
            "rect": {
                "bottom": 0.3681117,
                "left": 0.7874495,
                "right": 0.7874495,
                "top": 0.3681117
            }
        }
    ]
}