{
    "created_at": "2018-09-06T14:44:54.999846",
    "file_name": "000000055029.jpg",
    "generator": "convert_to_region_cropper.py",
    "labels": [
        "position",
        "left_eye",
        "right_eye",
        "left_cheek",
        "right_cheek",
        "nose_base",
        "left_mouth",
        "right_mouth",
        "bottom_mouth"
    ],
    "regions": [
        {
            "label": 0,
            "probability": 0.999,
            "rect": {
                "bottom": 0.3046875,
                "left": 0.22265625,
                "right": 0.453125,
                "top": 0.015625
            }
        },
        {
            "label": 4,
            "probability": 0.999,
            "rect": {
                "bottom": 0.19061512,
                "left": 0.41062605,
                "right": 0.41062605,
                "top": 0.19061512
            }
        },
        {
            "label": 5,
            "probability": 0.999,
            "rect": {
                "bottom": 0.21550553,
                "left": 0.35922408,
                "right": 0.35922408,
                "top": 0.21550553
            }
        },
        {
            "label": 6,
            "probability": 0.999,
            "rect": {
                "bottom": 0.2522843,
                "left": 0.36781868,
                "right": 0.36781868,
                "top": 0.2522843
            }
        }
    ]
}