{
    "created_at": "2018-09-06T14:46:39.484209",
    "file_name": "000000512747.jpg",
    "generator": "convert_to_region_cropper.py",
    "labels": [
        "position",
        "left_eye",
        "right_eye",
        "left_cheek",
        "right_cheek",
        "nose_base",
        "left_mouth",
        "right_mouth",
        "bottom_mouth"
    ],
    "regions": [
        {
            "label": 0,
            "probability": 0.999,
            "rect": {
                "bottom": 0.26171875,
                "left": 0.6171875,
                "right": 0.7265625,
                "top": 0.125
            }
        },
        {
            "label": 6,
            "probability": 0.999,
            "rect": {
                "bottom": 0.23599015,
                "left": 0.6853932,
                "right": 0.6853932,
                "top": 0.23599015
            }
        },
        {
            "label": 0,
            "probability": 0.999,
            "rect": {
                "bottom": 0.328125,
                "left": 0.71875,
                "right": 0.85546875,
                "top": 0.16015625
            }
        },
        {
            "label": 1,
            "probability": 0.999,
            "rect": {
                "bottom": 0.2555637,
                "left": 0.80768,
                "right": 0.80768,
                "top": 0.2555637
            }
        }
    ]
}