{
    "created_at": "2018-09-06T14:46:24.787745",
    "file_name": "000000445804.jpg",
    "generator": "convert_to_region_cropper.py",
    "labels": [
        "position",
        "left_eye",
        "right_eye",
        "left_cheek",
        "right_cheek",
        "nose_base",
        "left_mouth",
        "right_mouth",
        "bottom_mouth"
    ],
    "regions": [
        {
            "label": 0,
            "probability": 0.999,
            "rect": {
                "bottom": 0.3203125,
                "left": 0.34765625,
                "right": 0.49609375,
                "top": 0.1328125
            }
        },
        {
            "label": 1,
            "probability": 0.999,
            "rect": {
                "bottom": 0.23641032,
                "left": 0.4457845,
                "right": 0.4457845,
                "top": 0.23641032
            }
        },
        {
            "label": 4,
            "probability": 0.999,
            "rect": {
                "bottom": 0.24634683,
                "left": 0.47651964,
                "right": 0.47651964,
                "top": 0.24634683
            }
        },
        {
            "label": 5,
            "probability": 0.999,
            "rect": {
                "bottom": 0.2721493,
                "left": 0.41629803,
                "right": 0.41629803,
                "top": 0.2721493
            }
        }
    ]
}