{
    "created_at": "2018-09-06T14:45:46.495181",
    "file_name": "000000278061.jpg",
    "generator": "convert_to_region_cropper.py",
    "labels": [
        "position",
        "left_eye",
        "right_eye",
        "left_cheek",
        "right_cheek",
        "nose_base",
        "left_mouth",
        "right_mouth",
        "bottom_mouth"
    ],
    "regions": [
        {
            "label": 0,
            "probability": 0.999,
            "rect": {
                "bottom": 0.97265625,
                "left": 0.00390625,
                "right": 0.09765625,
                "top": 0.85546875
            }
        },
        {
            "label": 6,
            "probability": 0.999,
            "rect": {
                "bottom": 0.95458734,
                "left": 0.054450963,
                "right": 0.054450963,
                "top": 0.95458734
            }
        },
        {
            "label": 8,
            "probability": 0.999,
            "rect": {
                "bottom": 0.945217,
                "left": 0.045714602,
                "right": 0.045714602,
                "top": 0.945217
            }
        }
    ]
}