{
    "created_at": "2018-09-06T14:45:09.398906",
    "file_name": "000000114883.jpg",
    "generator": "convert_to_region_cropper.py",
    "labels": [
        "position",
        "left_eye",
        "right_eye",
        "left_cheek",
        "right_cheek",
        "nose_base",
        "left_mouth",
        "right_mouth",
        "bottom_mouth"
    ],
    "regions": [
        {
            "label": 0,
            "probability": 0.999,
            "rect": {
                "bottom": 0.36328125,
                "left": 0.65234375,
                "right": 0.78515625,
                "top": 0.1953125
            }
        },
        {
            "label": 1,
            "probability": 0.999,
            "rect": {
                "bottom": 0.29097715,
                "left": 0.7379821,
                "right": 0.7379821,
                "top": 0.29097715
            }
        },
        {
            "label": 4,
            "probability": 0.999,
            "rect": {
                "bottom": 0.3080721,
                "left": 0.76468116,
                "right": 0.76468116,
                "top": 0.3080721
            }
        }
    ]
}