{
    "created_at": "2018-09-06T14:45:00.109741",
    "file_name": "000000075931.jpg",
    "generator": "convert_to_region_cropper.py",
    "labels": [
        "position",
        "left_eye",
        "right_eye",
        "left_cheek",
        "right_cheek",
        "nose_base",
        "left_mouth",
        "right_mouth",
        "bottom_mouth"
    ],
    "regions": [
        {
            "label": 0,
            "probability": 0.999,
            "rect": {
                "bottom": 0.5078125,
                "left": 0.47265625,
                "right": 0.59765625,
                "top": 0.3515625
            }
        },
        {
            "label": 1,
            "probability": 0.999,
            "rect": {
                "bottom": 0.43963447,
                "left": 0.54794776,
                "right": 0.54794776,
                "top": 0.43963447
            }
        },
        {
            "label": 4,
            "probability": 0.999,
            "rect": {
                "bottom": 0.44865242,
                "left": 0.57455266,
                "right": 0.57455266,
                "top": 0.44865242
            }
        }
    ]
}