{
    "created_at": "2018-09-06T14:46:49.498819",
    "file_name": "000000555575.jpg",
    "generator": "convert_to_region_cropper.py",
    "labels": [
        "position",
        "left_eye",
        "right_eye",
        "left_cheek",
        "right_cheek",
        "nose_base",
        "left_mouth",
        "right_mouth",
        "bottom_mouth"
    ],
    "regions": [
        {
            "label": 0,
            "probability": 0.999,
            "rect": {
                "bottom": 0.55078125,
                "left": 0.6484375,
                "right": 0.76953125,
                "top": 0.3984375
            }
        },
        {
            "label": 1,
            "probability": 0.999,
            "rect": {
                "bottom": 0.47685483,
                "left": 0.7264478,
                "right": 0.7264478,
                "top": 0.47685483
            }
        },
        {
            "label": 4,
            "probability": 0.999,
            "rect": {
                "bottom": 0.49446535,
                "left": 0.7300154,
                "right": 0.7300154,
                "top": 0.49446535
            }
        }
    ]
}