{
    "created_at": "2018-09-06T14:46:43.006770",
    "file_name": "000000527425.jpg",
    "generator": "convert_to_region_cropper.py",
    "labels": [
        "position",
        "left_eye",
        "right_eye",
        "left_cheek",
        "right_cheek",
        "nose_base",
        "left_mouth",
        "right_mouth",
        "bottom_mouth"
    ],
    "regions": [
        {
            "label": 0,
            "probability": 0.999,
            "rect": {
                "bottom": 0.2578125,
                "left": 0.4453125,
                "right": 0.53515625,
                "top": 0.1484375
            }
        },
        {
            "label": 1,
            "probability": 0.999,
            "rect": {
                "bottom": 0.20776296,
                "left": 0.5063363,
                "right": 0.5063363,
                "top": 0.20776296
            }
        },
        {
            "label": 4,
            "probability": 0.999,
            "rect": {
                "bottom": 0.22911426,
                "left": 0.51010525,
                "right": 0.51010525,
                "top": 0.22911426
            }
        }
    ]
}