{
    "created_at": "2018-09-06T14:45:25.711366",
    "file_name": "000000186677.jpg",
    "generator": "convert_to_region_cropper.py",
    "labels": [
        "position",
        "left_eye",
        "right_eye",
        "left_cheek",
        "right_cheek",
        "nose_base",
        "left_mouth",
        "right_mouth",
        "bottom_mouth"
    ],
    "regions": [
        {
            "label": 0,
            "probability": 0.999,
            "rect": {
                "bottom": 0.18359375,
                "left": 0.14453125,
                "right": 0.28125,
                "top": 0.015625
            }
        },
        {
            "label": 2,
            "probability": 0.999,
            "rect": {
                "bottom": 0.10759566,
                "left": 0.19735898,
                "right": 0.19735898,
                "top": 0.10759566
            }
        },
        {
            "label": 3,
            "probability": 0.999,
            "rect": {
                "bottom": 0.12297016,
                "left": 0.17360766,
                "right": 0.17360766,
                "top": 0.12297016
            }
        },
        {
            "label": 7,
            "probability": 0.999,
            "rect": {
                "bottom": 0.1581943,
                "left": 0.19756989,
                "right": 0.19756989,
                "top": 0.1581943
            }
        }
    ]
}