{
    "created_at": "2018-09-06T14:45:09.944072",
    "file_name": "000000117259.jpg",
    "generator": "convert_to_region_cropper.py",
    "labels": [
        "position",
        "left_eye",
        "right_eye",
        "left_cheek",
        "right_cheek",
        "nose_base",
        "left_mouth",
        "right_mouth",
        "bottom_mouth"
    ],
    "regions": [
        {
            "label": 0,
            "probability": 0.999,
            "rect": {
                "bottom": 0.4765625,
                "left": 0.55078125,
                "right": 0.6875,
                "top": 0.30078125
            }
        },
        {
            "label": 1,
            "probability": 0.999,
            "rect": {
                "bottom": 0.3954038,
                "left": 0.64458823,
                "right": 0.64458823,
                "top": 0.3954038
            }
        },
        {
            "label": 4,
            "probability": 0.999,
            "rect": {
                "bottom": 0.40755436,
                "left": 0.6671303,
                "right": 0.6671303,
                "top": 0.40755436
            }
        },
        {
            "label": 5,
            "probability": 0.999,
            "rect": {
                "bottom": 0.42641023,
                "left": 0.6385361,
                "right": 0.6385361,
                "top": 0.42641023
            }
        }
    ]
}