{
    "created_at": "2018-09-06T14:45:38.612725",
    "file_name": "000000241562.jpg",
    "generator": "convert_to_region_cropper.py",
    "labels": [
        "position",
        "left_eye",
        "right_eye",
        "left_cheek",
        "right_cheek",
        "nose_base",
        "left_mouth",
        "right_mouth",
        "bottom_mouth"
    ],
    "regions": [
        {
            "label": 0,
            "probability": 0.999,
            "rect": {
                "bottom": 0.5703125,
                "left": 0.41796875,
                "right": 0.65234375,
                "top": 0.27734375
            }
        },
        {
            "label": 3,
            "probability": 0.999,
            "rect": {
                "bottom": 0.47872233,
                "left": 0.46515828,
                "right": 0.46515828,
                "top": 0.47872233
            }
        },
        {
            "label": 5,
            "probability": 0.999,
            "rect": {
                "bottom": 0.48042145,
                "left": 0.5116785,
                "right": 0.5116785,
                "top": 0.48042145
            }
        },
        {
            "label": 7,
            "probability": 0.999,
            "rect": {
                "bottom": 0.5036527,
                "left": 0.50360787,
                "right": 0.50360787,
                "top": 0.5036527
            }
        }
    ]
}