{
    "created_at": "2018-09-06T14:46:29.080295",
    "file_name": "000000464608.jpg",
    "generator": "convert_to_region_cropper.py",
    "labels": [
        "position",
        "left_eye",
        "right_eye",
        "left_cheek",
        "right_cheek",
        "nose_base",
        "left_mouth",
        "right_mouth",
        "bottom_mouth"
    ],
    "regions": [
        {
            "label": 0,
            "probability": 0.999,
            "rect": {
                "bottom": 0.234375,
                "left": 0.62890625,
                "right": 0.72265625,
                "top": 0.11328125
            }
        },
        {
            "label": 2,
            "probability": 0.999,
            "rect": {
                "bottom": 0.17862327,
                "left": 0.66540045,
                "right": 0.66540045,
                "top": 0.17862327
            }
        },
        {
            "label": 3,
            "probability": 0.999,
            "rect": {
                "bottom": 0.19911069,
                "left": 0.6640432,
                "right": 0.6640432,
                "top": 0.19911069
            }
        }
    ]
}