{
    "created_at": "2018-09-06T14:46:32.554844",
    "file_name": "000000479837.jpg",
    "generator": "convert_to_region_cropper.py",
    "labels": [
        "position",
        "left_eye",
        "right_eye",
        "left_cheek",
        "right_cheek",
        "nose_base",
        "left_mouth",
        "right_mouth",
        "bottom_mouth"
    ],
    "regions": [
        {
            "label": 0,
            "probability": 0.999,
            "rect": {
                "bottom": 0.26171875,
                "left": 0.3671875,
                "right": 0.4921875,
                "top": 0.10546875
            }
        },
        {
            "label": 1,
            "probability": 0.999,
            "rect": {
                "bottom": 0.192036,
                "left": 0.44106916,
                "right": 0.44106916,
                "top": 0.192036
            }
        },
        {
            "label": 4,
            "probability": 0.999,
            "rect": {
                "bottom": 0.19906653,
                "left": 0.46718785,
                "right": 0.46718785,
                "top": 0.19906653
            }
        },
        {
            "label": 6,
            "probability": 0.999,
            "rect": {
                "bottom": 0.23270033,
                "left": 0.44515258,
                "right": 0.44515258,
                "top": 0.23270033
            }
        }
    ]
}