{
    "created_at": "2018-09-06T14:45:03.851062",
    "file_name": "000000092061.jpg",
    "generator": "convert_to_region_cropper.py",
    "labels": [
        "position",
        "left_eye",
        "right_eye",
        "left_cheek",
        "right_cheek",
        "nose_base",
        "left_mouth",
        "right_mouth",
        "bottom_mouth"
    ],
    "regions": [
        {
            "label": 0,
            "probability": 0.999,
            "rect": {
                "bottom": 0.34765625,
                "left": 0.1015625,
                "right": 0.21875,
                "top": 0.19921875
            }
        },
        {
            "label": 1,
            "probability": 0.999,
            "rect": {
                "bottom": 0.2791876,
                "left": 0.17893024,
                "right": 0.17893024,
                "top": 0.2791876
            }
        },
        {
            "label": 2,
            "probability": 0.999,
            "rect": {
                "bottom": 0.2816405,
                "left": 0.15019406,
                "right": 0.15019406,
                "top": 0.2816405
            }
        },
        {
            "label": 4,
            "probability": 0.999,
            "rect": {
                "bottom": 0.29211837,
                "left": 0.20322548,
                "right": 0.20322548,
                "top": 0.29211837
            }
        }
    ]
}