{
    "created_at": "2018-09-06T14:46:30.496080",
    "file_name": "000000471586.jpg",
    "generator": "convert_to_region_cropper.py",
    "labels": [
        "position",
        "left_eye",
        "right_eye",
        "left_cheek",
        "right_cheek",
        "nose_base",
        "left_mouth",
        "right_mouth",
        "bottom_mouth"
    ],
    "regions": [
        {
            "label": 0,
            "probability": 0.999,
            "rect": {
                "bottom": 0.34765625,
                "left": 0.35546875,
                "right": 0.52734375,
                "top": 0.1328125
            }
        },
        {
            "label": 2,
            "probability": 0.999,
            "rect": {
                "bottom": 0.25184426,
                "left": 0.43676507,
                "right": 0.43676507,
                "top": 0.25184426
            }
        },
        {
            "label": 3,
            "probability": 0.999,
            "rect": {
                "bottom": 0.26668102,
                "left": 0.39074254,
                "right": 0.39074254,
                "top": 0.26668102
            }
        }
    ]
}