{
    "created_at": "2018-09-06T14:45:51.423191",
    "file_name": "000000299368.jpg",
    "generator": "convert_to_region_cropper.py",
    "labels": [
        "position",
        "left_eye",
        "right_eye",
        "left_cheek",
        "right_cheek",
        "nose_base",
        "left_mouth",
        "right_mouth",
        "bottom_mouth"
    ],
    "regions": [
        {
            "label": 0,
            "probability": 0.999,
            "rect": {
                "bottom": 0.25,
                "left": 0.4140625,
                "right": 0.5234375,
                "top": 0.1171875
            }
        },
        {
            "label": 1,
            "probability": 0.999,
            "rect": {
                "bottom": 0.19054961,
                "left": 0.4778518,
                "right": 0.4778518,
                "top": 0.19054961
            }
        },
        {
            "label": 4,
            "probability": 0.999,
            "rect": {
                "bottom": 0.19978634,
                "left": 0.5084571,
                "right": 0.5084571,
                "top": 0.19978634
            }
        },
        {
            "label": 6,
            "probability": 0.999,
            "rect": {
                "bottom": 0.22737491,
                "left": 0.48039418,
                "right": 0.48039418,
                "top": 0.22737491
            }
        }
    ]
}