{
    "created_at": "2018-09-06T14:45:57.824891",
    "file_name": "000000327351.jpg",
    "generator": "convert_to_region_cropper.py",
    "labels": [
        "position",
        "left_eye",
        "right_eye",
        "left_cheek",
        "right_cheek",
        "nose_base",
        "left_mouth",
        "right_mouth",
        "bottom_mouth"
    ],
    "regions": [
        {
            "label": 0,
            "probability": 0.999,
            "rect": {
                "bottom": 0.34375,
                "left": 0.41015625,
                "right": 0.53125,
                "top": 0.1953125
            }
        },
        {
            "label": 2,
            "probability": 0.999,
            "rect": {
                "bottom": 0.2764932,
                "left": 0.45418674,
                "right": 0.45418674,
                "top": 0.2764932
            }
        },
        {
            "label": 3,
            "probability": 0.999,
            "rect": {
                "bottom": 0.28804594,
                "left": 0.43504944,
                "right": 0.43504944,
                "top": 0.28804594
            }
        },
        {
            "label": 7,
            "probability": 0.999,
            "rect": {
                "bottom": 0.31563675,
                "left": 0.456295,
                "right": 0.456295,
                "top": 0.31563675
            }
        }
    ]
}