{
    "created_at": "2018-09-06T14:45:12.259895",
    "file_name": "000000127043.jpg",
    "generator": "convert_to_region_cropper.py",
    "labels": [
        "position",
        "left_eye",
        "right_eye",
        "left_cheek",
        "right_cheek",
        "nose_base",
        "left_mouth",
        "right_mouth",
        "bottom_mouth"
    ],
    "regions": [
        {
            "label": 0,
            "probability": 0.999,
            "rect": {
                "bottom": 0.31640625,
                "left": 0.546875,
                "right": 0.67578125,
                "top": 0.15234375
            }
        },
        {
            "label": 1,
            "probability": 0.999,
            "rect": {
                "bottom": 0.23780113,
                "left": 0.6212193,
                "right": 0.6212193,
                "top": 0.23780113
            }
        },
        {
            "label": 4,
            "probability": 0.999,
            "rect": {
                "bottom": 0.2496977,
                "left": 0.65098226,
                "right": 0.65098226,
                "top": 0.2496977
            }
        },
        {
            "label": 5,
            "probability": 0.999,
            "rect": {
                "bottom": 0.265727,
                "left": 0.6236118,
                "right": 0.6236118,
                "top": 0.265727
            }
        }
    ]
}