{
    "created_at": "2018-09-06T14:44:56.023861",
    "file_name": "000000059099.jpg",
    "generator": "convert_to_region_cropper.py",
    "labels": [
        "position",
        "left_eye",
        "right_eye",
        "left_cheek",
        "right_cheek",
        "nose_base",
        "left_mouth",
        "right_mouth",
        "bottom_mouth"
    ],
    "regions": [
        {
            "label": 0,
            "probability": 0.999,
            "rect": {
                "bottom": 0.8671875,
                "left": 0.2578125,
                "right": 0.38671875,
                "top": 0.7109375
            }
        },
        {
            "label": 4,
            "probability": 0.999,
            "rect": {
                "bottom": 0.8028925,
                "left": 0.3516075,
                "right": 0.3516075,
                "top": 0.8028925
            }
        },
        {
            "label": 6,
            "probability": 0.999,
            "rect": {
                "bottom": 0.83695525,
                "left": 0.34527582,
                "right": 0.34527582,
                "top": 0.83695525
            }
        },
        {
            "label": 8,
            "probability": 0.999,
            "rect": {
                "bottom": 0.84784317,
                "left": 0.33129594,
                "right": 0.33129594,
                "top": 0.84784317
            }
        }
    ]
}