{
    "created_at": "2018-09-06T14:46:10.507696",
    "file_name": "000000381862.jpg",
    "generator": "convert_to_region_cropper.py",
    "labels": [
        "position",
        "left_eye",
        "right_eye",
        "left_cheek",
        "right_cheek",
        "nose_base",
        "left_mouth",
        "right_mouth",
        "bottom_mouth"
    ],
    "regions": [
        {
            "label": 0,
            "probability": 0.999,
            "rect": {
                "bottom": 0.328125,
                "left": 0.26171875,
                "right": 0.36328125,
                "top": 0.19921875
            }
        },
        {
            "label": 2,
            "probability": 0.999,
            "rect": {
                "bottom": 0.27010834,
                "left": 0.3043409,
                "right": 0.3043409,
                "top": 0.27010834
            }
        },
        {
            "label": 3,
            "probability": 0.999,
            "rect": {
                "bottom": 0.28063303,
                "left": 0.28680953,
                "right": 0.28680953,
                "top": 0.28063303
            }
        },
        {
            "label": 7,
            "probability": 0.999,
            "rect": {
                "bottom": 0.3009094,
                "left": 0.30490267,
                "right": 0.30490267,
                "top": 0.3009094
            }
        }
    ]
}