{
    "created_at": "2018-09-06T14:46:06.916693",
    "file_name": "000000366202.jpg",
    "generator": "convert_to_region_cropper.py",
    "labels": [
        "position",
        "left_eye",
        "right_eye",
        "left_cheek",
        "right_cheek",
        "nose_base",
        "left_mouth",
        "right_mouth",
        "bottom_mouth"
    ],
    "regions": [
        {
            "label": 0,
            "probability": 0.999,
            "rect": {
                "bottom": 0.34375,
                "left": 0.4921875,
                "right": 0.6328125,
                "top": 0.171875
            }
        },
        {
            "label": 1,
            "probability": 0.999,
            "rect": {
                "bottom": 0.26190382,
                "left": 0.58713335,
                "right": 0.58713335,
                "top": 0.26190382
            }
        },
        {
            "label": 4,
            "probability": 0.999,
            "rect": {
                "bottom": 0.28231555,
                "left": 0.61939293,
                "right": 0.61939293,
                "top": 0.28231555
            }
        },
        {
            "label": 5,
            "probability": 0.999,
            "rect": {
                "bottom": 0.29582807,
                "left": 0.5802334,
                "right": 0.5802334,
                "top": 0.29582807
            }
        }
    ]
}