{
    "created_at": "2018-09-06T14:45:07.853771",
    "file_name": "000000108870.jpg",
    "generator": "convert_to_region_cropper.py",
    "labels": [
        "position",
        "left_eye",
        "right_eye",
        "left_cheek",
        "right_cheek",
        "nose_base",
        "left_mouth",
        "right_mouth",
        "bottom_mouth"
    ],
    "regions": [
        {
            "label": 0,
            "probability": 0.999,
            "rect": {
                "bottom": 0.17578125,
                "left": 0.01171875,
                "right": 0.12890625,
                "top": 0.03125
            }
        },
        {
            "label": 1,
            "probability": 0.999,
            "rect": {
                "bottom": 0.10925427,
                "left": 0.095465645,
                "right": 0.095465645,
                "top": 0.10925427
            }
        },
        {
            "label": 2,
            "probability": 0.999,
            "rect": {
                "bottom": 0.10936965,
                "left": 0.06182712,
                "right": 0.06182712,
                "top": 0.10936965
            }
        },
        {
            "label": 5,
            "probability": 0.999,
            "rect": {
                "bottom": 0.13975184,
                "left": 0.06954836,
                "right": 0.06954836,
                "top": 0.13975184
            }
        }
    ]
}