{
    "created_at": "2018-09-06T14:46:43.352701",
    "file_name": "000000528608.jpg",
    "generator": "convert_to_region_cropper.py",
    "labels": [
        "position",
        "left_eye",
        "right_eye",
        "left_cheek",
        "right_cheek",
        "nose_base",
        "left_mouth",
        "right_mouth",
        "bottom_mouth"
    ],
    "regions": [
        {
            "label": 0,
            "probability": 0.999,
            "rect": {
                "bottom": 0.35546875,
                "left": 0.3515625,
                "right": 0.45703125,
                "top": 0.2265625
            }
        },
        {
            "label": 2,
            "probability": 0.999,
            "rect": {
                "bottom": 0.29843315,
                "left": 0.38967496,
                "right": 0.38967496,
                "top": 0.29843315
            }
        },
        {
            "label": 3,
            "probability": 0.999,
            "rect": {
                "bottom": 0.31083208,
                "left": 0.36655596,
                "right": 0.36655596,
                "top": 0.31083208
            }
        }
    ]
}