{
    "created_at": "2018-09-06T14:45:04.320784",
    "file_name": "000000094310.jpg",
    "generator": "convert_to_region_cropper.py",
    "labels": [
        "position",
        "left_eye",
        "right_eye",
        "left_cheek",
        "right_cheek",
        "nose_base",
        "left_mouth",
        "right_mouth",
        "bottom_mouth"
    ],
    "regions": [
        {
            "label": 0,
            "probability": 0.999,
            "rect": {
                "bottom": 0.296875,
                "left": 0.30859375,
                "right": 0.40234375,
                "top": 0.17578125
            }
        },
        {
            "label": 3,
            "probability": 0.999,
            "rect": {
                "bottom": 0.25879383,
                "left": 0.33027196,
                "right": 0.33027196,
                "top": 0.25879383
            }
        },
        {
            "label": 7,
            "probability": 0.999,
            "rect": {
                "bottom": 0.27552074,
                "left": 0.34612367,
                "right": 0.34612367,
                "top": 0.27552074
            }
        },
        {
            "label": 8,
            "probability": 0.999,
            "rect": {
                "bottom": 0.2781074,
                "left": 0.36835876,
                "right": 0.36835876,
                "top": 0.2781074
            }
        }
    ]
}