{
    "created_at": "2018-09-06T14:45:48.291857",
    "file_name": "000000285736.jpg",
    "generator": "convert_to_region_cropper.py",
    "labels": [
        "position",
        "left_eye",
        "right_eye",
        "left_cheek",
        "right_cheek",
        "nose_base",
        "left_mouth",
        "right_mouth",
        "bottom_mouth"
    ],
    "regions": [
        {
            "label": 0,
            "probability": 0.999,
            "rect": {
                "bottom": 0.234375,
                "left": 0.45703125,
                "right": 0.5546875,
                "top": 0.1171875
            }
        },
        {
            "label": 3,
            "probability": 0.999,
            "rect": {
                "bottom": 0.19095606,
                "left": 0.47542918,
                "right": 0.47542918,
                "top": 0.19095606
            }
        },
        {
            "label": 8,
            "probability": 0.999,
            "rect": {
                "bottom": 0.21535783,
                "left": 0.5059322,
                "right": 0.5059322,
                "top": 0.21535783
            }
        }
    ]
}