{
    "created_at": "2018-09-06T14:46:32.448139",
    "file_name": "000000479283.jpg",
    "generator": "convert_to_region_cropper.py",
    "labels": [
        "position",
        "left_eye",
        "right_eye",
        "left_cheek",
        "right_cheek",
        "nose_base",
        "left_mouth",
        "right_mouth",
        "bottom_mouth"
    ],
    "regions": [
        {
            "label": 0,
            "probability": 0.999,
            "rect": {
                "bottom": 0.43359375,
                "left": 0.62890625,
                "right": 0.73828125,
                "top": 0.296875
            }
        },
        {
            "label": 1,
            "probability": 0.999,
            "rect": {
                "bottom": 0.36648133,
                "left": 0.7016957,
                "right": 0.7016957,
                "top": 0.36648133
            }
        },
        {
            "label": 4,
            "probability": 0.999,
            "rect": {
                "bottom": 0.38272548,
                "left": 0.72278816,
                "right": 0.72278816,
                "top": 0.38272548
            }
        },
        {
            "label": 6,
            "probability": 0.999,
            "rect": {
                "bottom": 0.4065126,
                "left": 0.7032987,
                "right": 0.7032987,
                "top": 0.4065126
            }
        }
    ]
}