{
    "created_at": "2018-09-06T14:45:38.067917",
    "file_name": "000000238921.jpg",
    "generator": "convert_to_region_cropper.py",
    "labels": [
        "position",
        "left_eye",
        "right_eye",
        "left_cheek",
        "right_cheek",
        "nose_base",
        "left_mouth",
        "right_mouth",
        "bottom_mouth"
    ],
    "regions": [
        {
            "label": 0,
            "probability": 0.999,
            "rect": {
                "bottom": 0.4140625,
                "left": 0.51171875,
                "right": 0.65234375,
                "top": 0.23828125
            }
        },
        {
            "label": 1,
            "probability": 0.999,
            "rect": {
                "bottom": 0.33318126,
                "left": 0.6029351,
                "right": 0.6029351,
                "top": 0.33318126
            }
        },
        {
            "label": 6,
            "probability": 0.999,
            "rect": {
                "bottom": 0.39006218,
                "left": 0.60370404,
                "right": 0.60370404,
                "top": 0.39006218
            }
        }
    ]
}