{
    "created_at": "2018-09-06T14:45:50.720355",
    "file_name": "000000296576.jpg",
    "generator": "convert_to_region_cropper.py",
    "labels": [
        "position",
        "left_eye",
        "right_eye",
        "left_cheek",
        "right_cheek",
        "nose_base",
        "left_mouth",
        "right_mouth",
        "bottom_mouth"
    ],
    "regions": [
        {
            "label": 0,
            "probability": 0.999,
            "rect": {
                "bottom": 0.44140625,
                "left": 0.51171875,
                "right": 0.60546875,
                "top": 0.328125
            }
        },
        {
            "label": 1,
            "probability": 0.999,
            "rect": {
                "bottom": 0.38756943,
                "left": 0.57662493,
                "right": 0.57662493,
                "top": 0.38756943
            }
        },
        {
            "label": 4,
            "probability": 0.999,
            "rect": {
                "bottom": 0.40398678,
                "left": 0.582417,
                "right": 0.582417,
                "top": 0.40398678
            }
        },
        {
            "label": 6,
            "probability": 0.999,
            "rect": {
                "bottom": 0.41453692,
                "left": 0.579366,
                "right": 0.579366,
                "top": 0.41453692
            }
        }
    ]
}