{
    "created_at": "2018-09-06T14:45:13.056300",
    "file_name": "000000129550.jpg",
    "generator": "convert_to_region_cropper.py",
    "labels": [
        "position",
        "left_eye",
        "right_eye",
        "left_cheek",
        "right_cheek",
        "nose_base",
        "left_mouth",
        "right_mouth",
        "bottom_mouth"
    ],
    "regions": [
        {
            "label": 0,
            "probability": 0.999,
            "rect": {
                "bottom": 0.421875,
                "left": 0.1875,
                "right": 0.28125,
                "top": 0.3046875
            }
        },
        {
            "label": 1,
            "probability": 0.999,
            "rect": {
                "bottom": 0.37358698,
                "left": 0.25083598,
                "right": 0.25083598,
                "top": 0.37358698
            }
        },
        {
            "label": 4,
            "probability": 0.999,
            "rect": {
                "bottom": 0.3850409,
                "left": 0.24906787,
                "right": 0.24906787,
                "top": 0.3850409
            }
        },
        {
            "label": 7,
            "probability": 0.999,
            "rect": {
                "bottom": 0.40331236,
                "left": 0.20536934,
                "right": 0.20536934,
                "top": 0.40331236
            }
        }
    ]
}