{
    "created_at": "2018-09-06T14:45:17.282360",
    "file_name": "000000149247.jpg",
    "generator": "convert_to_region_cropper.py",
    "labels": [
        "position",
        "left_eye",
        "right_eye",
        "left_cheek",
        "right_cheek",
        "nose_base",
        "left_mouth",
        "right_mouth",
        "bottom_mouth"
    ],
    "regions": [
        {
            "label": 0,
            "probability": 0.999,
            "rect": {
                "bottom": 0.9375,
                "left": 0.8671875,
                "right": 0.984375,
                "top": 0.79296875
            }
        },
        {
            "label": 1,
            "probability": 0.999,
            "rect": {
                "bottom": 0.87142634,
                "left": 0.94358915,
                "right": 0.94358915,
                "top": 0.87142634
            }
        },
        {
            "label": 2,
            "probability": 0.999,
            "rect": {
                "bottom": 0.87004155,
                "left": 0.9177277,
                "right": 0.9177277,
                "top": 0.87004155
            }
        },
        {
            "label": 3,
            "probability": 0.999,
            "rect": {
                "bottom": 0.884408,
                "left": 0.90103126,
                "right": 0.90103126,
                "top": 0.884408
            }
        }
    ]
}