{
    "created_at": "2018-09-06T14:46:17.930937",
    "file_name": "000000416249.jpg",
    "generator": "convert_to_region_cropper.py",
    "labels": [
        "position",
        "left_eye",
        "right_eye",
        "left_cheek",
        "right_cheek",
        "nose_base",
        "left_mouth",
        "right_mouth",
        "bottom_mouth"
    ],
    "regions": [
        {
            "label": 0,
            "probability": 0.999,
            "rect": {
                "bottom": 0.578125,
                "left": 0.3984375,
                "right": 0.5078125,
                "top": 0.44140625
            }
        },
        {
            "label": 1,
            "probability": 0.999,
            "rect": {
                "bottom": 0.5157941,
                "left": 0.4678409,
                "right": 0.4678409,
                "top": 0.5157941
            }
        },
        {
            "label": 4,
            "probability": 0.999,
            "rect": {
                "bottom": 0.5180085,
                "left": 0.49545053,
                "right": 0.49545053,
                "top": 0.5180085
            }
        },
        {
            "label": 6,
            "probability": 0.999,
            "rect": {
                "bottom": 0.565926,
                "left": 0.4734096,
                "right": 0.4734096,
                "top": 0.565926
            }
        }
    ]
}