{
    "created_at": "2018-09-06T14:46:45.469475",
    "file_name": "000000538045.jpg",
    "generator": "convert_to_region_cropper.py",
    "labels": [
        "position",
        "left_eye",
        "right_eye",
        "left_cheek",
        "right_cheek",
        "nose_base",
        "left_mouth",
        "right_mouth",
        "bottom_mouth"
    ],
    "regions": [
        {
            "label": 0,
            "probability": 0.999,
            "rect": {
                "bottom": 0.90234375,
                "left": 0.56640625,
                "right": 0.671875,
                "top": 0.765625
            }
        },
        {
            "label": 1,
            "probability": 0.999,
            "rect": {
                "bottom": 0.8386224,
                "left": 0.6362456,
                "right": 0.6362456,
                "top": 0.8386224
            }
        },
        {
            "label": 3,
            "probability": 0.999,
            "rect": {
                "bottom": 0.8622803,
                "left": 0.5941357,
                "right": 0.5941357,
                "top": 0.8622803
            }
        },
        {
            "label": 5,
            "probability": 0.999,
            "rect": {
                "bottom": 0.8574841,
                "left": 0.6330456,
                "right": 0.6330456,
                "top": 0.8574841
            }
        }
    ]
}