{
    "created_at": "2018-09-06T14:46:47.733101",
    "file_name": "000000547349.jpg",
    "generator": "convert_to_region_cropper.py",
    "labels": [
        "position",
        "left_eye",
        "right_eye",
        "left_cheek",
        "right_cheek",
        "nose_base",
        "left_mouth",
        "right_mouth",
        "bottom_mouth"
    ],
    "regions": [
        {
            "label": 0,
            "probability": 0.999,
            "rect": {
                "bottom": 0.27734375,
                "left": 0.2265625,
                "right": 0.33203125,
                "top": 0.140625
            }
        },
        {
            "label": 1,
            "probability": 0.999,
            "rect": {
                "bottom": 0.21482942,
                "left": 0.29160407,
                "right": 0.29160407,
                "top": 0.21482942
            }
        },
        {
            "label": 2,
            "probability": 0.999,
            "rect": {
                "bottom": 0.21497492,
                "left": 0.26426032,
                "right": 0.26426032,
                "top": 0.21497492
            }
        }
    ]
}