{
    "created_at": "2018-09-06T14:45:31.871816",
    "file_name": "000000212134.jpg",
    "generator": "convert_to_region_cropper.py",
    "labels": [
        "position",
        "left_eye",
        "right_eye",
        "left_cheek",
        "right_cheek",
        "nose_base",
        "left_mouth",
        "right_mouth",
        "bottom_mouth"
    ],
    "regions": [
        {
            "label": 0,
            "probability": 0.999,
            "rect": {
                "bottom": 0.23046875,
                "left": 0.37109375,
                "right": 0.51953125,
                "top": 0.046875
            }
        },
        {
            "label": 1,
            "probability": 0.999,
            "rect": {
                "bottom": 0.14672798,
                "left": 0.46858785,
                "right": 0.46858785,
                "top": 0.14672798
            }
        },
        {
            "label": 4,
            "probability": 0.999,
            "rect": {
                "bottom": 0.17020233,
                "left": 0.493035,
                "right": 0.493035,
                "top": 0.17020233
            }
        }
    ]
}