{
    "created_at": "2018-09-06T14:45:19.227948",
    "file_name": "000000157987.jpg",
    "generator": "convert_to_region_cropper.py",
    "labels": [
        "position",
        "left_eye",
        "right_eye",
        "left_cheek",
        "right_cheek",
        "nose_base",
        "left_mouth",
        "right_mouth",
        "bottom_mouth"
    ],
    "regions": [
        {
            "label": 0,
            "probability": 0.999,
            "rect": {
                "bottom": 0.3828125,
                "left": 0.390625,
                "right": 0.54296875,
                "top": 0.19140625
            }
        },
        {
            "label": 2,
            "probability": 0.999,
            "rect": {
                "bottom": 0.29406396,
                "left": 0.44302198,
                "right": 0.44302198,
                "top": 0.29406396
            }
        },
        {
            "label": 3,
            "probability": 0.999,
            "rect": {
                "bottom": 0.31761828,
                "left": 0.4226826,
                "right": 0.4226826,
                "top": 0.31761828
            }
        },
        {
            "label": 5,
            "probability": 0.999,
            "rect": {
                "bottom": 0.32919928,
                "left": 0.4694398,
                "right": 0.4694398,
                "top": 0.32919928
            }
        }
    ]
}