{
    "created_at": "2018-09-06T14:46:09.784803",
    "file_name": "000000378634.jpg",
    "generator": "convert_to_region_cropper.py",
    "labels": [
        "position",
        "left_eye",
        "right_eye",
        "left_cheek",
        "right_cheek",
        "nose_base",
        "left_mouth",
        "right_mouth",
        "bottom_mouth"
    ],
    "regions": [
        {
            "label": 0,
            "probability": 0.999,
            "rect": {
                "bottom": 0.38671875,
                "left": 0.39453125,
                "right": 0.4921875,
                "top": 0.26171875
            }
        },
        {
            "label": 2,
            "probability": 0.999,
            "rect": {
                "bottom": 0.3296881,
                "left": 0.42867962,
                "right": 0.42867962,
                "top": 0.3296881
            }
        },
        {
            "label": 3,
            "probability": 0.999,
            "rect": {
                "bottom": 0.34140682,
                "left": 0.41107503,
                "right": 0.41107503,
                "top": 0.34140682
            }
        }
    ]
}