{
    "created_at": "2018-09-06T14:46:25.176482",
    "file_name": "000000447293.jpg",
    "generator": "convert_to_region_cropper.py",
    "labels": [
        "position",
        "left_eye",
        "right_eye",
        "left_cheek",
        "right_cheek",
        "nose_base",
        "left_mouth",
        "right_mouth",
        "bottom_mouth"
    ],
    "regions": [
        {
            "label": 0,
            "probability": 0.999,
            "rect": {
                "bottom": 0.2265625,
                "left": 0.62890625,
                "right": 0.7265625,
                "top": 0.10546875
            }
        },
        {
            "label": 1,
            "probability": 0.999,
            "rect": {
                "bottom": 0.16751023,
                "left": 0.69131434,
                "right": 0.69131434,
                "top": 0.16751023
            }
        },
        {
            "label": 4,
            "probability": 0.999,
            "rect": {
                "bottom": 0.18481655,
                "left": 0.6926371,
                "right": 0.6926371,
                "top": 0.18481655
            }
        }
    ]
}