{
    "created_at": "2018-09-06T14:45:23.505222",
    "file_name": "000000177507.jpg",
    "generator": "convert_to_region_cropper.py",
    "labels": [
        "position",
        "left_eye",
        "right_eye",
        "left_cheek",
        "right_cheek",
        "nose_base",
        "left_mouth",
        "right_mouth",
        "bottom_mouth"
    ],
    "regions": [
        {
            "label": 0,
            "probability": 0.999,
            "rect": {
                "bottom": 0.6171875,
                "left": 0.72265625,
                "right": 0.84375,
                "top": 0.46875
            }
        },
        {
            "label": 1,
            "probability": 0.999,
            "rect": {
                "bottom": 0.5491811,
                "left": 0.79951566,
                "right": 0.79951566,
                "top": 0.5491811
            }
        },
        {
            "label": 4,
            "probability": 0.999,
            "rect": {
                "bottom": 0.5555098,
                "left": 0.8231929,
                "right": 0.8231929,
                "top": 0.5555098
            }
        },
        {
            "label": 5,
            "probability": 0.999,
            "rect": {
                "bottom": 0.5808064,
                "left": 0.77979255,
                "right": 0.77979255,
                "top": 0.5808064
            }
        }
    ]
}