{
    "created_at": "2018-09-06T14:46:24.842363",
    "file_name": "000000446008.jpg",
    "generator": "convert_to_region_cropper.py",
    "labels": [
        "position",
        "left_eye",
        "right_eye",
        "left_cheek",
        "right_cheek",
        "nose_base",
        "left_mouth",
        "right_mouth",
        "bottom_mouth"
    ],
    "regions": [
        {
            "label": 0,
            "probability": 0.999,
            "rect": {
                "bottom": 0.4375,
                "left": 0.578125,
                "right": 0.796875,
                "top": 0.16015625
            }
        },
        {
            "label": 1,
            "probability": 0.999,
            "rect": {
                "bottom": 0.30934724,
                "left": 0.72095186,
                "right": 0.72095186,
                "top": 0.30934724
            }
        },
        {
            "label": 4,
            "probability": 0.999,
            "rect": {
                "bottom": 0.33925697,
                "left": 0.7602291,
                "right": 0.7602291,
                "top": 0.33925697
            }
        },
        {
            "label": 6,
            "probability": 0.999,
            "rect": {
                "bottom": 0.36853385,
                "left": 0.7211028,
                "right": 0.7211028,
                "top": 0.36853385
            }
        }
    ]
}