{
    "created_at": "2018-09-06T14:46:38.340257",
    "file_name": "000000508297.jpg",
    "generator": "convert_to_region_cropper.py",
    "labels": [
        "position",
        "left_eye",
        "right_eye",
        "left_cheek",
        "right_cheek",
        "nose_base",
        "left_mouth",
        "right_mouth",
        "bottom_mouth"
    ],
    "regions": [
        {
            "label": 0,
            "probability": 0.999,
            "rect": {
                "bottom": 0.4609375,
                "left": 0.18359375,
                "right": 0.28515625,
                "top": 0.3359375
            }
        },
        {
            "label": 2,
            "probability": 0.999,
            "rect": {
                "bottom": 0.40144324,
                "left": 0.2282328,
                "right": 0.2282328,
                "top": 0.40144324
            }
        },
        {
            "label": 3,
            "probability": 0.999,
            "rect": {
                "bottom": 0.40486684,
                "left": 0.20482942,
                "right": 0.20482942,
                "top": 0.40486684
            }
        }
    ]
}