{
    "created_at": "2018-09-06T14:45:42.763420",
    "file_name": "000000260558.jpg",
    "generator": "convert_to_region_cropper.py",
    "labels": [
        "position",
        "left_eye",
        "right_eye",
        "left_cheek",
        "right_cheek",
        "nose_base",
        "left_mouth",
        "right_mouth",
        "bottom_mouth"
    ],
    "regions": [
        {
            "label": 0,
            "probability": 0.999,
            "rect": {
                "bottom": 0.26953125,
                "left": 0.2109375,
                "right": 0.34765625,
                "top": 0.09765625
            }
        },
        {
            "label": 2,
            "probability": 0.999,
            "rect": {
                "bottom": 0.18985209,
                "left": 0.2797061,
                "right": 0.2797061,
                "top": 0.18985209
            }
        },
        {
            "label": 3,
            "probability": 0.999,
            "rect": {
                "bottom": 0.19284053,
                "left": 0.24431293,
                "right": 0.24431293,
                "top": 0.19284053
            }
        },
        {
            "label": 7,
            "probability": 0.999,
            "rect": {
                "bottom": 0.22370923,
                "left": 0.26199508,
                "right": 0.26199508,
                "top": 0.22370923
            }
        }
    ]
}