{
    "created_at": "2018-09-06T14:45:56.672383",
    "file_name": "000000322228.jpg",
    "generator": "convert_to_region_cropper.py",
    "labels": [
        "position",
        "left_eye",
        "right_eye",
        "left_cheek",
        "right_cheek",
        "nose_base",
        "left_mouth",
        "right_mouth",
        "bottom_mouth"
    ],
    "regions": [
        {
            "label": 0,
            "probability": 0.999,
            "rect": {
                "bottom": 0.25390625,
                "left": 0.25390625,
                "right": 0.3984375,
                "top": 0.07421875
            }
        },
        {
            "label": 2,
            "probability": 0.999,
            "rect": {
                "bottom": 0.1845273,
                "left": 0.33386147,
                "right": 0.33386147,
                "top": 0.1845273
            }
        },
        {
            "label": 3,
            "probability": 0.999,
            "rect": {
                "bottom": 0.18024923,
                "left": 0.30655855,
                "right": 0.30655855,
                "top": 0.18024923
            }
        }
    ]
}