{
    "created_at": "2018-09-06T14:44:54.110527",
    "file_name": "000000051209.jpg",
    "generator": "convert_to_region_cropper.py",
    "labels": [
        "position",
        "left_eye",
        "right_eye",
        "left_cheek",
        "right_cheek",
        "nose_base",
        "left_mouth",
        "right_mouth",
        "bottom_mouth"
    ],
    "regions": [
        {
            "label": 0,
            "probability": 0.999,
            "rect": {
                "bottom": 0.5703125,
                "left": 0.5703125,
                "right": 0.69921875,
                "top": 0.41015625
            }
        },
        {
            "label": 1,
            "probability": 0.999,
            "rect": {
                "bottom": 0.4969098,
                "left": 0.6569684,
                "right": 0.6569684,
                "top": 0.4969098
            }
        },
        {
            "label": 2,
            "probability": 0.999,
            "rect": {
                "bottom": 0.49218857,
                "left": 0.6265926,
                "right": 0.6265926,
                "top": 0.49218857
            }
        },
        {
            "label": 4,
            "probability": 0.999,
            "rect": {
                "bottom": 0.51799434,
                "left": 0.6748545,
                "right": 0.6748545,
                "top": 0.51799434
            }
        }
    ]
}