{
    "created_at": "2018-09-06T14:46:42.224029",
    "file_name": "000000524007.jpg",
    "generator": "convert_to_region_cropper.py",
    "labels": [
        "position",
        "left_eye",
        "right_eye",
        "left_cheek",
        "right_cheek",
        "nose_base",
        "left_mouth",
        "right_mouth",
        "bottom_mouth"
    ],
    "regions": [
        {
            "label": 0,
            "probability": 0.999,
            "rect": {
                "bottom": 0.3046875,
                "left": 0.51171875,
                "right": 0.63671875,
                "top": 0.1484375
            }
        },
        {
            "label": 3,
            "probability": 0.999,
            "rect": {
                "bottom": 0.25484878,
                "left": 0.5506483,
                "right": 0.5506483,
                "top": 0.25484878
            }
        },
        {
            "label": 4,
            "probability": 0.999,
            "rect": {
                "bottom": 0.25094253,
                "left": 0.5952395,
                "right": 0.5952395,
                "top": 0.25094253
            }
        }
    ]
}