{
    "created_at": "2018-09-06T14:45:54.653025",
    "file_name": "000000314151.jpg",
    "generator": "convert_to_region_cropper.py",
    "labels": [
        "position",
        "left_eye",
        "right_eye",
        "left_cheek",
        "right_cheek",
        "nose_base",
        "left_mouth",
        "right_mouth",
        "bottom_mouth"
    ],
    "regions": [
        {
            "label": 0,
            "probability": 0.999,
            "rect": {
                "bottom": 0.265625,
                "left": 0.21484375,
                "right": 0.35546875,
                "top": 0.08984375
            }
        },
        {
            "label": 1,
            "probability": 0.999,
            "rect": {
                "bottom": 0.18532811,
                "left": 0.30181995,
                "right": 0.30181995,
                "top": 0.18532811
            }
        },
        {
            "label": 2,
            "probability": 0.999,
            "rect": {
                "bottom": 0.1778003,
                "left": 0.26303047,
                "right": 0.26303047,
                "top": 0.1778003
            }
        }
    ]
}