{
    "created_at": "2018-09-06T14:45:42.591867",
    "file_name": "000000259706.jpg",
    "generator": "convert_to_region_cropper.py",
    "labels": [
        "position",
        "left_eye",
        "right_eye",
        "left_cheek",
        "right_cheek",
        "nose_base",
        "left_mouth",
        "right_mouth",
        "bottom_mouth"
    ],
    "regions": [
        {
            "label": 0,
            "probability": 0.999,
            "rect": {
                "bottom": 0.3203125,
                "left": 0.41796875,
                "right": 0.5546875,
                "top": 0.15234375
            }
        },
        {
            "label": 1,
            "probability": 0.999,
            "rect": {
                "bottom": 0.2446736,
                "left": 0.50640094,
                "right": 0.50640094,
                "top": 0.2446736
            }
        },
        {
            "label": 2,
            "probability": 0.999,
            "rect": {
                "bottom": 0.238504,
                "left": 0.47633463,
                "right": 0.47633463,
                "top": 0.238504
            }
        },
        {
            "label": 5,
            "probability": 0.999,
            "rect": {
                "bottom": 0.27482298,
                "left": 0.47392386,
                "right": 0.47392386,
                "top": 0.27482298
            }
        }
    ]
}