{
    "created_at": "2018-09-06T14:46:30.096851",
    "file_name": "000000469707.jpg",
    "generator": "convert_to_region_cropper.py",
    "labels": [
        "position",
        "left_eye",
        "right_eye",
        "left_cheek",
        "right_cheek",
        "nose_base",
        "left_mouth",
        "right_mouth",
        "bottom_mouth"
    ],
    "regions": [
        {
            "label": 0,
            "probability": 0.999,
            "rect": {
                "bottom": 0.27734375,
                "left": 0.7109375,
                "right": 0.80859375,
                "top": 0.15625
            }
        },
        {
            "label": 2,
            "probability": 0.999,
            "rect": {
                "bottom": 0.22001536,
                "left": 0.7446285,
                "right": 0.7446285,
                "top": 0.22001536
            }
        },
        {
            "label": 3,
            "probability": 0.999,
            "rect": {
                "bottom": 0.23640904,
                "left": 0.74024194,
                "right": 0.74024194,
                "top": 0.23640904
            }
        }
    ]
}