{
    "created_at": "2018-09-06T14:46:46.671117",
    "file_name": "000000543396.jpg",
    "generator": "convert_to_region_cropper.py",
    "labels": [
        "position",
        "left_eye",
        "right_eye",
        "left_cheek",
        "right_cheek",
        "nose_base",
        "left_mouth",
        "right_mouth",
        "bottom_mouth"
    ],
    "regions": [
        {
            "label": 0,
            "probability": 0.999,
            "rect": {
                "bottom": 0.44140625,
                "left": 0.39453125,
                "right": 0.62890625,
                "top": 0.1484375
            }
        },
        {
            "label": 4,
            "probability": 0.999,
            "rect": {
                "bottom": 0.37867436,
                "left": 0.5327758,
                "right": 0.5327758,
                "top": 0.37867436
            }
        },
        {
            "label": 8,
            "probability": 0.999,
            "rect": {
                "bottom": 0.40189612,
                "left": 0.47713915,
                "right": 0.47713915,
                "top": 0.40189612
            }
        }
    ]
}