{
    "created_at": "2018-09-06T14:44:52.496717",
    "file_name": "000000044754.jpg",
    "generator": "convert_to_region_cropper.py",
    "labels": [
        "position",
        "left_eye",
        "right_eye",
        "left_cheek",
        "right_cheek",
        "nose_base",
        "left_mouth",
        "right_mouth",
        "bottom_mouth"
    ],
    "regions": [
        {
            "label": 0,
            "probability": 0.999,
            "rect": {
                "bottom": 0.16015625,
                "left": 0.4296875,
                "right": 0.5390625,
                "top": 0.0234375
            }
        },
        {
            "label": 1,
            "probability": 0.999,
            "rect": {
                "bottom": 0.09777324,
                "left": 0.50073004,
                "right": 0.50073004,
                "top": 0.09777324
            }
        },
        {
            "label": 4,
            "probability": 0.999,
            "rect": {
                "bottom": 0.11781174,
                "left": 0.5020231,
                "right": 0.5020231,
                "top": 0.11781174
            }
        },
        {
            "label": 5,
            "probability": 0.999,
            "rect": {
                "bottom": 0.12616837,
                "left": 0.4802316,
                "right": 0.4802316,
                "top": 0.12616837
            }
        }
    ]
}