{
    "created_at": "2018-09-06T14:46:35.564571",
    "file_name": "000000494392.jpg",
    "generator": "convert_to_region_cropper.py",
    "labels": [
        "position",
        "left_eye",
        "right_eye",
        "left_cheek",
        "right_cheek",
        "nose_base",
        "left_mouth",
        "right_mouth",
        "bottom_mouth"
    ],
    "regions": [
        {
            "label": 0,
            "probability": 0.999,
            "rect": {
                "bottom": 0.7265625,
                "left": 0.8359375,
                "right": 0.98046875,
                "top": 0.546875
            }
        },
        {
            "label": 1,
            "probability": 0.999,
            "rect": {
                "bottom": 0.64489985,
                "left": 0.93167657,
                "right": 0.93167657,
                "top": 0.64489985
            }
        },
        {
            "label": 4,
            "probability": 0.999,
            "rect": {
                "bottom": 0.66697854,
                "left": 0.9612309,
                "right": 0.9612309,
                "top": 0.66697854
            }
        },
        {
            "label": 6,
            "probability": 0.999,
            "rect": {
                "bottom": 0.6957322,
                "left": 0.9359247,
                "right": 0.9359247,
                "top": 0.6957322
            }
        }
    ]
}