{
    "created_at": "2018-09-06T14:46:30.013059",
    "file_name": "000000469312.jpg",
    "generator": "convert_to_region_cropper.py",
    "labels": [
        "position",
        "left_eye",
        "right_eye",
        "left_cheek",
        "right_cheek",
        "nose_base",
        "left_mouth",
        "right_mouth",
        "bottom_mouth"
    ],
    "regions": [
        {
            "label": 0,
            "probability": 0.999,
            "rect": {
                "bottom": 0.4140625,
                "left": 0.08203125,
                "right": 0.3125,
                "top": 0.12109375
            }
        },
        {
            "label": 2,
            "probability": 0.999,
            "rect": {
                "bottom": 0.27631852,
                "left": 0.1731571,
                "right": 0.1731571,
                "top": 0.27631852
            }
        },
        {
            "label": 3,
            "probability": 0.999,
            "rect": {
                "bottom": 0.29310617,
                "left": 0.12866028,
                "right": 0.12866028,
                "top": 0.29310617
            }
        },
        {
            "label": 7,
            "probability": 0.999,
            "rect": {
                "bottom": 0.37290734,
                "left": 0.1695633,
                "right": 0.1695633,
                "top": 0.37290734
            }
        }
    ]
}