{
    "created_at": "2018-09-06T14:45:03.133114",
    "file_name": "000000088597.jpg",
    "generator": "convert_to_region_cropper.py",
    "labels": [
        "position",
        "left_eye",
        "right_eye",
        "left_cheek",
        "right_cheek",
        "nose_base",
        "left_mouth",
        "right_mouth",
        "bottom_mouth"
    ],
    "regions": [
        {
            "label": 0,
            "probability": 0.999,
            "rect": {
                "bottom": 0.29296875,
                "left": 0.203125,
                "right": 0.43359375,
                "top": 0.00390625
            }
        },
        {
            "label": 2,
            "probability": 0.999,
            "rect": {
                "bottom": 0.16364485,
                "left": 0.31099486,
                "right": 0.31099486,
                "top": 0.16364485
            }
        },
        {
            "label": 3,
            "probability": 0.999,
            "rect": {
                "bottom": 0.16045569,
                "left": 0.25043955,
                "right": 0.25043955,
                "top": 0.16045569
            }
        }
    ]
}