{
    "created_at": "2018-09-06T14:46:08.081523",
    "file_name": "000000370977.jpg",
    "generator": "convert_to_region_cropper.py",
    "labels": [
        "position",
        "left_eye",
        "right_eye",
        "left_cheek",
        "right_cheek",
        "nose_base",
        "left_mouth",
        "right_mouth",
        "bottom_mouth"
    ],
    "regions": [
        {
            "label": 0,
            "probability": 0.999,
            "rect": {
                "bottom": 0.30859375,
                "left": 0.31640625,
                "right": 0.41796875,
                "top": 0.1796875
            }
        },
        {
            "label": 5,
            "probability": 0.999,
            "rect": {
                "bottom": 0.27702793,
                "left": 0.3731456,
                "right": 0.3731456,
                "top": 0.27702793
            }
        },
        {
            "label": 7,
            "probability": 0.999,
            "rect": {
                "bottom": 0.28093418,
                "left": 0.34970814,
                "right": 0.34970814,
                "top": 0.28093418
            }
        },
        {
            "label": 8,
            "probability": 0.999,
            "rect": {
                "bottom": 0.28084663,
                "left": 0.3726485,
                "right": 0.3726485,
                "top": 0.28084663
            }
        }
    ]
}