{
    "created_at": "2018-09-06T14:45:46.047680",
    "file_name": "000000276348.jpg",
    "generator": "convert_to_region_cropper.py",
    "labels": [
        "position",
        "left_eye",
        "right_eye",
        "left_cheek",
        "right_cheek",
        "nose_base",
        "left_mouth",
        "right_mouth",
        "bottom_mouth"
    ],
    "regions": [
        {
            "label": 0,
            "probability": 0.999,
            "rect": {
                "bottom": 0.54296875,
                "left": 0.47265625,
                "right": 0.56640625,
                "top": 0.42578125
            }
        },
        {
            "label": 2,
            "probability": 0.999,
            "rect": {
                "bottom": 0.49149546,
                "left": 0.50653684,
                "right": 0.50653684,
                "top": 0.49149546
            }
        },
        {
            "label": 3,
            "probability": 0.999,
            "rect": {
                "bottom": 0.49516648,
                "left": 0.4852573,
                "right": 0.4852573,
                "top": 0.49516648
            }
        }
    ]
}