{
    "created_at": "2018-09-06T14:44:47.184784",
    "file_name": "000000020551.jpg",
    "generator": "convert_to_region_cropper.py",
    "labels": [
        "position",
        "left_eye",
        "right_eye",
        "left_cheek",
        "right_cheek",
        "nose_base",
        "left_mouth",
        "right_mouth",
        "bottom_mouth"
    ],
    "regions": [
        {
            "label": 0,
            "probability": 0.999,
            "rect": {
                "bottom": 0.0859375,
                "left": 0.04296875,
                "right": 0.12890625,
                "top": 0.0
            }
        },
        {
            "label": 3,
            "probability": 0.999,
            "rect": {
                "bottom": 0.050568953,
                "left": 0.073529586,
                "right": 0.073529586,
                "top": 0.050568953
            }
        },
        {
            "label": 8,
            "probability": 0.999,
            "rect": {
                "bottom": 0.07241129,
                "left": 0.09155221,
                "right": 0.09155221,
                "top": 0.07241129
            }
        }
    ]
}