{
    "created_at": "2018-09-06T14:46:38.553165",
    "file_name": "000000508921.jpg",
    "generator": "convert_to_region_cropper.py",
    "labels": [
        "position",
        "left_eye",
        "right_eye",
        "left_cheek",
        "right_cheek",
        "nose_base",
        "left_mouth",
        "right_mouth",
        "bottom_mouth"
    ],
    "regions": [
        {
            "label": 0,
            "probability": 0.999,
            "rect": {
                "bottom": 0.3671875,
                "left": 0.25390625,
                "right": 0.37890625,
                "top": 0.21484375
            }
        },
        {
            "label": 1,
            "probability": 0.999,
            "rect": {
                "bottom": 0.29870856,
                "left": 0.33103794,
                "right": 0.33103794,
                "top": 0.29870856
            }
        },
        {
            "label": 4,
            "probability": 0.999,
            "rect": {
                "bottom": 0.30056518,
                "left": 0.3585423,
                "right": 0.3585423,
                "top": 0.30056518
            }
        },
        {
            "label": 6,
            "probability": 0.999,
            "rect": {
                "bottom": 0.3263883,
                "left": 0.34637132,
                "right": 0.34637132,
                "top": 0.3263883
            }
        }
    ]
}