{
    "created_at": "2018-09-06T14:45:14.365052",
    "file_name": "000000134734.jpg",
    "generator": "convert_to_region_cropper.py",
    "labels": [
        "position",
        "left_eye",
        "right_eye",
        "left_cheek",
        "right_cheek",
        "nose_base",
        "left_mouth",
        "right_mouth",
        "bottom_mouth"
    ],
    "regions": [
        {
            "label": 0,
            "probability": 0.999,
            "rect": {
                "bottom": 0.28125,
                "left": 0.0625,
                "right": 0.16796875,
                "top": 0.1484375
            }
        },
        {
            "label": 1,
            "probability": 0.999,
            "rect": {
                "bottom": 0.22236232,
                "left": 0.13478136,
                "right": 0.13478136,
                "top": 0.22236232
            }
        },
        {
            "label": 2,
            "probability": 0.999,
            "rect": {
                "bottom": 0.21866423,
                "left": 0.11163744,
                "right": 0.11163744,
                "top": 0.21866423
            }
        },
        {
            "label": 4,
            "probability": 0.999,
            "rect": {
                "bottom": 0.23802814,
                "left": 0.14861374,
                "right": 0.14861374,
                "top": 0.23802814
            }
        }
    ]
}