{
    "created_at": "2018-09-06T14:45:16.397699",
    "file_name": "000000144737.jpg",
    "generator": "convert_to_region_cropper.py",
    "labels": [
        "position",
        "left_eye",
        "right_eye",
        "left_cheek",
        "right_cheek",
        "nose_base",
        "left_mouth",
        "right_mouth",
        "bottom_mouth"
    ],
    "regions": [
        {
            "label": 0,
            "probability": 0.999,
            "rect": {
                "bottom": 0.234375,
                "left": 0.36328125,
                "right": 0.5078125,
                "top": 0.0546875
            }
        },
        {
            "label": 3,
            "probability": 0.999,
            "rect": {
                "bottom": 0.17632346,
                "left": 0.4027656,
                "right": 0.4027656,
                "top": 0.17632346
            }
        },
        {
            "label": 7,
            "probability": 0.999,
            "rect": {
                "bottom": 0.20112804,
                "left": 0.41642344,
                "right": 0.41642344,
                "top": 0.20112804
            }
        }
    ]
}