{
    "created_at": "2018-09-06T14:46:34.626290",
    "file_name": "000000490632.jpg",
    "generator": "convert_to_region_cropper.py",
    "labels": [
        "position",
        "left_eye",
        "right_eye",
        "left_cheek",
        "right_cheek",
        "nose_base",
        "left_mouth",
        "right_mouth",
        "bottom_mouth"
    ],
    "regions": [
        {
            "label": 0,
            "probability": 0.999,
            "rect": {
                "bottom": 0.40234375,
                "left": 0.4921875,
                "right": 0.60546875,
                "top": 0.26171875
            }
        },
        {
            "label": 1,
            "probability": 0.999,
            "rect": {
                "bottom": 0.33738494,
                "left": 0.5715569,
                "right": 0.5715569,
                "top": 0.33738494
            }
        },
        {
            "label": 4,
            "probability": 0.999,
            "rect": {
                "bottom": 0.35259512,
                "left": 0.5909816,
                "right": 0.5909816,
                "top": 0.35259512
            }
        },
        {
            "label": 6,
            "probability": 0.999,
            "rect": {
                "bottom": 0.3712344,
                "left": 0.5677964,
                "right": 0.5677964,
                "top": 0.3712344
            }
        }
    ]
}