{
    "created_at": "2018-09-06T14:45:36.930693",
    "file_name": "000000234129.jpg",
    "generator": "convert_to_region_cropper.py",
    "labels": [
        "position",
        "left_eye",
        "right_eye",
        "left_cheek",
        "right_cheek",
        "nose_base",
        "left_mouth",
        "right_mouth",
        "bottom_mouth"
    ],
    "regions": [
        {
            "label": 0,
            "probability": 0.999,
            "rect": {
                "bottom": 0.76953125,
                "left": 0.609375,
                "right": 0.703125,
                "top": 0.65234375
            }
        },
        {
            "label": 1,
            "probability": 0.999,
            "rect": {
                "bottom": 0.7132656,
                "left": 0.67313284,
                "right": 0.67313284,
                "top": 0.7132656
            }
        },
        {
            "label": 4,
            "probability": 0.999,
            "rect": {
                "bottom": 0.7261973,
                "left": 0.6793973,
                "right": 0.6793973,
                "top": 0.7261973
            }
        },
        {
            "label": 0,
            "probability": 0.999,
            "rect": {
                "bottom": 0.83984375,
                "left": 0.51171875,
                "right": 0.6015625,
                "top": 0.7265625
            }
        }
    ]
}