{
    "created_at": "2018-09-06T14:46:25.983435",
    "file_name": "000000450803.jpg",
    "generator": "convert_to_region_cropper.py",
    "labels": [
        "position",
        "left_eye",
        "right_eye",
        "left_cheek",
        "right_cheek",
        "nose_base",
        "left_mouth",
        "right_mouth",
        "bottom_mouth"
    ],
    "regions": [
        {
            "label": 0,
            "probability": 0.999,
            "rect": {
                "bottom": 0.6796875,
                "left": 0.171875,
                "right": 0.26953125,
                "top": 0.5546875
            }
        },
        {
            "label": 2,
            "probability": 0.999,
            "rect": {
                "bottom": 0.62053275,
                "left": 0.21027574,
                "right": 0.21027574,
                "top": 0.62053275
            }
        },
        {
            "label": 3,
            "probability": 0.999,
            "rect": {
                "bottom": 0.63477695,
                "left": 0.1921208,
                "right": 0.1921208,
                "top": 0.63477695
            }
        }
    ]
}