{
    "created_at": "2018-09-06T14:45:22.335382",
    "file_name": "000000172464.jpg",
    "generator": "convert_to_region_cropper.py",
    "labels": [
        "position",
        "left_eye",
        "right_eye",
        "left_cheek",
        "right_cheek",
        "nose_base",
        "left_mouth",
        "right_mouth",
        "bottom_mouth"
    ],
    "regions": [
        {
            "label": 0,
            "probability": 0.999,
            "rect": {
                "bottom": 0.54296875,
                "left": 0.12109375,
                "right": 0.265625,
                "top": 0.36328125
            }
        },
        {
            "label": 1,
            "probability": 0.999,
            "rect": {
                "bottom": 0.46124467,
                "left": 0.21126744,
                "right": 0.21126744,
                "top": 0.46124467
            }
        },
        {
            "label": 5,
            "probability": 0.999,
            "rect": {
                "bottom": 0.49330375,
                "left": 0.2074321,
                "right": 0.2074321,
                "top": 0.49330375
            }
        },
        {
            "label": 6,
            "probability": 0.999,
            "rect": {
                "bottom": 0.51328754,
                "left": 0.21937597,
                "right": 0.21937597,
                "top": 0.51328754
            }
        }
    ]
}