{
    "created_at": "2018-09-06T14:46:27.565740",
    "file_name": "000000457850.jpg",
    "generator": "convert_to_region_cropper.py",
    "labels": [
        "position",
        "left_eye",
        "right_eye",
        "left_cheek",
        "right_cheek",
        "nose_base",
        "left_mouth",
        "right_mouth",
        "bottom_mouth"
    ],
    "regions": [
        {
            "label": 0,
            "probability": 0.999,
            "rect": {
                "bottom": 0.26953125,
                "left": 0.5546875,
                "right": 0.65234375,
                "top": 0.14453125
            }
        },
        {
            "label": 1,
            "probability": 0.999,
            "rect": {
                "bottom": 0.2128786,
                "left": 0.6154589,
                "right": 0.6154589,
                "top": 0.2128786
            }
        },
        {
            "label": 4,
            "probability": 0.999,
            "rect": {
                "bottom": 0.22850275,
                "left": 0.62028265,
                "right": 0.62028265,
                "top": 0.22850275
            }
        }
    ]
}