{
    "created_at": "2018-09-06T14:45:16.971610",
    "file_name": "000000147499.jpg",
    "generator": "convert_to_region_cropper.py",
    "labels": [
        "position",
        "left_eye",
        "right_eye",
        "left_cheek",
        "right_cheek",
        "nose_base",
        "left_mouth",
        "right_mouth",
        "bottom_mouth"
    ],
    "regions": [
        {
            "label": 0,
            "probability": 0.999,
            "rect": {
                "bottom": 0.19140625,
                "left": 0.45703125,
                "right": 0.546875,
                "top": 0.07421875
            }
        },
        {
            "label": 1,
            "probability": 0.999,
            "rect": {
                "bottom": 0.1389969,
                "left": 0.5225774,
                "right": 0.5225774,
                "top": 0.1389969
            }
        },
        {
            "label": 4,
            "probability": 0.999,
            "rect": {
                "bottom": 0.15669759,
                "left": 0.52202743,
                "right": 0.52202743,
                "top": 0.15669759
            }
        }
    ]
}