{
    "created_at": "2018-09-06T14:45:20.259167",
    "file_name": "000000162569.jpg",
    "generator": "convert_to_region_cropper.py",
    "labels": [
        "position",
        "left_eye",
        "right_eye",
        "left_cheek",
        "right_cheek",
        "nose_base",
        "left_mouth",
        "right_mouth",
        "bottom_mouth"
    ],
    "regions": [
        {
            "label": 0,
            "probability": 0.999,
            "rect": {
                "bottom": 0.48046875,
                "left": 0.2890625,
                "right": 0.421875,
                "top": 0.31640625
            }
        },
        {
            "label": 2,
            "probability": 0.999,
            "rect": {
                "bottom": 0.4040066,
                "left": 0.34225357,
                "right": 0.34225357,
                "top": 0.4040066
            }
        },
        {
            "label": 3,
            "probability": 0.999,
            "rect": {
                "bottom": 0.42954582,
                "left": 0.30887365,
                "right": 0.30887365,
                "top": 0.42954582
            }
        },
        {
            "label": 7,
            "probability": 0.999,
            "rect": {
                "bottom": 0.46931508,
                "left": 0.33827567,
                "right": 0.33827567,
                "top": 0.46931508
            }
        }
    ]
}