{
    "created_at": "2018-09-06T14:45:34.405840",
    "file_name": "000000223502.jpg",
    "generator": "convert_to_region_cropper.py",
    "labels": [
        "position",
        "left_eye",
        "right_eye",
        "left_cheek",
        "right_cheek",
        "nose_base",
        "left_mouth",
        "right_mouth",
        "bottom_mouth"
    ],
    "regions": [
        {
            "label": 0,
            "probability": 0.999,
            "rect": {
                "bottom": 0.5546875,
                "left": 0.28125,
                "right": 0.44921875,
                "top": 0.34375
            }
        },
        {
            "label": 1,
            "probability": 0.999,
            "rect": {
                "bottom": 0.45392266,
                "left": 0.39215896,
                "right": 0.39215896,
                "top": 0.45392266
            }
        },
        {
            "label": 2,
            "probability": 0.999,
            "rect": {
                "bottom": 0.45598668,
                "left": 0.35087729,
                "right": 0.35087729,
                "top": 0.45598668
            }
        },
        {
            "label": 4,
            "probability": 0.999,
            "rect": {
                "bottom": 0.47811615,
                "left": 0.42380798,
                "right": 0.42380798,
                "top": 0.47811615
            }
        }
    ]
}