{
    "created_at": "2018-09-06T14:45:10.569855",
    "file_name": "000000119723.jpg",
    "generator": "convert_to_region_cropper.py",
    "labels": [
        "position",
        "left_eye",
        "right_eye",
        "left_cheek",
        "right_cheek",
        "nose_base",
        "left_mouth",
        "right_mouth",
        "bottom_mouth"
    ],
    "regions": [
        {
            "label": 0,
            "probability": 0.999,
            "rect": {
                "bottom": 0.296875,
                "left": 0.4765625,
                "right": 0.60546875,
                "top": 0.1328125
            }
        },
        {
            "label": 1,
            "probability": 0.999,
            "rect": {
                "bottom": 0.22523472,
                "left": 0.5521701,
                "right": 0.5521701,
                "top": 0.22523472
            }
        },
        {
            "label": 2,
            "probability": 0.999,
            "rect": {
                "bottom": 0.22278458,
                "left": 0.5235324,
                "right": 0.5235324,
                "top": 0.22278458
            }
        },
        {
            "label": 3,
            "probability": 0.999,
            "rect": {
                "bottom": 0.23640971,
                "left": 0.5001446,
                "right": 0.5001446,
                "top": 0.23640971
            }
        }
    ]
}