{
    "created_at": "2018-09-06T14:45:06.840401",
    "file_name": "000000104369.jpg",
    "generator": "convert_to_region_cropper.py",
    "labels": [
        "position",
        "left_eye",
        "right_eye",
        "left_cheek",
        "right_cheek",
        "nose_base",
        "left_mouth",
        "right_mouth",
        "bottom_mouth"
    ],
    "regions": [
        {
            "label": 0,
            "probability": 0.999,
            "rect": {
                "bottom": 0.328125,
                "left": 0.44921875,
                "right": 0.55078125,
                "top": 0.19921875
            }
        },
        {
            "label": 2,
            "probability": 0.999,
            "rect": {
                "bottom": 0.2724523,
                "left": 0.48673952,
                "right": 0.48673952,
                "top": 0.2724523
            }
        },
        {
            "label": 3,
            "probability": 0.999,
            "rect": {
                "bottom": 0.28925216,
                "left": 0.48444676,
                "right": 0.48444676,
                "top": 0.28925216
            }
        }
    ]
}