{
    "created_at": "2018-09-06T14:45:22.266554",
    "file_name": "000000172221.jpg",
    "generator": "convert_to_region_cropper.py",
    "labels": [
        "position",
        "left_eye",
        "right_eye",
        "left_cheek",
        "right_cheek",
        "nose_base",
        "left_mouth",
        "right_mouth",
        "bottom_mouth"
    ],
    "regions": [
        {
            "label": 0,
            "probability": 0.999,
            "rect": {
                "bottom": 0.2578125,
                "left": 0.25390625,
                "right": 0.3828125,
                "top": 0.09375
            }
        },
        {
            "label": 5,
            "probability": 0.999,
            "rect": {
                "bottom": 0.21720164,
                "left": 0.32350555,
                "right": 0.32350555,
                "top": 0.21720164
            }
        },
        {
            "label": 6,
            "probability": 0.999,
            "rect": {
                "bottom": 0.23230842,
                "left": 0.33223316,
                "right": 0.33223316,
                "top": 0.23230842
            }
        }
    ]
}