{
    "created_at": "2018-09-06T14:46:25.732133",
    "file_name": "000000449769.jpg",
    "generator": "convert_to_region_cropper.py",
    "labels": [
        "position",
        "left_eye",
        "right_eye",
        "left_cheek",
        "right_cheek",
        "nose_base",
        "left_mouth",
        "right_mouth",
        "bottom_mouth"
    ],
    "regions": [
        {
            "label": 0,
            "probability": 0.999,
            "rect": {
                "bottom": 0.34375,
                "left": 0.48828125,
                "right": 0.5859375,
                "top": 0.22265625
            }
        },
        {
            "label": 2,
            "probability": 0.999,
            "rect": {
                "bottom": 0.29159018,
                "left": 0.53152037,
                "right": 0.53152037,
                "top": 0.29159018
            }
        },
        {
            "label": 0,
            "probability": 0.999,
            "rect": {
                "bottom": 0.4296875,
                "left": 0.30078125,
                "right": 0.39453125,
                "top": 0.30859375
            }
        }
    ]
}