{
    "created_at": "2018-09-06T14:45:17.862159",
    "file_name": "000000152073.jpg",
    "generator": "convert_to_region_cropper.py",
    "labels": [
        "position",
        "left_eye",
        "right_eye",
        "left_cheek",
        "right_cheek",
        "nose_base",
        "left_mouth",
        "right_mouth",
        "bottom_mouth"
    ],
    "regions": [
        {
            "label": 0,
            "probability": 0.999,
            "rect": {
                "bottom": 0.34765625,
                "left": 0.81640625,
                "right": 0.94921875,
                "top": 0.18359375
            }
        },
        {
            "label": 1,
            "probability": 0.999,
            "rect": {
                "bottom": 0.2729261,
                "left": 0.9036861,
                "right": 0.9036861,
                "top": 0.2729261
            }
        },
        {
            "label": 2,
            "probability": 0.999,
            "rect": {
                "bottom": 0.27071193,
                "left": 0.87241447,
                "right": 0.87241447,
                "top": 0.27071193
            }
        },
        {
            "label": 4,
            "probability": 0.999,
            "rect": {
                "bottom": 0.28949973,
                "left": 0.92496085,
                "right": 0.92496085,
                "top": 0.28949973
            }
        }
    ]
}