{
    "created_at": "2018-09-06T14:45:58.478982",
    "file_name": "000000329979.jpg",
    "generator": "convert_to_region_cropper.py",
    "labels": [
        "position",
        "left_eye",
        "right_eye",
        "left_cheek",
        "right_cheek",
        "nose_base",
        "left_mouth",
        "right_mouth",
        "bottom_mouth"
    ],
    "regions": [
        {
            "label": 0,
            "probability": 0.999,
            "rect": {
                "bottom": 0.5625,
                "left": 0.078125,
                "right": 0.20703125,
                "top": 0.40234375
            }
        },
        {
            "label": 2,
            "probability": 0.999,
            "rect": {
                "bottom": 0.48729056,
                "left": 0.12488853,
                "right": 0.12488853,
                "top": 0.48729056
            }
        },
        {
            "label": 3,
            "probability": 0.999,
            "rect": {
                "bottom": 0.51465064,
                "left": 0.10740019,
                "right": 0.10740019,
                "top": 0.51465064
            }
        }
    ]
}