{
    "created_at": "2018-09-06T14:46:54.518428",
    "file_name": "000000578240.jpg",
    "generator": "convert_to_region_cropper.py",
    "labels": [
        "position",
        "left_eye",
        "right_eye",
        "left_cheek",
        "right_cheek",
        "nose_base",
        "left_mouth",
        "right_mouth",
        "bottom_mouth"
    ],
    "regions": [
        {
            "label": 0,
            "probability": 0.999,
            "rect": {
                "bottom": 0.18359375,
                "left": 0.6796875,
                "right": 0.80078125,
                "top": 0.03515625
            }
        },
        {
            "label": 1,
            "probability": 0.999,
            "rect": {
                "bottom": 0.11861223,
                "left": 0.7482208,
                "right": 0.7482208,
                "top": 0.11861223
            }
        },
        {
            "label": 4,
            "probability": 0.999,
            "rect": {
                "bottom": 0.120803915,
                "left": 0.77235174,
                "right": 0.77235174,
                "top": 0.120803915
            }
        },
        {
            "label": 6,
            "probability": 0.999,
            "rect": {
                "bottom": 0.15178876,
                "left": 0.7591635,
                "right": 0.7591635,
                "top": 0.15178876
            }
        }
    ]
}