{
    "created_at": "2018-09-06T14:44:54.186177",
    "file_name": "000000051552.jpg",
    "generator": "convert_to_region_cropper.py",
    "labels": [
        "position",
        "left_eye",
        "right_eye",
        "left_cheek",
        "right_cheek",
        "nose_base",
        "left_mouth",
        "right_mouth",
        "bottom_mouth"
    ],
    "regions": [
        {
            "label": 0,
            "probability": 0.999,
            "rect": {
                "bottom": 0.26171875,
                "left": 0.52734375,
                "right": 0.6875,
                "top": 0.05859375
            }
        },
        {
            "label": 1,
            "probability": 0.999,
            "rect": {
                "bottom": 0.16781385,
                "left": 0.63244057,
                "right": 0.63244057,
                "top": 0.16781385
            }
        },
        {
            "label": 6,
            "probability": 0.999,
            "rect": {
                "bottom": 0.22580472,
                "left": 0.6538527,
                "right": 0.6538527,
                "top": 0.22580472
            }
        }
    ]
}