{
    "created_at": "2018-09-06T14:46:30.209423",
    "file_name": "000000470108.jpg",
    "generator": "convert_to_region_cropper.py",
    "labels": [
        "position",
        "left_eye",
        "right_eye",
        "left_cheek",
        "right_cheek",
        "nose_base",
        "left_mouth",
        "right_mouth",
        "bottom_mouth"
    ],
    "regions": [
        {
            "label": 0,
            "probability": 0.999,
            "rect": {
                "bottom": 0.171875,
                "left": 0.609375,
                "right": 0.71484375,
                "top": 0.0390625
            }
        },
        {
            "label": 2,
            "probability": 0.999,
            "rect": {
                "bottom": 0.108192794,
                "left": 0.6558945,
                "right": 0.6558945,
                "top": 0.108192794
            }
        },
        {
            "label": 4,
            "probability": 0.999,
            "rect": {
                "bottom": 0.120973304,
                "left": 0.6949132,
                "right": 0.6949132,
                "top": 0.120973304
            }
        },
        {
            "label": 5,
            "probability": 0.999,
            "rect": {
                "bottom": 0.1387107,
                "left": 0.6596964,
                "right": 0.6596964,
                "top": 0.1387107
            }
        }
    ]
}