{
    "created_at": "2018-09-06T14:45:37.368693",
    "file_name": "000000235955.jpg",
    "generator": "convert_to_region_cropper.py",
    "labels": [
        "position",
        "left_eye",
        "right_eye",
        "left_cheek",
        "right_cheek",
        "nose_base",
        "left_mouth",
        "right_mouth",
        "bottom_mouth"
    ],
    "regions": [
        {
            "label": 0,
            "probability": 0.999,
            "rect": {
                "bottom": 0.37109375,
                "left": 0.375,
                "right": 0.48046875,
                "top": 0.23828125
            }
        },
        {
            "label": 1,
            "probability": 0.999,
            "rect": {
                "bottom": 0.31162217,
                "left": 0.44525212,
                "right": 0.44525212,
                "top": 0.31162217
            }
        },
        {
            "label": 2,
            "probability": 0.999,
            "rect": {
                "bottom": 0.3181204,
                "left": 0.41718483,
                "right": 0.41718483,
                "top": 0.3181204
            }
        },
        {
            "label": 4,
            "probability": 0.999,
            "rect": {
                "bottom": 0.3200725,
                "left": 0.4696285,
                "right": 0.4696285,
                "top": 0.3200725
            }
        }
    ]
}