{
    "created_at": "2018-09-06T14:46:50.612695",
    "file_name": "000000561044.jpg",
    "generator": "convert_to_region_cropper.py",
    "labels": [
        "position",
        "left_eye",
        "right_eye",
        "left_cheek",
        "right_cheek",
        "nose_base",
        "left_mouth",
        "right_mouth",
        "bottom_mouth"
    ],
    "regions": [
        {
            "label": 0,
            "probability": 0.999,
            "rect": {
                "bottom": 0.35546875,
                "left": 0.26953125,
                "right": 0.5703125,
                "top": 0.0
            }
        },
        {
            "label": 1,
            "probability": 0.999,
            "rect": {
                "bottom": 0.18361954,
                "left": 0.44398805,
                "right": 0.44398805,
                "top": 0.18361954
            }
        },
        {
            "label": 2,
            "probability": 0.999,
            "rect": {
                "bottom": 0.17245147,
                "left": 0.36662948,
                "right": 0.36662948,
                "top": 0.17245147
            }
        },
        {
            "label": 5,
            "probability": 0.999,
            "rect": {
                "bottom": 0.24279484,
                "left": 0.4166474,
                "right": 0.4166474,
                "top": 0.24279484
            }
        }
    ]
}