{
    "created_at": "2018-09-06T14:45:41.400405",
    "file_name": "000000254370.jpg",
    "generator": "convert_to_region_cropper.py",
    "labels": [
        "position",
        "left_eye",
        "right_eye",
        "left_cheek",
        "right_cheek",
        "nose_base",
        "left_mouth",
        "right_mouth",
        "bottom_mouth"
    ],
    "regions": [
        {
            "label": 0,
            "probability": 0.999,
            "rect": {
                "bottom": 0.43359375,
                "left": 0.140625,
                "right": 0.2578125,
                "top": 0.28515625
            }
        },
        {
            "label": 2,
            "probability": 0.999,
            "rect": {
                "bottom": 0.36371273,
                "left": 0.1825586,
                "right": 0.1825586,
                "top": 0.36371273
            }
        },
        {
            "label": 3,
            "probability": 0.999,
            "rect": {
                "bottom": 0.37307984,
                "left": 0.16548769,
                "right": 0.16548769,
                "top": 0.37307984
            }
        }
    ]
}