{
    "created_at": "2018-09-06T14:46:27.647383",
    "file_name": "000000458035.jpg",
    "generator": "convert_to_region_cropper.py",
    "labels": [
        "position",
        "left_eye",
        "right_eye",
        "left_cheek",
        "right_cheek",
        "nose_base",
        "left_mouth",
        "right_mouth",
        "bottom_mouth"
    ],
    "regions": [
        {
            "label": 0,
            "probability": 0.999,
            "rect": {
                "bottom": 0.2109375,
                "left": 0.2265625,
                "right": 0.32421875,
                "top": 0.08984375
            }
        },
        {
            "label": 5,
            "probability": 0.999,
            "rect": {
                "bottom": 0.17631707,
                "left": 0.2757657,
                "right": 0.2757657,
                "top": 0.17631707
            }
        },
        {
            "label": 7,
            "probability": 0.999,
            "rect": {
                "bottom": 0.18628038,
                "left": 0.26208276,
                "right": 0.26208276,
                "top": 0.18628038
            }
        },
        {
            "label": 8,
            "probability": 0.999,
            "rect": {
                "bottom": 0.19159685,
                "left": 0.27661106,
                "right": 0.27661106,
                "top": 0.19159685
            }
        }
    ]
}