{
    "created_at": "2018-09-06T14:45:54.129450",
    "file_name": "000000311640.jpg",
    "generator": "convert_to_region_cropper.py",
    "labels": [
        "position",
        "left_eye",
        "right_eye",
        "left_cheek",
        "right_cheek",
        "nose_base",
        "left_mouth",
        "right_mouth",
        "bottom_mouth"
    ],
    "regions": [
        {
            "label": 0,
            "probability": 0.999,
            "rect": {
                "bottom": 0.3203125,
                "left": 0.3125,
                "right": 0.43359375,
                "top": 0.16796875
            }
        },
        {
            "label": 3,
            "probability": 0.999,
            "rect": {
                "bottom": 0.26276708,
                "left": 0.32686192,
                "right": 0.32686192,
                "top": 0.26276708
            }
        },
        {
            "label": 5,
            "probability": 0.999,
            "rect": {
                "bottom": 0.27749777,
                "left": 0.38104203,
                "right": 0.38104203,
                "top": 0.27749777
            }
        },
        {
            "label": 7,
            "probability": 0.999,
            "rect": {
                "bottom": 0.2814754,
                "left": 0.349284,
                "right": 0.349284,
                "top": 0.2814754
            }
        }
    ]
}