{
    "created_at": "2018-09-06T14:45:13.473812",
    "file_name": "000000131525.jpg",
    "generator": "convert_to_region_cropper.py",
    "labels": [
        "position",
        "left_eye",
        "right_eye",
        "left_cheek",
        "right_cheek",
        "nose_base",
        "left_mouth",
        "right_mouth",
        "bottom_mouth"
    ],
    "regions": [
        {
            "label": 0,
            "probability": 0.999,
            "rect": {
                "bottom": 0.171875,
                "left": 0.5078125,
                "right": 0.60546875,
                "top": 0.05078125
            }
        },
        {
            "label": 1,
            "probability": 0.999,
            "rect": {
                "bottom": 0.10895815,
                "left": 0.5726515,
                "right": 0.5726515,
                "top": 0.10895815
            }
        },
        {
            "label": 4,
            "probability": 0.999,
            "rect": {
                "bottom": 0.12152685,
                "left": 0.58977264,
                "right": 0.58977264,
                "top": 0.12152685
            }
        }
    ]
}