{
    "created_at": "2018-09-06T14:46:50.599262",
    "file_name": "000000561018.jpg",
    "generator": "convert_to_region_cropper.py",
    "labels": [
        "position",
        "left_eye",
        "right_eye",
        "left_cheek",
        "right_cheek",
        "nose_base",
        "left_mouth",
        "right_mouth",
        "bottom_mouth"
    ],
    "regions": [
        {
            "label": 0,
            "probability": 0.999,
            "rect": {
                "bottom": 0.32421875,
                "left": 0.76171875,
                "right": 0.89453125,
                "top": 0.15625
            }
        },
        {
            "label": 1,
            "probability": 0.999,
            "rect": {
                "bottom": 0.24402003,
                "left": 0.8469009,
                "right": 0.8469009,
                "top": 0.24402003
            }
        },
        {
            "label": 3,
            "probability": 0.999,
            "rect": {
                "bottom": 0.27721992,
                "left": 0.80123436,
                "right": 0.80123436,
                "top": 0.27721992
            }
        },
        {
            "label": 5,
            "probability": 0.999,
            "rect": {
                "bottom": 0.27451408,
                "left": 0.8347705,
                "right": 0.8347705,
                "top": 0.27451408
            }
        }
    ]
}