{
    "created_at": "2018-09-06T14:46:27.885127",
    "file_name": "000000458783.jpg",
    "generator": "convert_to_region_cropper.py",
    "labels": [
        "position",
        "left_eye",
        "right_eye",
        "left_cheek",
        "right_cheek",
        "nose_base",
        "left_mouth",
        "right_mouth",
        "bottom_mouth"
    ],
    "regions": [
        {
            "label": 0,
            "probability": 0.999,
            "rect": {
                "bottom": 0.5078125,
                "left": 0.90234375,
                "right": 1.0,
                "top": 0.36328125
            }
        },
        {
            "label": 2,
            "probability": 0.999,
            "rect": {
                "bottom": 0.44458184,
                "left": 0.94394433,
                "right": 0.94394433,
                "top": 0.44458184
            }
        },
        {
            "label": 3,
            "probability": 0.999,
            "rect": {
                "bottom": 0.46146584,
                "left": 0.9226532,
                "right": 0.9226532,
                "top": 0.46146584
            }
        },
        {
            "label": 7,
            "probability": 0.999,
            "rect": {
                "bottom": 0.47835684,
                "left": 0.9496072,
                "right": 0.9496072,
                "top": 0.47835684
            }
        }
    ]
}