{
    "created_at": "2018-09-06T14:45:49.877775",
    "file_name": "000000292953.jpg",
    "generator": "convert_to_region_cropper.py",
    "labels": [
        "position",
        "left_eye",
        "right_eye",
        "left_cheek",
        "right_cheek",
        "nose_base",
        "left_mouth",
        "right_mouth",
        "bottom_mouth"
    ],
    "regions": [
        {
            "label": 0,
            "probability": 0.999,
            "rect": {
                "bottom": 0.19140625,
                "left": 0.3125,
                "right": 0.4375,
                "top": 0.0390625
            }
        },
        {
            "label": 2,
            "probability": 0.999,
            "rect": {
                "bottom": 0.11722518,
                "left": 0.35639867,
                "right": 0.35639867,
                "top": 0.11722518
            }
        },
        {
            "label": 3,
            "probability": 0.999,
            "rect": {
                "bottom": 0.13961159,
                "left": 0.33185774,
                "right": 0.33185774,
                "top": 0.13961159
            }
        },
        {
            "label": 7,
            "probability": 0.999,
            "rect": {
                "bottom": 0.15610656,
                "left": 0.36245027,
                "right": 0.36245027,
                "top": 0.15610656
            }
        }
    ]
}