{
    "created_at": "2018-09-06T14:45:02.419761",
    "file_name": "000000085712.jpg",
    "generator": "convert_to_region_cropper.py",
    "labels": [
        "position",
        "left_eye",
        "right_eye",
        "left_cheek",
        "right_cheek",
        "nose_base",
        "left_mouth",
        "right_mouth",
        "bottom_mouth"
    ],
    "regions": [
        {
            "label": 0,
            "probability": 0.999,
            "rect": {
                "bottom": 0.1640625,
                "left": 0.48828125,
                "right": 0.5859375,
                "top": 0.0390625
            }
        },
        {
            "label": 4,
            "probability": 0.999,
            "rect": {
                "bottom": 0.12030986,
                "left": 0.56750107,
                "right": 0.56750107,
                "top": 0.12030986
            }
        },
        {
            "label": 6,
            "probability": 0.999,
            "rect": {
                "bottom": 0.14543188,
                "left": 0.5493112,
                "right": 0.5493112,
                "top": 0.14543188
            }
        }
    ]
}