{
    "created_at": "2018-09-06T14:44:52.321509",
    "file_name": "000000044071.jpg",
    "generator": "convert_to_region_cropper.py",
    "labels": [
        "position",
        "left_eye",
        "right_eye",
        "left_cheek",
        "right_cheek",
        "nose_base",
        "left_mouth",
        "right_mouth",
        "bottom_mouth"
    ],
    "regions": [
        {
            "label": 0,
            "probability": 0.999,
            "rect": {
                "bottom": 0.40625,
                "left": 0.4296875,
                "right": 0.5625,
                "top": 0.23828125
            }
        },
        {
            "label": 2,
            "probability": 0.999,
            "rect": {
                "bottom": 0.324852,
                "left": 0.47510234,
                "right": 0.47510234,
                "top": 0.324852
            }
        },
        {
            "label": 3,
            "probability": 0.999,
            "rect": {
                "bottom": 0.3466843,
                "left": 0.45425323,
                "right": 0.45425323,
                "top": 0.3466843
            }
        },
        {
            "label": 7,
            "probability": 0.999,
            "rect": {
                "bottom": 0.36702856,
                "left": 0.48690936,
                "right": 0.48690936,
                "top": 0.36702856
            }
        }
    ]
}