{
    "created_at": "2018-09-06T14:45:29.774204",
    "file_name": "000000202362.jpg",
    "generator": "convert_to_region_cropper.py",
    "labels": [
        "position",
        "left_eye",
        "right_eye",
        "left_cheek",
        "right_cheek",
        "nose_base",
        "left_mouth",
        "right_mouth",
        "bottom_mouth"
    ],
    "regions": [
        {
            "label": 0,
            "probability": 0.999,
            "rect": {
                "bottom": 0.2890625,
                "left": 0.55078125,
                "right": 0.66796875,
                "top": 0.14453125
            }
        },
        {
            "label": 1,
            "probability": 0.999,
            "rect": {
                "bottom": 0.22213593,
                "left": 0.626352,
                "right": 0.626352,
                "top": 0.22213593
            }
        },
        {
            "label": 4,
            "probability": 0.999,
            "rect": {
                "bottom": 0.23261909,
                "left": 0.6508158,
                "right": 0.6508158,
                "top": 0.23261909
            }
        },
        {
            "label": 6,
            "probability": 0.999,
            "rect": {
                "bottom": 0.25339693,
                "left": 0.62857294,
                "right": 0.62857294,
                "top": 0.25339693
            }
        }
    ]
}