{
    "created_at": "2018-09-06T14:46:29.035227",
    "file_name": "000000464380.jpg",
    "generator": "convert_to_region_cropper.py",
    "labels": [
        "position",
        "left_eye",
        "right_eye",
        "left_cheek",
        "right_cheek",
        "nose_base",
        "left_mouth",
        "right_mouth",
        "bottom_mouth"
    ],
    "regions": [
        {
            "label": 0,
            "probability": 0.999,
            "rect": {
                "bottom": 0.34375,
                "left": 0.3203125,
                "right": 0.42578125,
                "top": 0.21484375
            }
        },
        {
            "label": 2,
            "probability": 0.999,
            "rect": {
                "bottom": 0.28514275,
                "left": 0.35859498,
                "right": 0.35859498,
                "top": 0.28514275
            }
        },
        {
            "label": 3,
            "probability": 0.999,
            "rect": {
                "bottom": 0.3003396,
                "left": 0.33994937,
                "right": 0.33994937,
                "top": 0.3003396
            }
        },
        {
            "label": 7,
            "probability": 0.999,
            "rect": {
                "bottom": 0.31959525,
                "left": 0.36726668,
                "right": 0.36726668,
                "top": 0.31959525
            }
        }
    ]
}