{
    "created_at": "2018-09-06T14:45:45.148454",
    "file_name": "000000272401.jpg",
    "generator": "convert_to_region_cropper.py",
    "labels": [
        "position",
        "left_eye",
        "right_eye",
        "left_cheek",
        "right_cheek",
        "nose_base",
        "left_mouth",
        "right_mouth",
        "bottom_mouth"
    ],
    "regions": [
        {
            "label": 0,
            "probability": 0.999,
            "rect": {
                "bottom": 0.28515625,
                "left": 0.3671875,
                "right": 0.51171875,
                "top": 0.10546875
            }
        },
        {
            "label": 1,
            "probability": 0.999,
            "rect": {
                "bottom": 0.2036681,
                "left": 0.46375802,
                "right": 0.46375802,
                "top": 0.2036681
            }
        },
        {
            "label": 4,
            "probability": 0.999,
            "rect": {
                "bottom": 0.21392311,
                "left": 0.49723223,
                "right": 0.49723223,
                "top": 0.21392311
            }
        },
        {
            "label": 6,
            "probability": 0.999,
            "rect": {
                "bottom": 0.23901072,
                "left": 0.4729568,
                "right": 0.4729568,
                "top": 0.23901072
            }
        }
    ]
}