{
    "created_at": "2018-09-06T14:44:57.253195",
    "file_name": "000000063725.jpg",
    "generator": "convert_to_region_cropper.py",
    "labels": [
        "position",
        "left_eye",
        "right_eye",
        "left_cheek",
        "right_cheek",
        "nose_base",
        "left_mouth",
        "right_mouth",
        "bottom_mouth"
    ],
    "regions": [
        {
            "label": 0,
            "probability": 0.999,
            "rect": {
                "bottom": 0.453125,
                "left": 0.3828125,
                "right": 0.484375,
                "top": 0.328125
            }
        },
        {
            "label": 2,
            "probability": 0.999,
            "rect": {
                "bottom": 0.3987258,
                "left": 0.4200298,
                "right": 0.4200298,
                "top": 0.3987258
            }
        },
        {
            "label": 3,
            "probability": 0.999,
            "rect": {
                "bottom": 0.41229114,
                "left": 0.39575025,
                "right": 0.39575025,
                "top": 0.41229114
            }
        },
        {
            "label": 5,
            "probability": 0.999,
            "rect": {
                "bottom": 0.42400986,
                "left": 0.44262525,
                "right": 0.44262525,
                "top": 0.42400986
            }
        }
    ]
}