{
    "created_at": "2018-09-06T14:46:33.757141",
    "file_name": "000000486431.jpg",
    "generator": "convert_to_region_cropper.py",
    "labels": [
        "position",
        "left_eye",
        "right_eye",
        "left_cheek",
        "right_cheek",
        "nose_base",
        "left_mouth",
        "right_mouth",
        "bottom_mouth"
    ],
    "regions": [
        {
            "label": 0,
            "probability": 0.999,
            "rect": {
                "bottom": 0.26953125,
                "left": 0.4453125,
                "right": 0.55078125,
                "top": 0.13671875
            }
        },
        {
            "label": 1,
            "probability": 0.999,
            "rect": {
                "bottom": 0.21237582,
                "left": 0.51090163,
                "right": 0.51090163,
                "top": 0.21237582
            }
        },
        {
            "label": 2,
            "probability": 0.999,
            "rect": {
                "bottom": 0.20844704,
                "left": 0.48223737,
                "right": 0.48223737,
                "top": 0.20844704
            }
        },
        {
            "label": 5,
            "probability": 0.999,
            "rect": {
                "bottom": 0.23927617,
                "left": 0.49685562,
                "right": 0.49685562,
                "top": 0.23927617
            }
        }
    ]
}