{
    "created_at": "2018-09-06T14:45:36.427063",
    "file_name": "000000231986.jpg",
    "generator": "convert_to_region_cropper.py",
    "labels": [
        "position",
        "left_eye",
        "right_eye",
        "left_cheek",
        "right_cheek",
        "nose_base",
        "left_mouth",
        "right_mouth",
        "bottom_mouth"
    ],
    "regions": [
        {
            "label": 0,
            "probability": 0.999,
            "rect": {
                "bottom": 0.23046875,
                "left": 0.69921875,
                "right": 0.80078125,
                "top": 0.10546875
            }
        },
        {
            "label": 2,
            "probability": 0.999,
            "rect": {
                "bottom": 0.17707427,
                "left": 0.7408743,
                "right": 0.7408743,
                "top": 0.17707427
            }
        },
        {
            "label": 4,
            "probability": 0.999,
            "rect": {
                "bottom": 0.17946444,
                "left": 0.7834187,
                "right": 0.7834187,
                "top": 0.17946444
            }
        },
        {
            "label": 6,
            "probability": 0.999,
            "rect": {
                "bottom": 0.19894834,
                "left": 0.762142,
                "right": 0.762142,
                "top": 0.19894834
            }
        }
    ]
}