{
    "created_at": "2018-09-06T14:45:31.403890",
    "file_name": "000000209869.jpg",
    "generator": "convert_to_region_cropper.py",
    "labels": [
        "position",
        "left_eye",
        "right_eye",
        "left_cheek",
        "right_cheek",
        "nose_base",
        "left_mouth",
        "right_mouth",
        "bottom_mouth"
    ],
    "regions": [
        {
            "label": 0,
            "probability": 0.999,
            "rect": {
                "bottom": 0.6640625,
                "left": 0.08984375,
                "right": 0.20703125,
                "top": 0.515625
            }
        },
        {
            "label": 1,
            "probability": 0.999,
            "rect": {
                "bottom": 0.59607595,
                "left": 0.1687271,
                "right": 0.1687271,
                "top": 0.59607595
            }
        },
        {
            "label": 4,
            "probability": 0.999,
            "rect": {
                "bottom": 0.59786433,
                "left": 0.1938137,
                "right": 0.1938137,
                "top": 0.59786433
            }
        },
        {
            "label": 6,
            "probability": 0.999,
            "rect": {
                "bottom": 0.6238638,
                "left": 0.16466059,
                "right": 0.16466059,
                "top": 0.6238638
            }
        }
    ]
}