{
    "created_at": "2018-09-06T14:45:11.348852",
    "file_name": "000000122929.jpg",
    "generator": "convert_to_region_cropper.py",
    "labels": [
        "position",
        "left_eye",
        "right_eye",
        "left_cheek",
        "right_cheek",
        "nose_base",
        "left_mouth",
        "right_mouth",
        "bottom_mouth"
    ],
    "regions": [
        {
            "label": 0,
            "probability": 0.999,
            "rect": {
                "bottom": 0.3671875,
                "left": 0.16796875,
                "right": 0.37109375,
                "top": 0.109375
            }
        },
        {
            "label": 2,
            "probability": 0.999,
            "rect": {
                "bottom": 0.25100026,
                "left": 0.25797346,
                "right": 0.25797346,
                "top": 0.25100026
            }
        },
        {
            "label": 3,
            "probability": 0.999,
            "rect": {
                "bottom": 0.2604425,
                "left": 0.20984149,
                "right": 0.20984149,
                "top": 0.2604425
            }
        }
    ]
}