{
    "created_at": "2018-09-06T14:45:29.011433",
    "file_name": "000000199297.jpg",
    "generator": "convert_to_region_cropper.py",
    "labels": [
        "position",
        "left_eye",
        "right_eye",
        "left_cheek",
        "right_cheek",
        "nose_base",
        "left_mouth",
        "right_mouth",
        "bottom_mouth"
    ],
    "regions": [
        {
            "label": 0,
            "probability": 0.999,
            "rect": {
                "bottom": 0.23046875,
                "left": 0.421875,
                "right": 0.55078125,
                "top": 0.0703125
            }
        },
        {
            "label": 2,
            "probability": 0.999,
            "rect": {
                "bottom": 0.16767609,
                "left": 0.49299318,
                "right": 0.49299318,
                "top": 0.16767609
            }
        },
        {
            "label": 3,
            "probability": 0.999,
            "rect": {
                "bottom": 0.16597843,
                "left": 0.4693818,
                "right": 0.4693818,
                "top": 0.16597843
            }
        }
    ]
}