{
    "created_at": "2018-09-06T14:45:25.058566",
    "file_name": "000000184072.jpg",
    "generator": "convert_to_region_cropper.py",
    "labels": [
        "position",
        "left_eye",
        "right_eye",
        "left_cheek",
        "right_cheek",
        "nose_base",
        "left_mouth",
        "right_mouth",
        "bottom_mouth"
    ],
    "regions": [
        {
            "label": 0,
            "probability": 0.999,
            "rect": {
                "bottom": 0.453125,
                "left": 0.22265625,
                "right": 0.32421875,
                "top": 0.32421875
            }
        },
        {
            "label": 2,
            "probability": 0.999,
            "rect": {
                "bottom": 0.3955897,
                "left": 0.2727405,
                "right": 0.2727405,
                "top": 0.3955897
            }
        },
        {
            "label": 3,
            "probability": 0.999,
            "rect": {
                "bottom": 0.4007868,
                "left": 0.24351381,
                "right": 0.24351381,
                "top": 0.4007868
            }
        },
        {
            "label": 7,
            "probability": 0.999,
            "rect": {
                "bottom": 0.42945144,
                "left": 0.26116723,
                "right": 0.26116723,
                "top": 0.42945144
            }
        }
    ]
}