{
    "created_at": "2018-09-06T14:46:16.806040",
    "file_name": "000000411094.jpg",
    "generator": "convert_to_region_cropper.py",
    "labels": [
        "position",
        "left_eye",
        "right_eye",
        "left_cheek",
        "right_cheek",
        "nose_base",
        "left_mouth",
        "right_mouth",
        "bottom_mouth"
    ],
    "regions": [
        {
            "label": 0,
            "probability": 0.999,
            "rect": {
                "bottom": 0.41796875,
                "left": 0.23828125,
                "right": 0.390625,
                "top": 0.2265625
            }
        },
        {
            "label": 2,
            "probability": 0.999,
            "rect": {
                "bottom": 0.33220166,
                "left": 0.29541388,
                "right": 0.29541388,
                "top": 0.33220166
            }
        },
        {
            "label": 3,
            "probability": 0.999,
            "rect": {
                "bottom": 0.3577503,
                "left": 0.26869363,
                "right": 0.26869363,
                "top": 0.3577503
            }
        },
        {
            "label": 7,
            "probability": 0.999,
            "rect": {
                "bottom": 0.3906099,
                "left": 0.30545565,
                "right": 0.30545565,
                "top": 0.3906099
            }
        }
    ]
}