{
    "created_at": "2018-09-06T14:45:04.629182",
    "file_name": "000000095705.jpg",
    "generator": "convert_to_region_cropper.py",
    "labels": [
        "position",
        "left_eye",
        "right_eye",
        "left_cheek",
        "right_cheek",
        "nose_base",
        "left_mouth",
        "right_mouth",
        "bottom_mouth"
    ],
    "regions": [
        {
            "label": 0,
            "probability": 0.999,
            "rect": {
                "bottom": 0.73828125,
                "left": 0.13671875,
                "right": 0.48828125,
                "top": 0.296875
            }
        },
        {
            "label": 3,
            "probability": 0.999,
            "rect": {
                "bottom": 0.5888711,
                "left": 0.20183414,
                "right": 0.20183414,
                "top": 0.5888711
            }
        },
        {
            "label": 7,
            "probability": 0.999,
            "rect": {
                "bottom": 0.67422664,
                "left": 0.30428877,
                "right": 0.30428877,
                "top": 0.67422664
            }
        }
    ]
}