{
    "created_at": "2018-09-06T14:45:48.606340",
    "file_name": "000000287380.jpg",
    "generator": "convert_to_region_cropper.py",
    "labels": [
        "position",
        "left_eye",
        "right_eye",
        "left_cheek",
        "right_cheek",
        "nose_base",
        "left_mouth",
        "right_mouth",
        "bottom_mouth"
    ],
    "regions": [
        {
            "label": 0,
            "probability": 0.999,
            "rect": {
                "bottom": 0.3046875,
                "left": 0.44140625,
                "right": 0.5390625,
                "top": 0.18359375
            }
        },
        {
            "label": 2,
            "probability": 0.999,
            "rect": {
                "bottom": 0.2531467,
                "left": 0.48686323,
                "right": 0.48686323,
                "top": 0.2531467
            }
        },
        {
            "label": 3,
            "probability": 0.999,
            "rect": {
                "bottom": 0.2599993,
                "left": 0.46376014,
                "right": 0.46376014,
                "top": 0.2599993
            }
        }
    ]
}