{
    "created_at": "2018-09-06T14:45:16.494514",
    "file_name": "000000145281.jpg",
    "generator": "convert_to_region_cropper.py",
    "labels": [
        "position",
        "left_eye",
        "right_eye",
        "left_cheek",
        "right_cheek",
        "nose_base",
        "left_mouth",
        "right_mouth",
        "bottom_mouth"
    ],
    "regions": [
        {
            "label": 0,
            "probability": 0.999,
            "rect": {
                "bottom": 0.46875,
                "left": 0.4453125,
                "right": 0.73828125,
                "top": 0.1015625
            }
        },
        {
            "label": 1,
            "probability": 0.999,
            "rect": {
                "bottom": 0.29439908,
                "left": 0.64800954,
                "right": 0.64800954,
                "top": 0.29439908
            }
        },
        {
            "label": 2,
            "probability": 0.999,
            "rect": {
                "bottom": 0.29872885,
                "left": 0.5519727,
                "right": 0.5519727,
                "top": 0.29872885
            }
        },
        {
            "label": 4,
            "probability": 0.999,
            "rect": {
                "bottom": 0.3177743,
                "left": 0.69123745,
                "right": 0.69123745,
                "top": 0.3177743
            }
        }
    ]
}