{
    "created_at": "2018-09-06T14:44:48.956926",
    "file_name": "000000029646.jpg",
    "generator": "convert_to_region_cropper.py",
    "labels": [
        "position",
        "left_eye",
        "right_eye",
        "left_cheek",
        "right_cheek",
        "nose_base",
        "left_mouth",
        "right_mouth",
        "bottom_mouth"
    ],
    "regions": [
        {
            "label": 0,
            "probability": 0.999,
            "rect": {
                "bottom": 0.3828125,
                "left": 0.44921875,
                "right": 0.59765625,
                "top": 0.1953125
            }
        },
        {
            "label": 2,
            "probability": 0.999,
            "rect": {
                "bottom": 0.2942969,
                "left": 0.5012028,
                "right": 0.5012028,
                "top": 0.2942969
            }
        },
        {
            "label": 3,
            "probability": 0.999,
            "rect": {
                "bottom": 0.31327453,
                "left": 0.47907376,
                "right": 0.47907376,
                "top": 0.31327453
            }
        },
        {
            "label": 7,
            "probability": 0.999,
            "rect": {
                "bottom": 0.34315872,
                "left": 0.5054933,
                "right": 0.5054933,
                "top": 0.34315872
            }
        }
    ]
}