{
    "created_at": "2018-09-06T14:45:10.803985",
    "file_name": "000000120684.jpg",
    "generator": "convert_to_region_cropper.py",
    "labels": [
        "position",
        "left_eye",
        "right_eye",
        "left_cheek",
        "right_cheek",
        "nose_base",
        "left_mouth",
        "right_mouth",
        "bottom_mouth"
    ],
    "regions": [
        {
            "label": 0,
            "probability": 0.999,
            "rect": {
                "bottom": 0.19140625,
                "left": 0.33984375,
                "right": 0.48828125,
                "top": 0.00390625
            }
        },
        {
            "label": 2,
            "probability": 0.999,
            "rect": {
                "bottom": 0.11115102,
                "left": 0.41635424,
                "right": 0.41635424,
                "top": 0.11115102
            }
        },
        {
            "label": 3,
            "probability": 0.999,
            "rect": {
                "bottom": 0.11800286,
                "left": 0.36944038,
                "right": 0.36944038,
                "top": 0.11800286
            }
        }
    ]
}