{
    "created_at": "2018-09-06T14:46:29.771787",
    "file_name": "000000468323.jpg",
    "generator": "convert_to_region_cropper.py",
    "labels": [
        "position",
        "left_eye",
        "right_eye",
        "left_cheek",
        "right_cheek",
        "nose_base",
        "left_mouth",
        "right_mouth",
        "bottom_mouth"
    ],
    "regions": [
        {
            "label": 0,
            "probability": 0.999,
            "rect": {
                "bottom": 0.46484375,
                "left": 0.47265625,
                "right": 0.65234375,
                "top": 0.23828125
            }
        },
        {
            "label": 1,
            "probability": 0.999,
            "rect": {
                "bottom": 0.35728133,
                "left": 0.59863627,
                "right": 0.59863627,
                "top": 0.35728133
            }
        },
        {
            "label": 2,
            "probability": 0.999,
            "rect": {
                "bottom": 0.3604982,
                "left": 0.54614323,
                "right": 0.54614323,
                "top": 0.3604982
            }
        },
        {
            "label": 4,
            "probability": 0.999,
            "rect": {
                "bottom": 0.37910607,
                "left": 0.6419033,
                "right": 0.6419033,
                "top": 0.37910607
            }
        }
    ]
}