{
    "created_at": "2018-09-06T14:44:53.607290",
    "file_name": "000000049245.jpg",
    "generator": "convert_to_region_cropper.py",
    "labels": [
        "position",
        "left_eye",
        "right_eye",
        "left_cheek",
        "right_cheek",
        "nose_base",
        "left_mouth",
        "right_mouth",
        "bottom_mouth"
    ],
    "regions": [
        {
            "label": 0,
            "probability": 0.999,
            "rect": {
                "bottom": 0.49609375,
                "left": 0.45703125,
                "right": 0.734375,
                "top": 0.1484375
            }
        },
        {
            "label": 2,
            "probability": 0.999,
            "rect": {
                "bottom": 0.26409027,
                "left": 0.5801442,
                "right": 0.5801442,
                "top": 0.26409027
            }
        },
        {
            "label": 4,
            "probability": 0.999,
            "rect": {
                "bottom": 0.3654811,
                "left": 0.7096168,
                "right": 0.7096168,
                "top": 0.3654811
            }
        },
        {
            "label": 8,
            "probability": 0.999,
            "rect": {
                "bottom": 0.34886736,
                "left": 0.63729167,
                "right": 0.63729167,
                "top": 0.34886736
            }
        }
    ]
}