{
    "created_at": "2018-09-06T14:45:13.126356",
    "file_name": "000000129721.jpg",
    "generator": "convert_to_region_cropper.py",
    "labels": [
        "position",
        "left_eye",
        "right_eye",
        "left_cheek",
        "right_cheek",
        "nose_base",
        "left_mouth",
        "right_mouth",
        "bottom_mouth"
    ],
    "regions": [
        {
            "label": 0,
            "probability": 0.999,
            "rect": {
                "bottom": 0.42578125,
                "left": 0.63671875,
                "right": 0.76953125,
                "top": 0.26171875
            }
        },
        {
            "label": 1,
            "probability": 0.999,
            "rect": {
                "bottom": 0.35226968,
                "left": 0.72082484,
                "right": 0.72082484,
                "top": 0.35226968
            }
        },
        {
            "label": 4,
            "probability": 0.999,
            "rect": {
                "bottom": 0.36790022,
                "left": 0.74764496,
                "right": 0.74764496,
                "top": 0.36790022
            }
        },
        {
            "label": 6,
            "probability": 0.999,
            "rect": {
                "bottom": 0.3973533,
                "left": 0.7191413,
                "right": 0.7191413,
                "top": 0.3973533
            }
        }
    ]
}