{
    "created_at": "2018-09-06T14:46:54.777483",
    "file_name": "000000579427.jpg",
    "generator": "convert_to_region_cropper.py",
    "labels": [
        "position",
        "left_eye",
        "right_eye",
        "left_cheek",
        "right_cheek",
        "nose_base",
        "left_mouth",
        "right_mouth",
        "bottom_mouth"
    ],
    "regions": [
        {
            "label": 0,
            "probability": 0.999,
            "rect": {
                "bottom": 0.48828125,
                "left": 0.40234375,
                "right": 0.51953125,
                "top": 0.34375
            }
        },
        {
            "label": 1,
            "probability": 0.999,
            "rect": {
                "bottom": 0.4203746,
                "left": 0.47389665,
                "right": 0.47389665,
                "top": 0.4203746
            }
        },
        {
            "label": 4,
            "probability": 0.999,
            "rect": {
                "bottom": 0.42513695,
                "left": 0.50413316,
                "right": 0.50413316,
                "top": 0.42513695
            }
        }
    ]
}