{
    "created_at": "2018-09-06T14:46:13.491175",
    "file_name": "000000396134.jpg",
    "generator": "convert_to_region_cropper.py",
    "labels": [
        "position",
        "left_eye",
        "right_eye",
        "left_cheek",
        "right_cheek",
        "nose_base",
        "left_mouth",
        "right_mouth",
        "bottom_mouth"
    ],
    "regions": [
        {
            "label": 0,
            "probability": 0.999,
            "rect": {
                "bottom": 0.453125,
                "left": 0.34765625,
                "right": 0.48828125,
                "top": 0.27734375
            }
        },
        {
            "label": 3,
            "probability": 0.999,
            "rect": {
                "bottom": 0.3967077,
                "left": 0.3875036,
                "right": 0.3875036,
                "top": 0.3967077
            }
        },
        {
            "label": 8,
            "probability": 0.999,
            "rect": {
                "bottom": 0.40232858,
                "left": 0.42043903,
                "right": 0.42043903,
                "top": 0.40232858
            }
        }
    ]
}