{
    "created_at": "2018-09-06T14:45:49.998795",
    "file_name": "000000293662.jpg",
    "generator": "convert_to_region_cropper.py",
    "labels": [
        "position",
        "left_eye",
        "right_eye",
        "left_cheek",
        "right_cheek",
        "nose_base",
        "left_mouth",
        "right_mouth",
        "bottom_mouth"
    ],
    "regions": [
        {
            "label": 0,
            "probability": 0.999,
            "rect": {
                "bottom": 0.57421875,
                "left": 0.16015625,
                "right": 0.27734375,
                "top": 0.4296875
            }
        },
        {
            "label": 1,
            "probability": 0.999,
            "rect": {
                "bottom": 0.50349236,
                "left": 0.23717195,
                "right": 0.23717195,
                "top": 0.50349236
            }
        },
        {
            "label": 4,
            "probability": 0.999,
            "rect": {
                "bottom": 0.51661223,
                "left": 0.25974855,
                "right": 0.25974855,
                "top": 0.51661223
            }
        }
    ]
}