{
    "created_at": "2018-09-06T14:44:57.220090",
    "file_name": "000000063697.jpg",
    "generator": "convert_to_region_cropper.py",
    "labels": [
        "position",
        "left_eye",
        "right_eye",
        "left_cheek",
        "right_cheek",
        "nose_base",
        "left_mouth",
        "right_mouth",
        "bottom_mouth"
    ],
    "regions": [
        {
            "label": 0,
            "probability": 0.999,
            "rect": {
                "bottom": 0.51953125,
                "left": 0.01171875,
                "right": 0.10546875,
                "top": 0.40234375
            }
        },
        {
            "label": 1,
            "probability": 0.999,
            "rect": {
                "bottom": 0.47261754,
                "left": 0.07653536,
                "right": 0.07653536,
                "top": 0.47261754
            }
        },
        {
            "label": 4,
            "probability": 0.999,
            "rect": {
                "bottom": 0.48454237,
                "left": 0.07808308,
                "right": 0.07808308,
                "top": 0.48454237
            }
        },
        {
            "label": 6,
            "probability": 0.999,
            "rect": {
                "bottom": 0.49933687,
                "left": 0.06879337,
                "right": 0.06879337,
                "top": 0.49933687
            }
        }
    ]
}