{
    "created_at": "2018-09-06T14:46:34.915011",
    "file_name": "000000492006.jpg",
    "generator": "convert_to_region_cropper.py",
    "labels": [
        "position",
        "left_eye",
        "right_eye",
        "left_cheek",
        "right_cheek",
        "nose_base",
        "left_mouth",
        "right_mouth",
        "bottom_mouth"
    ],
    "regions": [
        {
            "label": 0,
            "probability": 0.999,
            "rect": {
                "bottom": 0.69921875,
                "left": 0.2890625,
                "right": 0.58984375,
                "top": 0.32421875
            }
        },
        {
            "label": 1,
            "probability": 0.999,
            "rect": {
                "bottom": 0.5262634,
                "left": 0.4837658,
                "right": 0.4837658,
                "top": 0.5262634
            }
        },
        {
            "label": 2,
            "probability": 0.999,
            "rect": {
                "bottom": 0.52952904,
                "left": 0.42011988,
                "right": 0.42011988,
                "top": 0.52952904
            }
        },
        {
            "label": 5,
            "probability": 0.999,
            "rect": {
                "bottom": 0.59471256,
                "left": 0.4479912,
                "right": 0.4479912,
                "top": 0.59471256
            }
        }
    ]
}