{
    "created_at": "2018-09-06T14:44:52.679732",
    "file_name": "000000045645.jpg",
    "generator": "convert_to_region_cropper.py",
    "labels": [
        "position",
        "left_eye",
        "right_eye",
        "left_cheek",
        "right_cheek",
        "nose_base",
        "left_mouth",
        "right_mouth",
        "bottom_mouth"
    ],
    "regions": [
        {
            "label": 0,
            "probability": 0.999,
            "rect": {
                "bottom": 0.546875,
                "left": 0.078125,
                "right": 0.21484375,
                "top": 0.37890625
            }
        },
        {
            "label": 2,
            "probability": 0.999,
            "rect": {
                "bottom": 0.4702505,
                "left": 0.12738931,
                "right": 0.12738931,
                "top": 0.4702505
            }
        },
        {
            "label": 3,
            "probability": 0.999,
            "rect": {
                "bottom": 0.4847179,
                "left": 0.10015525,
                "right": 0.10015525,
                "top": 0.4847179
            }
        },
        {
            "label": 5,
            "probability": 0.999,
            "rect": {
                "bottom": 0.50510436,
                "left": 0.15618,
                "right": 0.15618,
                "top": 0.50510436
            }
        }
    ]
}