{
    "created_at": "2018-09-06T14:45:49.632026",
    "file_name": "000000292069.jpg",
    "generator": "convert_to_region_cropper.py",
    "labels": [
        "position",
        "left_eye",
        "right_eye",
        "left_cheek",
        "right_cheek",
        "nose_base",
        "left_mouth",
        "right_mouth",
        "bottom_mouth"
    ],
    "regions": [
        {
            "label": 0,
            "probability": 0.999,
            "rect": {
                "bottom": 0.51171875,
                "left": 0.765625,
                "right": 0.87109375,
                "top": 0.37890625
            }
        },
        {
            "label": 1,
            "probability": 0.999,
            "rect": {
                "bottom": 0.44961175,
                "left": 0.8293112,
                "right": 0.8293112,
                "top": 0.44961175
            }
        },
        {
            "label": 4,
            "probability": 0.999,
            "rect": {
                "bottom": 0.45261422,
                "left": 0.85755664,
                "right": 0.85755664,
                "top": 0.45261422
            }
        }
    ]
}