{
    "created_at": "2018-09-06T14:45:11.986615",
    "file_name": "000000125647.jpg",
    "generator": "convert_to_region_cropper.py",
    "labels": [
        "position",
        "left_eye",
        "right_eye",
        "left_cheek",
        "right_cheek",
        "nose_base",
        "left_mouth",
        "right_mouth",
        "bottom_mouth"
    ],
    "regions": [
        {
            "label": 0,
            "probability": 0.999,
            "rect": {
                "bottom": 0.56640625,
                "left": 0.40625,
                "right": 0.61328125,
                "top": 0.30859375
            }
        },
        {
            "label": 1,
            "probability": 0.999,
            "rect": {
                "bottom": 0.44315052,
                "left": 0.53790516,
                "right": 0.53790516,
                "top": 0.44315052
            }
        },
        {
            "label": 4,
            "probability": 0.999,
            "rect": {
                "bottom": 0.4631656,
                "left": 0.58425885,
                "right": 0.58425885,
                "top": 0.4631656
            }
        },
        {
            "label": 6,
            "probability": 0.999,
            "rect": {
                "bottom": 0.51367044,
                "left": 0.54200774,
                "right": 0.54200774,
                "top": 0.51367044
            }
        }
    ]
}