{
    "created_at": "2018-09-06T14:46:53.828322",
    "file_name": "000000575314.jpg",
    "generator": "convert_to_region_cropper.py",
    "labels": [
        "position",
        "left_eye",
        "right_eye",
        "left_cheek",
        "right_cheek",
        "nose_base",
        "left_mouth",
        "right_mouth",
        "bottom_mouth"
    ],
    "regions": [
        {
            "label": 0,
            "probability": 0.999,
            "rect": {
                "bottom": 0.26953125,
                "left": 0.32421875,
                "right": 0.421875,
                "top": 0.1484375
            }
        },
        {
            "label": 1,
            "probability": 0.999,
            "rect": {
                "bottom": 0.21349475,
                "left": 0.39405125,
                "right": 0.39405125,
                "top": 0.21349475
            }
        },
        {
            "label": 3,
            "probability": 0.999,
            "rect": {
                "bottom": 0.23059325,
                "left": 0.35803482,
                "right": 0.35803482,
                "top": 0.23059325
            }
        },
        {
            "label": 4,
            "probability": 0.999,
            "rect": {
                "bottom": 0.23014516,
                "left": 0.39974397,
                "right": 0.39974397,
                "top": 0.23014516
            }
        }
    ]
}