{
    "created_at": "2018-09-06T14:46:18.330888",
    "file_name": "000000417444.jpg",
    "generator": "convert_to_region_cropper.py",
    "labels": [
        "position",
        "left_eye",
        "right_eye",
        "left_cheek",
        "right_cheek",
        "nose_base",
        "left_mouth",
        "right_mouth",
        "bottom_mouth"
    ],
    "regions": [
        {
            "label": 0,
            "probability": 0.999,
            "rect": {
                "bottom": 0.41015625,
                "left": 0.67578125,
                "right": 0.82421875,
                "top": 0.2265625
            }
        },
        {
            "label": 1,
            "probability": 0.999,
            "rect": {
                "bottom": 0.33051813,
                "left": 0.76071894,
                "right": 0.76071894,
                "top": 0.33051813
            }
        },
        {
            "label": 2,
            "probability": 0.999,
            "rect": {
                "bottom": 0.32786795,
                "left": 0.7292444,
                "right": 0.7292444,
                "top": 0.32786795
            }
        },
        {
            "label": 3,
            "probability": 0.999,
            "rect": {
                "bottom": 0.3314007,
                "left": 0.7025269,
                "right": 0.7025269,
                "top": 0.3314007
            }
        }
    ]
}