{
    "created_at": "2018-09-06T14:44:53.949330",
    "file_name": "000000050554.jpg",
    "generator": "convert_to_region_cropper.py",
    "labels": [
        "position",
        "left_eye",
        "right_eye",
        "left_cheek",
        "right_cheek",
        "nose_base",
        "left_mouth",
        "right_mouth",
        "bottom_mouth"
    ],
    "regions": [
        {
            "label": 0,
            "probability": 0.999,
            "rect": {
                "bottom": 0.75,
                "left": 0.26953125,
                "right": 0.80859375,
                "top": 0.07421875
            }
        },
        {
            "label": 1,
            "probability": 0.999,
            "rect": {
                "bottom": 0.43121466,
                "left": 0.6202519,
                "right": 0.6202519,
                "top": 0.43121466
            }
        },
        {
            "label": 4,
            "probability": 0.999,
            "rect": {
                "bottom": 0.518937,
                "left": 0.70435524,
                "right": 0.70435524,
                "top": 0.518937
            }
        },
        {
            "label": 6,
            "probability": 0.999,
            "rect": {
                "bottom": 0.5938334,
                "left": 0.5641185,
                "right": 0.5641185,
                "top": 0.5938334
            }
        }
    ]
}