{
    "created_at": "2018-09-06T14:45:19.950844",
    "file_name": "000000161296.jpg",
    "generator": "convert_to_region_cropper.py",
    "labels": [
        "position",
        "left_eye",
        "right_eye",
        "left_cheek",
        "right_cheek",
        "nose_base",
        "left_mouth",
        "right_mouth",
        "bottom_mouth"
    ],
    "regions": [
        {
            "label": 0,
            "probability": 0.999,
            "rect": {
                "bottom": 0.3203125,
                "left": 0.43359375,
                "right": 0.54296875,
                "top": 0.1875
            }
        },
        {
            "label": 1,
            "probability": 0.999,
            "rect": {
                "bottom": 0.2597535,
                "left": 0.5054306,
                "right": 0.5054306,
                "top": 0.2597535
            }
        },
        {
            "label": 4,
            "probability": 0.999,
            "rect": {
                "bottom": 0.26974392,
                "left": 0.5288783,
                "right": 0.5288783,
                "top": 0.26974392
            }
        },
        {
            "label": 6,
            "probability": 0.999,
            "rect": {
                "bottom": 0.2904058,
                "left": 0.50817555,
                "right": 0.50817555,
                "top": 0.2904058
            }
        }
    ]
}