{
    "created_at": "2018-09-06T14:45:14.605710",
    "file_name": "000000135947.jpg",
    "generator": "convert_to_region_cropper.py",
    "labels": [
        "position",
        "left_eye",
        "right_eye",
        "left_cheek",
        "right_cheek",
        "nose_base",
        "left_mouth",
        "right_mouth",
        "bottom_mouth"
    ],
    "regions": [
        {
            "label": 0,
            "probability": 0.999,
            "rect": {
                "bottom": 0.33984375,
                "left": 0.4140625,
                "right": 0.51171875,
                "top": 0.21484375
            }
        },
        {
            "label": 1,
            "probability": 0.999,
            "rect": {
                "bottom": 0.28129148,
                "left": 0.47577566,
                "right": 0.47577566,
                "top": 0.28129148
            }
        },
        {
            "label": 4,
            "probability": 0.999,
            "rect": {
                "bottom": 0.30076715,
                "left": 0.47430316,
                "right": 0.47430316,
                "top": 0.30076715
            }
        }
    ]
}