{
    "created_at": "2018-09-06T14:44:54.818015",
    "file_name": "000000053917.jpg",
    "generator": "convert_to_region_cropper.py",
    "labels": [
        "position",
        "left_eye",
        "right_eye",
        "left_cheek",
        "right_cheek",
        "nose_base",
        "left_mouth",
        "right_mouth",
        "bottom_mouth"
    ],
    "regions": [
        {
            "label": 0,
            "probability": 0.999,
            "rect": {
                "bottom": 0.42578125,
                "left": 0.09765625,
                "right": 0.33984375,
                "top": 0.12109375
            }
        },
        {
            "label": 2,
            "probability": 0.999,
            "rect": {
                "bottom": 0.29876494,
                "left": 0.19430405,
                "right": 0.19430405,
                "top": 0.29876494
            }
        },
        {
            "label": 8,
            "probability": 0.999,
            "rect": {
                "bottom": 0.40217775,
                "left": 0.19776973,
                "right": 0.19776973,
                "top": 0.40217775
            }
        }
    ]
}