{
    "created_at": "2018-09-06T14:46:38.189141",
    "file_name": "000000507088.jpg",
    "generator": "convert_to_region_cropper.py",
    "labels": [
        "position",
        "left_eye",
        "right_eye",
        "left_cheek",
        "right_cheek",
        "nose_base",
        "left_mouth",
        "right_mouth",
        "bottom_mouth"
    ],
    "regions": [
        {
            "label": 0,
            "probability": 0.999,
            "rect": {
                "bottom": 0.27734375,
                "left": 0.10546875,
                "right": 0.203125,
                "top": 0.15234375
            }
        },
        {
            "label": 3,
            "probability": 0.999,
            "rect": {
                "bottom": 0.23461016,
                "left": 0.12428175,
                "right": 0.12428175,
                "top": 0.23461016
            }
        },
        {
            "label": 7,
            "probability": 0.999,
            "rect": {
                "bottom": 0.25419116,
                "left": 0.14610155,
                "right": 0.14610155,
                "top": 0.25419116
            }
        }
    ]
}