{
    "created_at": "2018-09-06T14:44:58.837808",
    "file_name": "000000069973.jpg",
    "generator": "convert_to_region_cropper.py",
    "labels": [
        "position",
        "left_eye",
        "right_eye",
        "left_cheek",
        "right_cheek",
        "nose_base",
        "left_mouth",
        "right_mouth",
        "bottom_mouth"
    ],
    "regions": [
        {
            "label": 0,
            "probability": 0.999,
            "rect": {
                "bottom": 0.75,
                "left": 0.37109375,
                "right": 0.83203125,
                "top": 0.171875
            }
        },
        {
            "label": 1,
            "probability": 0.999,
            "rect": {
                "bottom": 0.48385677,
                "left": 0.659497,
                "right": 0.659497,
                "top": 0.48385677
            }
        },
        {
            "label": 4,
            "probability": 0.999,
            "rect": {
                "bottom": 0.5369475,
                "left": 0.7502219,
                "right": 0.7502219,
                "top": 0.5369475
            }
        },
        {
            "label": 6,
            "probability": 0.999,
            "rect": {
                "bottom": 0.6425321,
                "left": 0.64912367,
                "right": 0.64912367,
                "top": 0.6425321
            }
        }
    ]
}