{
    "created_at": "2018-09-06T14:46:44.311248",
    "file_name": "000000532720.jpg",
    "generator": "convert_to_region_cropper.py",
    "labels": [
        "position",
        "left_eye",
        "right_eye",
        "left_cheek",
        "right_cheek",
        "nose_base",
        "left_mouth",
        "right_mouth",
        "bottom_mouth"
    ],
    "regions": [
        {
            "label": 0,
            "probability": 0.999,
            "rect": {
                "bottom": 0.19921875,
                "left": 0.4375,
                "right": 0.53515625,
                "top": 0.07421875
            }
        },
        {
            "label": 1,
            "probability": 0.999,
            "rect": {
                "bottom": 0.13970812,
                "left": 0.5056186,
                "right": 0.5056186,
                "top": 0.13970812
            }
        },
        {
            "label": 4,
            "probability": 0.999,
            "rect": {
                "bottom": 0.15419309,
                "left": 0.52102697,
                "right": 0.52102697,
                "top": 0.15419309
            }
        }
    ]
}