{
    "created_at": "2018-09-06T14:45:16.065551",
    "file_name": "000000142652.jpg",
    "generator": "convert_to_region_cropper.py",
    "labels": [
        "position",
        "left_eye",
        "right_eye",
        "left_cheek",
        "right_cheek",
        "nose_base",
        "left_mouth",
        "right_mouth",
        "bottom_mouth"
    ],
    "regions": [
        {
            "label": 0,
            "probability": 0.999,
            "rect": {
                "bottom": 0.26171875,
                "left": 0.22265625,
                "right": 0.3203125,
                "top": 0.140625
            }
        },
        {
            "label": 1,
            "probability": 0.999,
            "rect": {
                "bottom": 0.20402363,
                "left": 0.28401268,
                "right": 0.28401268,
                "top": 0.20402363
            }
        },
        {
            "label": 2,
            "probability": 0.999,
            "rect": {
                "bottom": 0.20642829,
                "left": 0.25633448,
                "right": 0.25633448,
                "top": 0.20642829
            }
        }
    ]
}