{
    "created_at": "2018-09-06T14:45:28.649899",
    "file_name": "000000197914.jpg",
    "generator": "convert_to_region_cropper.py",
    "labels": [
        "position",
        "left_eye",
        "right_eye",
        "left_cheek",
        "right_cheek",
        "nose_base",
        "left_mouth",
        "right_mouth",
        "bottom_mouth"
    ],
    "regions": [
        {
            "label": 0,
            "probability": 0.999,
            "rect": {
                "bottom": 0.87890625,
                "left": 0.44921875,
                "right": 0.625,
                "top": 0.65625
            }
        },
        {
            "label": 1,
            "probability": 0.999,
            "rect": {
                "bottom": 0.7801468,
                "left": 0.5648567,
                "right": 0.5648567,
                "top": 0.7801468
            }
        },
        {
            "label": 2,
            "probability": 0.999,
            "rect": {
                "bottom": 0.7730139,
                "left": 0.5130854,
                "right": 0.5130854,
                "top": 0.7730139
            }
        },
        {
            "label": 3,
            "probability": 0.999,
            "rect": {
                "bottom": 0.8010126,
                "left": 0.51356834,
                "right": 0.51356834,
                "top": 0.8010126
            }
        }
    ]
}