{
    "created_at": "2018-09-06T14:45:26.795275",
    "file_name": "000000191019.jpg",
    "generator": "convert_to_region_cropper.py",
    "labels": [
        "position",
        "left_eye",
        "right_eye",
        "left_cheek",
        "right_cheek",
        "nose_base",
        "left_mouth",
        "right_mouth",
        "bottom_mouth"
    ],
    "regions": [
        {
            "label": 0,
            "probability": 0.999,
            "rect": {
                "bottom": 0.26953125,
                "left": 0.3984375,
                "right": 0.51953125,
                "top": 0.1171875
            }
        },
        {
            "label": 1,
            "probability": 0.999,
            "rect": {
                "bottom": 0.20441066,
                "left": 0.47232205,
                "right": 0.47232205,
                "top": 0.20441066
            }
        },
        {
            "label": 2,
            "probability": 0.999,
            "rect": {
                "bottom": 0.2038708,
                "left": 0.4399865,
                "right": 0.4399865,
                "top": 0.2038708
            }
        }
    ]
}