{
    "created_at": "2018-09-06T14:44:49.233670",
    "file_name": "000000030441.jpg",
    "generator": "convert_to_region_cropper.py",
    "labels": [
        "position",
        "left_eye",
        "right_eye",
        "left_cheek",
        "right_cheek",
        "nose_base",
        "left_mouth",
        "right_mouth",
        "bottom_mouth"
    ],
    "regions": [
        {
            "label": 0,
            "probability": 0.999,
            "rect": {
                "bottom": 0.17578125,
                "left": 0.484375,
                "right": 0.5859375,
                "top": 0.05078125
            }
        },
        {
            "label": 1,
            "probability": 0.999,
            "rect": {
                "bottom": 0.12073005,
                "left": 0.5536652,
                "right": 0.5536652,
                "top": 0.12073005
            }
        },
        {
            "label": 2,
            "probability": 0.999,
            "rect": {
                "bottom": 0.1177031,
                "left": 0.52828664,
                "right": 0.52828664,
                "top": 0.1177031
            }
        },
        {
            "label": 4,
            "probability": 0.999,
            "rect": {
                "bottom": 0.13518658,
                "left": 0.5661243,
                "right": 0.5661243,
                "top": 0.13518658
            }
        }
    ]
}