{
    "created_at": "2018-09-06T14:45:08.756384",
    "file_name": "000000112464.jpg",
    "generator": "convert_to_region_cropper.py",
    "labels": [
        "position",
        "left_eye",
        "right_eye",
        "left_cheek",
        "right_cheek",
        "nose_base",
        "left_mouth",
        "right_mouth",
        "bottom_mouth"
    ],
    "regions": [
        {
            "label": 0,
            "probability": 0.999,
            "rect": {
                "bottom": 0.6328125,
                "left": 0.453125,
                "right": 0.59765625,
                "top": 0.44921875
            }
        },
        {
            "label": 2,
            "probability": 0.999,
            "rect": {
                "bottom": 0.55278593,
                "left": 0.51415414,
                "right": 0.51415414,
                "top": 0.55278593
            }
        },
        {
            "label": 5,
            "probability": 0.999,
            "rect": {
                "bottom": 0.58406234,
                "left": 0.5231211,
                "right": 0.5231211,
                "top": 0.58406234
            }
        },
        {
            "label": 8,
            "probability": 0.999,
            "rect": {
                "bottom": 0.60936224,
                "left": 0.52443814,
                "right": 0.52443814,
                "top": 0.60936224
            }
        }
    ]
}