{
    "created_at": "2018-09-06T14:44:48.671833",
    "file_name": "000000027728.jpg",
    "generator": "convert_to_region_cropper.py",
    "labels": [
        "position",
        "left_eye",
        "right_eye",
        "left_cheek",
        "right_cheek",
        "nose_base",
        "left_mouth",
        "right_mouth",
        "bottom_mouth"
    ],
    "regions": [
        {
            "label": 0,
            "probability": 0.999,
            "rect": {
                "bottom": 0.3359375,
                "left": 0.69140625,
                "right": 0.78515625,
                "top": 0.22265625
            }
        },
        {
            "label": 2,
            "probability": 0.999,
            "rect": {
                "bottom": 0.2799916,
                "left": 0.7348302,
                "right": 0.7348302,
                "top": 0.2799916
            }
        },
        {
            "label": 3,
            "probability": 0.999,
            "rect": {
                "bottom": 0.30003858,
                "left": 0.7250892,
                "right": 0.7250892,
                "top": 0.30003858
            }
        },
        {
            "label": 7,
            "probability": 0.999,
            "rect": {
                "bottom": 0.31434944,
                "left": 0.72603136,
                "right": 0.72603136,
                "top": 0.31434944
            }
        }
    ]
}