{
    "created_at": "2018-09-06T14:45:37.128559",
    "file_name": "000000234995.jpg",
    "generator": "convert_to_region_cropper.py",
    "labels": [
        "position",
        "left_eye",
        "right_eye",
        "left_cheek",
        "right_cheek",
        "nose_base",
        "left_mouth",
        "right_mouth",
        "bottom_mouth"
    ],
    "regions": [
        {
            "label": 0,
            "probability": 0.999,
            "rect": {
                "bottom": 0.33203125,
                "left": 0.43359375,
                "right": 0.52734375,
                "top": 0.21484375
            }
        },
        {
            "label": 1,
            "probability": 0.999,
            "rect": {
                "bottom": 0.27484944,
                "left": 0.4961464,
                "right": 0.4961464,
                "top": 0.27484944
            }
        },
        {
            "label": 4,
            "probability": 0.999,
            "rect": {
                "bottom": 0.29687092,
                "left": 0.49629083,
                "right": 0.49629083,
                "top": 0.29687092
            }
        }
    ]
}