{
    "created_at": "2018-09-06T14:45:04.125978",
    "file_name": "000000093526.jpg",
    "generator": "convert_to_region_cropper.py",
    "labels": [
        "position",
        "left_eye",
        "right_eye",
        "left_cheek",
        "right_cheek",
        "nose_base",
        "left_mouth",
        "right_mouth",
        "bottom_mouth"
    ],
    "regions": [
        {
            "label": 0,
            "probability": 0.999,
            "rect": {
                "bottom": 0.42578125,
                "left": 0.3359375,
                "right": 0.6640625,
                "top": 0.01953125
            }
        },
        {
            "label": 1,
            "probability": 0.999,
            "rect": {
                "bottom": 0.23300284,
                "left": 0.5547856,
                "right": 0.5547856,
                "top": 0.23300284
            }
        },
        {
            "label": 2,
            "probability": 0.999,
            "rect": {
                "bottom": 0.24597234,
                "left": 0.4707057,
                "right": 0.4707057,
                "top": 0.24597234
            }
        }
    ]
}