{
    "created_at": "2018-09-06T14:45:21.432121",
    "file_name": "000000168063.jpg",
    "generator": "convert_to_region_cropper.py",
    "labels": [
        "position",
        "left_eye",
        "right_eye",
        "left_cheek",
        "right_cheek",
        "nose_base",
        "left_mouth",
        "right_mouth",
        "bottom_mouth"
    ],
    "regions": [
        {
            "label": 0,
            "probability": 0.999,
            "rect": {
                "bottom": 0.359375,
                "left": 0.3203125,
                "right": 0.56640625,
                "top": 0.05078125
            }
        },
        {
            "label": 2,
            "probability": 0.999,
            "rect": {
                "bottom": 0.21605918,
                "left": 0.4103594,
                "right": 0.4103594,
                "top": 0.21605918
            }
        },
        {
            "label": 3,
            "probability": 0.999,
            "rect": {
                "bottom": 0.2636186,
                "left": 0.35882518,
                "right": 0.35882518,
                "top": 0.2636186
            }
        },
        {
            "label": 7,
            "probability": 0.999,
            "rect": {
                "bottom": 0.2975511,
                "left": 0.40557936,
                "right": 0.40557936,
                "top": 0.2975511
            }
        }
    ]
}