{
    "created_at": "2018-09-06T14:45:39.033579",
    "file_name": "000000243587.jpg",
    "generator": "convert_to_region_cropper.py",
    "labels": [
        "position",
        "left_eye",
        "right_eye",
        "left_cheek",
        "right_cheek",
        "nose_base",
        "left_mouth",
        "right_mouth",
        "bottom_mouth"
    ],
    "regions": [
        {
            "label": 0,
            "probability": 0.999,
            "rect": {
                "bottom": 0.42578125,
                "left": 0.42578125,
                "right": 0.63671875,
                "top": 0.1640625
            }
        },
        {
            "label": 1,
            "probability": 0.999,
            "rect": {
                "bottom": 0.3101285,
                "left": 0.5689299,
                "right": 0.5689299,
                "top": 0.3101285
            }
        },
        {
            "label": 2,
            "probability": 0.999,
            "rect": {
                "bottom": 0.30930388,
                "left": 0.49076518,
                "right": 0.49076518,
                "top": 0.30930388
            }
        }
    ]
}