{
    "created_at": "2018-09-06T14:46:52.646956",
    "file_name": "000000570193.jpg",
    "generator": "convert_to_region_cropper.py",
    "labels": [
        "position",
        "left_eye",
        "right_eye",
        "left_cheek",
        "right_cheek",
        "nose_base",
        "left_mouth",
        "right_mouth",
        "bottom_mouth"
    ],
    "regions": [
        {
            "label": 0,
            "probability": 0.999,
            "rect": {
                "bottom": 0.27734375,
                "left": 0.0,
                "right": 0.07421875,
                "top": 0.1640625
            }
        },
        {
            "label": 1,
            "probability": 0.999,
            "rect": {
                "bottom": 0.22540812,
                "left": 0.043940637,
                "right": 0.043940637,
                "top": 0.22540812
            }
        },
        {
            "label": 4,
            "probability": 0.999,
            "rect": {
                "bottom": 0.23739177,
                "left": 0.04368301,
                "right": 0.04368301,
                "top": 0.23739177
            }
        },
        {
            "label": 7,
            "probability": 0.999,
            "rect": {
                "bottom": 0.26473552,
                "left": 0.016339261,
                "right": 0.016339261,
                "top": 0.26473552
            }
        }
    ]
}