{
    "created_at": "2018-09-06T14:46:21.663231",
    "file_name": "000000431438.jpg",
    "generator": "convert_to_region_cropper.py",
    "labels": [
        "position",
        "left_eye",
        "right_eye",
        "left_cheek",
        "right_cheek",
        "nose_base",
        "left_mouth",
        "right_mouth",
        "bottom_mouth"
    ],
    "regions": [
        {
            "label": 0,
            "probability": 0.999,
            "rect": {
                "bottom": 0.36328125,
                "left": 0.6171875,
                "right": 0.7265625,
                "top": 0.2265625
            }
        },
        {
            "label": 1,
            "probability": 0.999,
            "rect": {
                "bottom": 0.3002612,
                "left": 0.68028146,
                "right": 0.68028146,
                "top": 0.3002612
            }
        },
        {
            "label": 4,
            "probability": 0.999,
            "rect": {
                "bottom": 0.31571227,
                "left": 0.7049914,
                "right": 0.7049914,
                "top": 0.31571227
            }
        },
        {
            "label": 6,
            "probability": 0.999,
            "rect": {
                "bottom": 0.33578125,
                "left": 0.6833811,
                "right": 0.6833811,
                "top": 0.33578125
            }
        }
    ]
}