{
    "created_at": "2018-09-06T14:45:20.803771",
    "file_name": "000000164689.jpg",
    "generator": "convert_to_region_cropper.py",
    "labels": [
        "position",
        "left_eye",
        "right_eye",
        "left_cheek",
        "right_cheek",
        "nose_base",
        "left_mouth",
        "right_mouth",
        "bottom_mouth"
    ],
    "regions": [
        {
            "label": 0,
            "probability": 0.999,
            "rect": {
                "bottom": 0.31640625,
                "left": 0.15625,
                "right": 0.28515625,
                "top": 0.15234375
            }
        },
        {
            "label": 2,
            "probability": 0.999,
            "rect": {
                "bottom": 0.23892052,
                "left": 0.20356609,
                "right": 0.20356609,
                "top": 0.23892052
            }
        },
        {
            "label": 3,
            "probability": 0.999,
            "rect": {
                "bottom": 0.26083517,
                "left": 0.1852854,
                "right": 0.1852854,
                "top": 0.26083517
            }
        }
    ]
}