{
    "created_at": "2018-09-06T14:46:34.833589",
    "file_name": "000000491511.jpg",
    "generator": "convert_to_region_cropper.py",
    "labels": [
        "position",
        "left_eye",
        "right_eye",
        "left_cheek",
        "right_cheek",
        "nose_base",
        "left_mouth",
        "right_mouth",
        "bottom_mouth"
    ],
    "regions": [
        {
            "label": 0,
            "probability": 0.999,
            "rect": {
                "bottom": 0.45703125,
                "left": 0.7265625,
                "right": 0.83203125,
                "top": 0.3203125
            }
        },
        {
            "label": 1,
            "probability": 0.999,
            "rect": {
                "bottom": 0.39561528,
                "left": 0.79996145,
                "right": 0.79996145,
                "top": 0.39561528
            }
        },
        {
            "label": 2,
            "probability": 0.999,
            "rect": {
                "bottom": 0.39903387,
                "left": 0.76985323,
                "right": 0.76985323,
                "top": 0.39903387
            }
        },
        {
            "label": 4,
            "probability": 0.999,
            "rect": {
                "bottom": 0.40453193,
                "left": 0.8170082,
                "right": 0.8170082,
                "top": 0.40453193
            }
        }
    ]
}