{
    "created_at": "2018-09-06T14:45:55.756577",
    "file_name": "000000318784.jpg",
    "generator": "convert_to_region_cropper.py",
    "labels": [
        "position",
        "left_eye",
        "right_eye",
        "left_cheek",
        "right_cheek",
        "nose_base",
        "left_mouth",
        "right_mouth",
        "bottom_mouth"
    ],
    "regions": [
        {
            "label": 0,
            "probability": 0.999,
            "rect": {
                "bottom": 0.37109375,
                "left": 0.3125,
                "right": 0.49609375,
                "top": 0.14453125
            }
        },
        {
            "label": 1,
            "probability": 0.999,
            "rect": {
                "bottom": 0.25920543,
                "left": 0.4321142,
                "right": 0.4321142,
                "top": 0.25920543
            }
        },
        {
            "label": 4,
            "probability": 0.999,
            "rect": {
                "bottom": 0.27624613,
                "left": 0.46638405,
                "right": 0.46638405,
                "top": 0.27624613
            }
        }
    ]
}