{
    "created_at": "2018-09-06T14:45:11.297992",
    "file_name": "000000122744.jpg",
    "generator": "convert_to_region_cropper.py",
    "labels": [
        "position",
        "left_eye",
        "right_eye",
        "left_cheek",
        "right_cheek",
        "nose_base",
        "left_mouth",
        "right_mouth",
        "bottom_mouth"
    ],
    "regions": [
        {
            "label": 0,
            "probability": 0.999,
            "rect": {
                "bottom": 0.65625,
                "left": 0.3203125,
                "right": 0.703125,
                "top": 0.1796875
            }
        },
        {
            "label": 1,
            "probability": 0.999,
            "rect": {
                "bottom": 0.45124105,
                "left": 0.58028287,
                "right": 0.58028287,
                "top": 0.45124105
            }
        },
        {
            "label": 2,
            "probability": 0.999,
            "rect": {
                "bottom": 0.4541246,
                "left": 0.48183912,
                "right": 0.48183912,
                "top": 0.4541246
            }
        },
        {
            "label": 5,
            "probability": 0.999,
            "rect": {
                "bottom": 0.52926177,
                "left": 0.50684494,
                "right": 0.50684494,
                "top": 0.52926177
            }
        }
    ]
}