{
    "created_at": "2018-09-06T14:45:22.069041",
    "file_name": "000000171052.jpg",
    "generator": "convert_to_region_cropper.py",
    "labels": [
        "position",
        "left_eye",
        "right_eye",
        "left_cheek",
        "right_cheek",
        "nose_base",
        "left_mouth",
        "right_mouth",
        "bottom_mouth"
    ],
    "regions": [
        {
            "label": 0,
            "probability": 0.999,
            "rect": {
                "bottom": 0.2109375,
                "left": 0.41796875,
                "right": 0.5390625,
                "top": 0.05859375
            }
        },
        {
            "label": 1,
            "probability": 0.999,
            "rect": {
                "bottom": 0.14127469,
                "left": 0.48653072,
                "right": 0.48653072,
                "top": 0.14127469
            }
        },
        {
            "label": 4,
            "probability": 0.999,
            "rect": {
                "bottom": 0.14974771,
                "left": 0.51482236,
                "right": 0.51482236,
                "top": 0.14974771
            }
        },
        {
            "label": 6,
            "probability": 0.999,
            "rect": {
                "bottom": 0.17301118,
                "left": 0.49552464,
                "right": 0.49552464,
                "top": 0.17301118
            }
        }
    ]
}