{
    "created_at": "2018-09-06T14:45:53.463798",
    "file_name": "000000308409.jpg",
    "generator": "convert_to_region_cropper.py",
    "labels": [
        "position",
        "left_eye",
        "right_eye",
        "left_cheek",
        "right_cheek",
        "nose_base",
        "left_mouth",
        "right_mouth",
        "bottom_mouth"
    ],
    "regions": [
        {
            "label": 0,
            "probability": 0.999,
            "rect": {
                "bottom": 0.30859375,
                "left": 0.46875,
                "right": 0.57421875,
                "top": 0.17578125
            }
        },
        {
            "label": 1,
            "probability": 0.999,
            "rect": {
                "bottom": 0.2422935,
                "left": 0.53926265,
                "right": 0.53926265,
                "top": 0.2422935
            }
        },
        {
            "label": 4,
            "probability": 0.999,
            "rect": {
                "bottom": 0.25801262,
                "left": 0.55561703,
                "right": 0.55561703,
                "top": 0.25801262
            }
        },
        {
            "label": 8,
            "probability": 0.999,
            "rect": {
                "bottom": 0.2710443,
                "left": 0.52257925,
                "right": 0.52257925,
                "top": 0.2710443
            }
        }
    ]
}