{
    "created_at": "2018-09-06T14:46:23.557659",
    "file_name": "000000440078.jpg",
    "generator": "convert_to_region_cropper.py",
    "labels": [
        "position",
        "left_eye",
        "right_eye",
        "left_cheek",
        "right_cheek",
        "nose_base",
        "left_mouth",
        "right_mouth",
        "bottom_mouth"
    ],
    "regions": [
        {
            "label": 0,
            "probability": 0.999,
            "rect": {
                "bottom": 0.328125,
                "left": 0.3828125,
                "right": 0.58984375,
                "top": 0.0703125
            }
        },
        {
            "label": 1,
            "probability": 0.999,
            "rect": {
                "bottom": 0.20834087,
                "left": 0.5195599,
                "right": 0.5195599,
                "top": 0.20834087
            }
        },
        {
            "label": 2,
            "probability": 0.999,
            "rect": {
                "bottom": 0.21168868,
                "left": 0.46716556,
                "right": 0.46716556,
                "top": 0.21168868
            }
        },
        {
            "label": 5,
            "probability": 0.999,
            "rect": {
                "bottom": 0.25514448,
                "left": 0.4819897,
                "right": 0.4819897,
                "top": 0.25514448
            }
        }
    ]
}