{
    "created_at": "2018-09-06T14:45:31.499395",
    "file_name": "000000210619.jpg",
    "generator": "convert_to_region_cropper.py",
    "labels": [
        "position",
        "left_eye",
        "right_eye",
        "left_cheek",
        "right_cheek",
        "nose_base",
        "left_mouth",
        "right_mouth",
        "bottom_mouth"
    ],
    "regions": [
        {
            "label": 0,
            "probability": 0.999,
            "rect": {
                "bottom": 0.375,
                "left": 0.56640625,
                "right": 0.6953125,
                "top": 0.2109375
            }
        },
        {
            "label": 1,
            "probability": 0.999,
            "rect": {
                "bottom": 0.30065224,
                "left": 0.6475163,
                "right": 0.6475163,
                "top": 0.30065224
            }
        },
        {
            "label": 2,
            "probability": 0.999,
            "rect": {
                "bottom": 0.29858917,
                "left": 0.6153708,
                "right": 0.6153708,
                "top": 0.29858917
            }
        },
        {
            "label": 3,
            "probability": 0.999,
            "rect": {
                "bottom": 0.308625,
                "left": 0.59804636,
                "right": 0.59804636,
                "top": 0.308625
            }
        }
    ]
}