{
    "created_at": "2018-09-06T14:45:51.744554",
    "file_name": "000000300860.jpg",
    "generator": "convert_to_region_cropper.py",
    "labels": [
        "position",
        "left_eye",
        "right_eye",
        "left_cheek",
        "right_cheek",
        "nose_base",
        "left_mouth",
        "right_mouth",
        "bottom_mouth"
    ],
    "regions": [
        {
            "label": 0,
            "probability": 0.999,
            "rect": {
                "bottom": 0.65234375,
                "left": 0.52734375,
                "right": 0.68359375,
                "top": 0.45703125
            }
        },
        {
            "label": 1,
            "probability": 0.999,
            "rect": {
                "bottom": 0.5661124,
                "left": 0.6364753,
                "right": 0.6364753,
                "top": 0.5661124
            }
        },
        {
            "label": 4,
            "probability": 0.999,
            "rect": {
                "bottom": 0.6016374,
                "left": 0.6597124,
                "right": 0.6597124,
                "top": 0.6016374
            }
        },
        {
            "label": 6,
            "probability": 0.999,
            "rect": {
                "bottom": 0.59772986,
                "left": 0.60751927,
                "right": 0.60751927,
                "top": 0.59772986
            }
        }
    ]
}