{
    "created_at": "2018-09-06T14:45:29.974804",
    "file_name": "000000203242.jpg",
    "generator": "convert_to_region_cropper.py",
    "labels": [
        "position",
        "left_eye",
        "right_eye",
        "left_cheek",
        "right_cheek",
        "nose_base",
        "left_mouth",
        "right_mouth",
        "bottom_mouth"
    ],
    "regions": [
        {
            "label": 0,
            "probability": 0.999,
            "rect": {
                "bottom": 0.48828125,
                "left": 0.19921875,
                "right": 0.3046875,
                "top": 0.35546875
            }
        },
        {
            "label": 1,
            "probability": 0.999,
            "rect": {
                "bottom": 0.4279601,
                "left": 0.26468015,
                "right": 0.26468015,
                "top": 0.4279601
            }
        },
        {
            "label": 2,
            "probability": 0.999,
            "rect": {
                "bottom": 0.42910632,
                "left": 0.23567225,
                "right": 0.23567225,
                "top": 0.42910632
            }
        },
        {
            "label": 3,
            "probability": 0.999,
            "rect": {
                "bottom": 0.4368956,
                "left": 0.21547787,
                "right": 0.21547787,
                "top": 0.4368956
            }
        }
    ]
}