{
    "created_at": "2018-09-06T14:45:51.469829",
    "file_name": "000000299685.jpg",
    "generator": "convert_to_region_cropper.py",
    "labels": [
        "position",
        "left_eye",
        "right_eye",
        "left_cheek",
        "right_cheek",
        "nose_base",
        "left_mouth",
        "right_mouth",
        "bottom_mouth"
    ],
    "regions": [
        {
            "label": 0,
            "probability": 0.999,
            "rect": {
                "bottom": 0.6171875,
                "left": 0.453125,
                "right": 0.62890625,
                "top": 0.3984375
            }
        },
        {
            "label": 1,
            "probability": 0.999,
            "rect": {
                "bottom": 0.51814324,
                "left": 0.5686836,
                "right": 0.5686836,
                "top": 0.51814324
            }
        },
        {
            "label": 4,
            "probability": 0.999,
            "rect": {
                "bottom": 0.5465347,
                "left": 0.6055817,
                "right": 0.6055817,
                "top": 0.5465347
            }
        },
        {
            "label": 6,
            "probability": 0.999,
            "rect": {
                "bottom": 0.5802902,
                "left": 0.5505561,
                "right": 0.5505561,
                "top": 0.5802902
            }
        }
    ]
}