{
    "created_at": "2018-09-06T14:44:56.630761",
    "file_name": "000000061325.jpg",
    "generator": "convert_to_region_cropper.py",
    "labels": [
        "position",
        "left_eye",
        "right_eye",
        "left_cheek",
        "right_cheek",
        "nose_base",
        "left_mouth",
        "right_mouth",
        "bottom_mouth"
    ],
    "regions": [
        {
            "label": 0,
            "probability": 0.999,
            "rect": {
                "bottom": 0.4375,
                "left": 0.5390625,
                "right": 0.6796875,
                "top": 0.26171875
            }
        },
        {
            "label": 2,
            "probability": 0.999,
            "rect": {
                "bottom": 0.35509792,
                "left": 0.58954823,
                "right": 0.58954823,
                "top": 0.35509792
            }
        },
        {
            "label": 3,
            "probability": 0.999,
            "rect": {
                "bottom": 0.36819285,
                "left": 0.56813705,
                "right": 0.56813705,
                "top": 0.36819285
            }
        },
        {
            "label": 5,
            "probability": 0.999,
            "rect": {
                "bottom": 0.3933895,
                "left": 0.614824,
                "right": 0.614824,
                "top": 0.3933895
            }
        }
    ]
}