{
    "created_at": "2018-09-06T14:46:22.523753",
    "file_name": "000000435490.jpg",
    "generator": "convert_to_region_cropper.py",
    "labels": [
        "position",
        "left_eye",
        "right_eye",
        "left_cheek",
        "right_cheek",
        "nose_base",
        "left_mouth",
        "right_mouth",
        "bottom_mouth"
    ],
    "regions": [
        {
            "label": 0,
            "probability": 0.999,
            "rect": {
                "bottom": 0.4765625,
                "left": 0.296875,
                "right": 0.60546875,
                "top": 0.09375
            }
        },
        {
            "label": 1,
            "probability": 0.999,
            "rect": {
                "bottom": 0.29438788,
                "left": 0.4801663,
                "right": 0.4801663,
                "top": 0.29438788
            }
        },
        {
            "label": 2,
            "probability": 0.999,
            "rect": {
                "bottom": 0.30755013,
                "left": 0.42910045,
                "right": 0.42910045,
                "top": 0.30755013
            }
        },
        {
            "label": 3,
            "probability": 0.999,
            "rect": {
                "bottom": 0.357466,
                "left": 0.36763743,
                "right": 0.36763743,
                "top": 0.357466
            }
        }
    ]
}