{
    "created_at": "2018-09-06T14:45:51.603689",
    "file_name": "000000300062.jpg",
    "generator": "convert_to_region_cropper.py",
    "labels": [
        "position",
        "left_eye",
        "right_eye",
        "left_cheek",
        "right_cheek",
        "nose_base",
        "left_mouth",
        "right_mouth",
        "bottom_mouth"
    ],
    "regions": [
        {
            "label": 0,
            "probability": 0.999,
            "rect": {
                "bottom": 0.64453125,
                "left": 0.51953125,
                "right": 0.6171875,
                "top": 0.51953125
            }
        },
        {
            "label": 0,
            "probability": 0.999,
            "rect": {
                "bottom": 0.34375,
                "left": 0.48046875,
                "right": 0.5703125,
                "top": 0.2265625
            }
        },
        {
            "label": 2,
            "probability": 0.999,
            "rect": {
                "bottom": 0.28934935,
                "left": 0.5152362,
                "right": 0.5152362,
                "top": 0.28934935
            }
        },
        {
            "label": 8,
            "probability": 0.999,
            "rect": {
                "bottom": 0.304948,
                "left": 0.5308876,
                "right": 0.5308876,
                "top": 0.304948
            }
        }
    ]
}