{
    "created_at": "2018-09-06T14:46:42.019477",
    "file_name": "000000523019.jpg",
    "generator": "convert_to_region_cropper.py",
    "labels": [
        "position",
        "left_eye",
        "right_eye",
        "left_cheek",
        "right_cheek",
        "nose_base",
        "left_mouth",
        "right_mouth",
        "bottom_mouth"
    ],
    "regions": [
        {
            "label": 0,
            "probability": 0.999,
            "rect": {
                "bottom": 0.71484375,
                "left": 0.71875,
                "right": 0.8203125,
                "top": 0.58984375
            }
        },
        {
            "label": 1,
            "probability": 0.999,
            "rect": {
                "bottom": 0.6598114,
                "left": 0.7876202,
                "right": 0.7876202,
                "top": 0.6598114
            }
        },
        {
            "label": 4,
            "probability": 0.999,
            "rect": {
                "bottom": 0.6708905,
                "left": 0.796316,
                "right": 0.796316,
                "top": 0.6708905
            }
        },
        {
            "label": 5,
            "probability": 0.999,
            "rect": {
                "bottom": 0.6804931,
                "left": 0.7735533,
                "right": 0.7735533,
                "top": 0.6804931
            }
        }
    ]
}