{
    "created_at": "2018-09-06T14:45:16.387883",
    "file_name": "000000144731.jpg",
    "generator": "convert_to_region_cropper.py",
    "labels": [
        "position",
        "left_eye",
        "right_eye",
        "left_cheek",
        "right_cheek",
        "nose_base",
        "left_mouth",
        "right_mouth",
        "bottom_mouth"
    ],
    "regions": [
        {
            "label": 0,
            "probability": 0.999,
            "rect": {
                "bottom": 0.3359375,
                "left": 0.45703125,
                "right": 0.55859375,
                "top": 0.2109375
            }
        },
        {
            "label": 3,
            "probability": 0.999,
            "rect": {
                "bottom": 0.3031922,
                "left": 0.48557052,
                "right": 0.48557052,
                "top": 0.3031922
            }
        },
        {
            "label": 7,
            "probability": 0.999,
            "rect": {
                "bottom": 0.31288737,
                "left": 0.5075899,
                "right": 0.5075899,
                "top": 0.31288737
            }
        }
    ]
}