{
    "created_at": "2018-09-06T14:46:50.051881",
    "file_name": "000000558621.jpg",
    "generator": "convert_to_region_cropper.py",
    "labels": [
        "position",
        "left_eye",
        "right_eye",
        "left_cheek",
        "right_cheek",
        "nose_base",
        "left_mouth",
        "right_mouth",
        "bottom_mouth"
    ],
    "regions": [
        {
            "label": 0,
            "probability": 0.999,
            "rect": {
                "bottom": 0.203125,
                "left": 0.3125,
                "right": 0.4453125,
                "top": 0.03515625
            }
        },
        {
            "label": 1,
            "probability": 0.999,
            "rect": {
                "bottom": 0.12434623,
                "left": 0.40060446,
                "right": 0.40060446,
                "top": 0.12434623
            }
        },
        {
            "label": 6,
            "probability": 0.999,
            "rect": {
                "bottom": 0.16422965,
                "left": 0.3972415,
                "right": 0.3972415,
                "top": 0.16422965
            }
        },
        {
            "label": 8,
            "probability": 0.999,
            "rect": {
                "bottom": 0.19075248,
                "left": 0.38497943,
                "right": 0.38497943,
                "top": 0.19075248
            }
        }
    ]
}