{
    "created_at": "2018-09-06T14:46:26.503366",
    "file_name": "000000453170.jpg",
    "generator": "convert_to_region_cropper.py",
    "labels": [
        "position",
        "left_eye",
        "right_eye",
        "left_cheek",
        "right_cheek",
        "nose_base",
        "left_mouth",
        "right_mouth",
        "bottom_mouth"
    ],
    "regions": [
        {
            "label": 0,
            "probability": 0.999,
            "rect": {
                "bottom": 0.328125,
                "left": 0.484375,
                "right": 0.59375,
                "top": 0.19140625
            }
        },
        {
            "label": 2,
            "probability": 0.999,
            "rect": {
                "bottom": 0.26501304,
                "left": 0.52278394,
                "right": 0.52278394,
                "top": 0.26501304
            }
        },
        {
            "label": 3,
            "probability": 0.999,
            "rect": {
                "bottom": 0.27857336,
                "left": 0.50624996,
                "right": 0.50624996,
                "top": 0.27857336
            }
        },
        {
            "label": 7,
            "probability": 0.999,
            "rect": {
                "bottom": 0.303056,
                "left": 0.5271819,
                "right": 0.5271819,
                "top": 0.303056
            }
        }
    ]
}