{
    "created_at": "2018-09-06T14:45:48.363565",
    "file_name": "000000285849.jpg",
    "generator": "convert_to_region_cropper.py",
    "labels": [
        "position",
        "left_eye",
        "right_eye",
        "left_cheek",
        "right_cheek",
        "nose_base",
        "left_mouth",
        "right_mouth",
        "bottom_mouth"
    ],
    "regions": [
        {
            "label": 0,
            "probability": 0.999,
            "rect": {
                "bottom": 0.2109375,
                "left": 0.55859375,
                "right": 0.6953125,
                "top": 0.04296875
            }
        },
        {
            "label": 1,
            "probability": 0.999,
            "rect": {
                "bottom": 0.13507828,
                "left": 0.6443883,
                "right": 0.6443883,
                "top": 0.13507828
            }
        },
        {
            "label": 4,
            "probability": 0.999,
            "rect": {
                "bottom": 0.15055642,
                "left": 0.67972356,
                "right": 0.67972356,
                "top": 0.15055642
            }
        }
    ]
}