{
    "created_at": "2018-09-06T14:45:33.546887",
    "file_name": "000000219284.jpg",
    "generator": "convert_to_region_cropper.py",
    "labels": [
        "position",
        "left_eye",
        "right_eye",
        "left_cheek",
        "right_cheek",
        "nose_base",
        "left_mouth",
        "right_mouth",
        "bottom_mouth"
    ],
    "regions": [
        {
            "label": 0,
            "probability": 0.999,
            "rect": {
                "bottom": 0.296875,
                "left": 0.4453125,
                "right": 0.5703125,
                "top": 0.140625
            }
        },
        {
            "label": 1,
            "probability": 0.999,
            "rect": {
                "bottom": 0.22731885,
                "left": 0.53197324,
                "right": 0.53197324,
                "top": 0.22731885
            }
        },
        {
            "label": 2,
            "probability": 0.999,
            "rect": {
                "bottom": 0.22718483,
                "left": 0.50036204,
                "right": 0.50036204,
                "top": 0.22718483
            }
        },
        {
            "label": 8,
            "probability": 0.999,
            "rect": {
                "bottom": 0.28534138,
                "left": 0.5142393,
                "right": 0.5142393,
                "top": 0.28534138
            }
        }
    ]
}