{
    "created_at": "2018-09-06T14:46:34.692201",
    "file_name": "000000490891.jpg",
    "generator": "convert_to_region_cropper.py",
    "labels": [
        "position",
        "left_eye",
        "right_eye",
        "left_cheek",
        "right_cheek",
        "nose_base",
        "left_mouth",
        "right_mouth",
        "bottom_mouth"
    ],
    "regions": [
        {
            "label": 0,
            "probability": 0.999,
            "rect": {
                "bottom": 0.3984375,
                "left": 0.5625,
                "right": 0.65625,
                "top": 0.27734375
            }
        },
        {
            "label": 1,
            "probability": 0.999,
            "rect": {
                "bottom": 0.3428662,
                "left": 0.6266954,
                "right": 0.6266954,
                "top": 0.3428662
            }
        },
        {
            "label": 2,
            "probability": 0.999,
            "rect": {
                "bottom": 0.34187803,
                "left": 0.59518516,
                "right": 0.59518516,
                "top": 0.34187803
            }
        },
        {
            "label": 3,
            "probability": 0.999,
            "rect": {
                "bottom": 0.3584912,
                "left": 0.594101,
                "right": 0.594101,
                "top": 0.3584912
            }
        }
    ]
}