{
    "created_at": "2018-09-06T14:46:06.585047",
    "file_name": "000000364875.jpg",
    "generator": "convert_to_region_cropper.py",
    "labels": [
        "position",
        "left_eye",
        "right_eye",
        "left_cheek",
        "right_cheek",
        "nose_base",
        "left_mouth",
        "right_mouth",
        "bottom_mouth"
    ],
    "regions": [
        {
            "label": 0,
            "probability": 0.999,
            "rect": {
                "bottom": 0.32421875,
                "left": 0.171875,
                "right": 0.296875,
                "top": 0.16796875
            }
        },
        {
            "label": 2,
            "probability": 0.999,
            "rect": {
                "bottom": 0.2531398,
                "left": 0.22668844,
                "right": 0.22668844,
                "top": 0.2531398
            }
        },
        {
            "label": 3,
            "probability": 0.999,
            "rect": {
                "bottom": 0.26407516,
                "left": 0.20129563,
                "right": 0.20129563,
                "top": 0.26407516
            }
        },
        {
            "label": 5,
            "probability": 0.999,
            "rect": {
                "bottom": 0.27989528,
                "left": 0.23417878,
                "right": 0.23417878,
                "top": 0.27989528
            }
        }
    ]
}