{
    "created_at": "2018-09-06T14:45:54.969853",
    "file_name": "000000315465.jpg",
    "generator": "convert_to_region_cropper.py",
    "labels": [
        "position",
        "left_eye",
        "right_eye",
        "left_cheek",
        "right_cheek",
        "nose_base",
        "left_mouth",
        "right_mouth",
        "bottom_mouth"
    ],
    "regions": [
        {
            "label": 0,
            "probability": 0.999,
            "rect": {
                "bottom": 0.421875,
                "left": 0.70703125,
                "right": 0.8359375,
                "top": 0.26171875
            }
        },
        {
            "label": 1,
            "probability": 0.999,
            "rect": {
                "bottom": 0.3625281,
                "left": 0.76712227,
                "right": 0.76712227,
                "top": 0.3625281
            }
        },
        {
            "label": 4,
            "probability": 0.999,
            "rect": {
                "bottom": 0.3568549,
                "left": 0.79502404,
                "right": 0.79502404,
                "top": 0.3568549
            }
        },
        {
            "label": 6,
            "probability": 0.999,
            "rect": {
                "bottom": 0.39441583,
                "left": 0.7732027,
                "right": 0.7732027,
                "top": 0.39441583
            }
        }
    ]
}