{
    "created_at": "2018-09-06T14:45:29.451490",
    "file_name": "000000201051.jpg",
    "generator": "convert_to_region_cropper.py",
    "labels": [
        "position",
        "left_eye",
        "right_eye",
        "left_cheek",
        "right_cheek",
        "nose_base",
        "left_mouth",
        "right_mouth",
        "bottom_mouth"
    ],
    "regions": [
        {
            "label": 0,
            "probability": 0.999,
            "rect": {
                "bottom": 0.54296875,
                "left": 0.07421875,
                "right": 0.265625,
                "top": 0.3046875
            }
        },
        {
            "label": 2,
            "probability": 0.999,
            "rect": {
                "bottom": 0.4511227,
                "left": 0.14048375,
                "right": 0.14048375,
                "top": 0.4511227
            }
        },
        {
            "label": 3,
            "probability": 0.999,
            "rect": {
                "bottom": 0.48799387,
                "left": 0.14270808,
                "right": 0.14270808,
                "top": 0.48799387
            }
        }
    ]
}