{
    "created_at": "2018-09-06T14:45:39.376204",
    "file_name": "000000244883.jpg",
    "generator": "convert_to_region_cropper.py",
    "labels": [
        "position",
        "left_eye",
        "right_eye",
        "left_cheek",
        "right_cheek",
        "nose_base",
        "left_mouth",
        "right_mouth",
        "bottom_mouth"
    ],
    "regions": [
        {
            "label": 0,
            "probability": 0.999,
            "rect": {
                "bottom": 0.421875,
                "left": 0.5625,
                "right": 0.66796875,
                "top": 0.2890625
            }
        },
        {
            "label": 2,
            "probability": 0.999,
            "rect": {
                "bottom": 0.358826,
                "left": 0.60499877,
                "right": 0.60499877,
                "top": 0.358826
            }
        },
        {
            "label": 3,
            "probability": 0.999,
            "rect": {
                "bottom": 0.37202713,
                "left": 0.58701634,
                "right": 0.58701634,
                "top": 0.37202713
            }
        },
        {
            "label": 7,
            "probability": 0.999,
            "rect": {
                "bottom": 0.3943015,
                "left": 0.60527,
                "right": 0.60527,
                "top": 0.3943015
            }
        }
    ]
}