{
    "created_at": "2018-09-06T14:45:07.328078",
    "file_name": "000000106686.jpg",
    "generator": "convert_to_region_cropper.py",
    "labels": [
        "position",
        "left_eye",
        "right_eye",
        "left_cheek",
        "right_cheek",
        "nose_base",
        "left_mouth",
        "right_mouth",
        "bottom_mouth"
    ],
    "regions": [
        {
            "label": 0,
            "probability": 0.999,
            "rect": {
                "bottom": 0.36328125,
                "left": 0.08984375,
                "right": 0.24609375,
                "top": 0.171875
            }
        },
        {
            "label": 2,
            "probability": 0.999,
            "rect": {
                "bottom": 0.27708474,
                "left": 0.14577635,
                "right": 0.14577635,
                "top": 0.27708474
            }
        },
        {
            "label": 3,
            "probability": 0.999,
            "rect": {
                "bottom": 0.30085257,
                "left": 0.12367763,
                "right": 0.12367763,
                "top": 0.30085257
            }
        },
        {
            "label": 7,
            "probability": 0.999,
            "rect": {
                "bottom": 0.32345694,
                "left": 0.15690255,
                "right": 0.15690255,
                "top": 0.32345694
            }
        }
    ]
}