{
    "created_at": "2018-09-06T14:45:05.067601",
    "file_name": "000000097167.jpg",
    "generator": "convert_to_region_cropper.py",
    "labels": [
        "position",
        "left_eye",
        "right_eye",
        "left_cheek",
        "right_cheek",
        "nose_base",
        "left_mouth",
        "right_mouth",
        "bottom_mouth"
    ],
    "regions": [
        {
            "label": 0,
            "probability": 0.999,
            "rect": {
                "bottom": 0.59375,
                "left": 0.484375,
                "right": 0.62109375,
                "top": 0.42578125
            }
        },
        {
            "label": 2,
            "probability": 0.999,
            "rect": {
                "bottom": 0.5166751,
                "left": 0.53528434,
                "right": 0.53528434,
                "top": 0.5166751
            }
        },
        {
            "label": 5,
            "probability": 0.999,
            "rect": {
                "bottom": 0.54606795,
                "left": 0.5418594,
                "right": 0.5418594,
                "top": 0.54606795
            }
        },
        {
            "label": 8,
            "probability": 0.999,
            "rect": {
                "bottom": 0.5626885,
                "left": 0.54486626,
                "right": 0.54486626,
                "top": 0.5626885
            }
        }
    ]
}