{
    "created_at": "2018-09-06T14:45:16.273184",
    "file_name": "000000144076.jpg",
    "generator": "convert_to_region_cropper.py",
    "labels": [
        "position",
        "left_eye",
        "right_eye",
        "left_cheek",
        "right_cheek",
        "nose_base",
        "left_mouth",
        "right_mouth",
        "bottom_mouth"
    ],
    "regions": [
        {
            "label": 0,
            "probability": 0.999,
            "rect": {
                "bottom": 0.32421875,
                "left": 0.671875,
                "right": 0.8125,
                "top": 0.15234375
            }
        },
        {
            "label": 1,
            "probability": 0.999,
            "rect": {
                "bottom": 0.24695605,
                "left": 0.76175064,
                "right": 0.76175064,
                "top": 0.24695605
            }
        },
        {
            "label": 2,
            "probability": 0.999,
            "rect": {
                "bottom": 0.24821146,
                "left": 0.7253915,
                "right": 0.7253915,
                "top": 0.24821146
            }
        },
        {
            "label": 5,
            "probability": 0.999,
            "rect": {
                "bottom": 0.2891912,
                "left": 0.74345165,
                "right": 0.74345165,
                "top": 0.2891912
            }
        }
    ]
}