{
    "created_at": "2018-09-06T14:45:45.835440",
    "file_name": "000000275331.jpg",
    "generator": "convert_to_region_cropper.py",
    "labels": [
        "position",
        "left_eye",
        "right_eye",
        "left_cheek",
        "right_cheek",
        "nose_base",
        "left_mouth",
        "right_mouth",
        "bottom_mouth"
    ],
    "regions": [
        {
            "label": 0,
            "probability": 0.999,
            "rect": {
                "bottom": 0.41015625,
                "left": 0.0,
                "right": 0.0703125,
                "top": 0.28515625
            }
        },
        {
            "label": 1,
            "probability": 0.999,
            "rect": {
                "bottom": 0.3524599,
                "left": 0.040585138,
                "right": 0.040585138,
                "top": 0.3524599
            }
        },
        {
            "label": 2,
            "probability": 0.999,
            "rect": {
                "bottom": 0.36102682,
                "left": 0.011027965,
                "right": 0.011027965,
                "top": 0.36102682
            }
        }
    ]
}