{
    "created_at": "2018-09-06T14:45:16.722603",
    "file_name": "000000146408.jpg",
    "generator": "convert_to_region_cropper.py",
    "labels": [
        "position",
        "left_eye",
        "right_eye",
        "left_cheek",
        "right_cheek",
        "nose_base",
        "left_mouth",
        "right_mouth",
        "bottom_mouth"
    ],
    "regions": [
        {
            "label": 0,
            "probability": 0.999,
            "rect": {
                "bottom": 0.32421875,
                "left": 0.41015625,
                "right": 0.61328125,
                "top": 0.0703125
            }
        },
        {
            "label": 2,
            "probability": 0.999,
            "rect": {
                "bottom": 0.21896899,
                "left": 0.52283925,
                "right": 0.52283925,
                "top": 0.21896899
            }
        },
        {
            "label": 3,
            "probability": 0.999,
            "rect": {
                "bottom": 0.21464808,
                "left": 0.487905,
                "right": 0.487905,
                "top": 0.21464808
            }
        },
        {
            "label": 5,
            "probability": 0.999,
            "rect": {
                "bottom": 0.25191203,
                "left": 0.5118187,
                "right": 0.5118187,
                "top": 0.25191203
            }
        }
    ]
}