{
    "created_at": "2018-09-06T14:45:10.310772",
    "file_name": "000000118492.jpg",
    "generator": "convert_to_region_cropper.py",
    "labels": [
        "position",
        "left_eye",
        "right_eye",
        "left_cheek",
        "right_cheek",
        "nose_base",
        "left_mouth",
        "right_mouth",
        "bottom_mouth"
    ],
    "regions": [
        {
            "label": 0,
            "probability": 0.999,
            "rect": {
                "bottom": 0.4140625,
                "left": 0.23046875,
                "right": 0.36328125,
                "top": 0.25
            }
        },
        {
            "label": 2,
            "probability": 0.999,
            "rect": {
                "bottom": 0.3324231,
                "left": 0.2803791,
                "right": 0.2803791,
                "top": 0.3324231
            }
        },
        {
            "label": 3,
            "probability": 0.999,
            "rect": {
                "bottom": 0.34676644,
                "left": 0.2481795,
                "right": 0.2481795,
                "top": 0.34676644
            }
        },
        {
            "label": 7,
            "probability": 0.999,
            "rect": {
                "bottom": 0.38433552,
                "left": 0.27548653,
                "right": 0.27548653,
                "top": 0.38433552
            }
        }
    ]
}