{
    "created_at": "2018-09-06T14:46:29.488635",
    "file_name": "000000466577.jpg",
    "generator": "convert_to_region_cropper.py",
    "labels": [
        "position",
        "left_eye",
        "right_eye",
        "left_cheek",
        "right_cheek",
        "nose_base",
        "left_mouth",
        "right_mouth",
        "bottom_mouth"
    ],
    "regions": [
        {
            "label": 0,
            "probability": 0.999,
            "rect": {
                "bottom": 0.38671875,
                "left": 0.31640625,
                "right": 0.5703125,
                "top": 0.0703125
            }
        },
        {
            "label": 2,
            "probability": 0.999,
            "rect": {
                "bottom": 0.242048,
                "left": 0.41714007,
                "right": 0.41714007,
                "top": 0.242048
            }
        },
        {
            "label": 3,
            "probability": 0.999,
            "rect": {
                "bottom": 0.27551264,
                "left": 0.3499607,
                "right": 0.3499607,
                "top": 0.27551264
            }
        },
        {
            "label": 5,
            "probability": 0.999,
            "rect": {
                "bottom": 0.29392454,
                "left": 0.4534084,
                "right": 0.4534084,
                "top": 0.29392454
            }
        }
    ]
}