{
    "created_at": "2018-09-06T14:45:46.186936",
    "file_name": "000000276587.jpg",
    "generator": "convert_to_region_cropper.py",
    "labels": [
        "position",
        "left_eye",
        "right_eye",
        "left_cheek",
        "right_cheek",
        "nose_base",
        "left_mouth",
        "right_mouth",
        "bottom_mouth"
    ],
    "regions": [
        {
            "label": 0,
            "probability": 0.999,
            "rect": {
                "bottom": 0.53125,
                "left": 0.53515625,
                "right": 0.64453125,
                "top": 0.3984375
            }
        },
        {
            "label": 1,
            "probability": 0.999,
            "rect": {
                "bottom": 0.46870235,
                "left": 0.60377043,
                "right": 0.60377043,
                "top": 0.46870235
            }
        },
        {
            "label": 4,
            "probability": 0.999,
            "rect": {
                "bottom": 0.47807103,
                "left": 0.62689304,
                "right": 0.62689304,
                "top": 0.47807103
            }
        },
        {
            "label": 5,
            "probability": 0.999,
            "rect": {
                "bottom": 0.503561,
                "left": 0.5898203,
                "right": 0.5898203,
                "top": 0.503561
            }
        }
    ]
}