{
    "created_at": "2018-09-06T14:45:20.198468",
    "file_name": "000000162192.jpg",
    "generator": "convert_to_region_cropper.py",
    "labels": [
        "position",
        "left_eye",
        "right_eye",
        "left_cheek",
        "right_cheek",
        "nose_base",
        "left_mouth",
        "right_mouth",
        "bottom_mouth"
    ],
    "regions": [
        {
            "label": 0,
            "probability": 0.999,
            "rect": {
                "bottom": 0.23828125,
                "left": 0.57421875,
                "right": 0.71484375,
                "top": 0.05859375
            }
        },
        {
            "label": 5,
            "probability": 0.999,
            "rect": {
                "bottom": 0.18492068,
                "left": 0.6417693,
                "right": 0.6417693,
                "top": 0.18492068
            }
        },
        {
            "label": 8,
            "probability": 0.999,
            "rect": {
                "bottom": 0.20401447,
                "left": 0.64354867,
                "right": 0.64354867,
                "top": 0.20401447
            }
        }
    ]
}