{
    "created_at": "2018-09-06T14:44:52.280980",
    "file_name": "000000043841.jpg",
    "generator": "convert_to_region_cropper.py",
    "labels": [
        "position",
        "left_eye",
        "right_eye",
        "left_cheek",
        "right_cheek",
        "nose_base",
        "left_mouth",
        "right_mouth",
        "bottom_mouth"
    ],
    "regions": [
        {
            "label": 0,
            "probability": 0.999,
            "rect": {
                "bottom": 0.390625,
                "left": 0.26953125,
                "right": 0.56640625,
                "top": 0.01953125
            }
        },
        {
            "label": 2,
            "probability": 0.999,
            "rect": {
                "bottom": 0.22060473,
                "left": 0.39142483,
                "right": 0.39142483,
                "top": 0.22060473
            }
        },
        {
            "label": 3,
            "probability": 0.999,
            "rect": {
                "bottom": 0.24418655,
                "left": 0.33072034,
                "right": 0.33072034,
                "top": 0.24418655
            }
        },
        {
            "label": 7,
            "probability": 0.999,
            "rect": {
                "bottom": 0.31170925,
                "left": 0.38549912,
                "right": 0.38549912,
                "top": 0.31170925
            }
        }
    ]
}