{
    "created_at": "2018-09-06T14:46:14.796825",
    "file_name": "000000402300.jpg",
    "generator": "convert_to_region_cropper.py",
    "labels": [
        "position",
        "left_eye",
        "right_eye",
        "left_cheek",
        "right_cheek",
        "nose_base",
        "left_mouth",
        "right_mouth",
        "bottom_mouth"
    ],
    "regions": [
        {
            "label": 0,
            "probability": 0.999,
            "rect": {
                "bottom": 0.2734375,
                "left": 0.2421875,
                "right": 0.34375,
                "top": 0.1484375
            }
        },
        {
            "label": 4,
            "probability": 0.999,
            "rect": {
                "bottom": 0.23561405,
                "left": 0.32600814,
                "right": 0.32600814,
                "top": 0.23561405
            }
        },
        {
            "label": 6,
            "probability": 0.999,
            "rect": {
                "bottom": 0.2522827,
                "left": 0.304314,
                "right": 0.304314,
                "top": 0.2522827
            }
        },
        {
            "label": 8,
            "probability": 0.999,
            "rect": {
                "bottom": 0.26176494,
                "left": 0.28564474,
                "right": 0.28564474,
                "top": 0.26176494
            }
        }
    ]
}