{
    "created_at": "2018-09-06T14:46:48.992700",
    "file_name": "000000553433.jpg",
    "generator": "convert_to_region_cropper.py",
    "labels": [
        "position",
        "left_eye",
        "right_eye",
        "left_cheek",
        "right_cheek",
        "nose_base",
        "left_mouth",
        "right_mouth",
        "bottom_mouth"
    ],
    "regions": [
        {
            "label": 0,
            "probability": 0.999,
            "rect": {
                "bottom": 0.27734375,
                "left": 0.74609375,
                "right": 0.90625,
                "top": 0.078125
            }
        },
        {
            "label": 1,
            "probability": 0.999,
            "rect": {
                "bottom": 0.18683505,
                "left": 0.84722036,
                "right": 0.84722036,
                "top": 0.18683505
            }
        },
        {
            "label": 2,
            "probability": 0.999,
            "rect": {
                "bottom": 0.18923244,
                "left": 0.81071967,
                "right": 0.81071967,
                "top": 0.18923244
            }
        },
        {
            "label": 6,
            "probability": 0.999,
            "rect": {
                "bottom": 0.22605574,
                "left": 0.8535395,
                "right": 0.8535395,
                "top": 0.22605574
            }
        }
    ]
}