{
    "created_at": "2018-09-06T14:45:17.392919",
    "file_name": "000000149578.jpg",
    "generator": "convert_to_region_cropper.py",
    "labels": [
        "position",
        "left_eye",
        "right_eye",
        "left_cheek",
        "right_cheek",
        "nose_base",
        "left_mouth",
        "right_mouth",
        "bottom_mouth"
    ],
    "regions": [
        {
            "label": 0,
            "probability": 0.999,
            "rect": {
                "bottom": 0.4296875,
                "left": 0.3515625,
                "right": 0.50390625,
                "top": 0.2421875
            }
        },
        {
            "label": 1,
            "probability": 0.999,
            "rect": {
                "bottom": 0.34010637,
                "left": 0.44602302,
                "right": 0.44602302,
                "top": 0.34010637
            }
        },
        {
            "label": 4,
            "probability": 0.999,
            "rect": {
                "bottom": 0.36090586,
                "left": 0.4771047,
                "right": 0.4771047,
                "top": 0.36090586
            }
        },
        {
            "label": 6,
            "probability": 0.999,
            "rect": {
                "bottom": 0.40142724,
                "left": 0.45554146,
                "right": 0.45554146,
                "top": 0.40142724
            }
        }
    ]
}