{
    "created_at": "2018-09-06T14:46:24.818125",
    "file_name": "000000445882.jpg",
    "generator": "convert_to_region_cropper.py",
    "labels": [
        "position",
        "left_eye",
        "right_eye",
        "left_cheek",
        "right_cheek",
        "nose_base",
        "left_mouth",
        "right_mouth",
        "bottom_mouth"
    ],
    "regions": [
        {
            "label": 0,
            "probability": 0.999,
            "rect": {
                "bottom": 0.92578125,
                "left": 0.28515625,
                "right": 0.40234375,
                "top": 0.78125
            }
        },
        {
            "label": 3,
            "probability": 0.999,
            "rect": {
                "bottom": 0.8727041,
                "left": 0.32036993,
                "right": 0.32036993,
                "top": 0.8727041
            }
        },
        {
            "label": 7,
            "probability": 0.999,
            "rect": {
                "bottom": 0.89298826,
                "left": 0.32375106,
                "right": 0.32375106,
                "top": 0.89298826
            }
        },
        {
            "label": 8,
            "probability": 0.999,
            "rect": {
                "bottom": 0.8997457,
                "left": 0.33741802,
                "right": 0.33741802,
                "top": 0.8997457
            }
        }
    ]
}