{
    "created_at": "2018-09-06T14:46:16.761296",
    "file_name": "000000410813.jpg",
    "generator": "convert_to_region_cropper.py",
    "labels": [
        "position",
        "left_eye",
        "right_eye",
        "left_cheek",
        "right_cheek",
        "nose_base",
        "left_mouth",
        "right_mouth",
        "bottom_mouth"
    ],
    "regions": [
        {
            "label": 0,
            "probability": 0.999,
            "rect": {
                "bottom": 0.38671875,
                "left": 0.625,
                "right": 0.73046875,
                "top": 0.25390625
            }
        },
        {
            "label": 1,
            "probability": 0.999,
            "rect": {
                "bottom": 0.3241671,
                "left": 0.695087,
                "right": 0.695087,
                "top": 0.3241671
            }
        },
        {
            "label": 4,
            "probability": 0.999,
            "rect": {
                "bottom": 0.33525187,
                "left": 0.7151232,
                "right": 0.7151232,
                "top": 0.33525187
            }
        },
        {
            "label": 6,
            "probability": 0.999,
            "rect": {
                "bottom": 0.36271182,
                "left": 0.6921747,
                "right": 0.6921747,
                "top": 0.36271182
            }
        }
    ]
}