{
    "created_at": "2018-09-06T14:46:27.711078",
    "file_name": "000000458367.jpg",
    "generator": "convert_to_region_cropper.py",
    "labels": [
        "position",
        "left_eye",
        "right_eye",
        "left_cheek",
        "right_cheek",
        "nose_base",
        "left_mouth",
        "right_mouth",
        "bottom_mouth"
    ],
    "regions": [
        {
            "label": 0,
            "probability": 0.999,
            "rect": {
                "bottom": 0.20703125,
                "left": 0.5546875,
                "right": 0.6484375,
                "top": 0.09375
            }
        },
        {
            "label": 3,
            "probability": 0.999,
            "rect": {
                "bottom": 0.17265756,
                "left": 0.58762896,
                "right": 0.58762896,
                "top": 0.17265756
            }
        },
        {
            "label": 5,
            "probability": 0.999,
            "rect": {
                "bottom": 0.17854492,
                "left": 0.60739744,
                "right": 0.60739744,
                "top": 0.17854492
            }
        }
    ]
}