{
    "created_at": "2018-09-06T14:46:54.597053",
    "file_name": "000000578543.jpg",
    "generator": "convert_to_region_cropper.py",
    "labels": [
        "position",
        "left_eye",
        "right_eye",
        "left_cheek",
        "right_cheek",
        "nose_base",
        "left_mouth",
        "right_mouth",
        "bottom_mouth"
    ],
    "regions": [
        {
            "label": 0,
            "probability": 0.999,
            "rect": {
                "bottom": 0.2890625,
                "left": 0.48828125,
                "right": 0.5859375,
                "top": 0.16796875
            }
        },
        {
            "label": 1,
            "probability": 0.999,
            "rect": {
                "bottom": 0.23499665,
                "left": 0.5546695,
                "right": 0.5546695,
                "top": 0.23499665
            }
        },
        {
            "label": 4,
            "probability": 0.999,
            "rect": {
                "bottom": 0.24429013,
                "left": 0.57603127,
                "right": 0.57603127,
                "top": 0.24429013
            }
        },
        {
            "label": 6,
            "probability": 0.999,
            "rect": {
                "bottom": 0.2605815,
                "left": 0.5539544,
                "right": 0.5539544,
                "top": 0.2605815
            }
        }
    ]
}