{
    "created_at": "2018-09-06T14:45:11.897807",
    "file_name": "000000125141.jpg",
    "generator": "convert_to_region_cropper.py",
    "labels": [
        "position",
        "left_eye",
        "right_eye",
        "left_cheek",
        "right_cheek",
        "nose_base",
        "left_mouth",
        "right_mouth",
        "bottom_mouth"
    ],
    "regions": [
        {
            "label": 0,
            "probability": 0.999,
            "rect": {
                "bottom": 0.43359375,
                "left": 0.53125,
                "right": 0.65625,
                "top": 0.2734375
            }
        },
        {
            "label": 2,
            "probability": 0.999,
            "rect": {
                "bottom": 0.35771814,
                "left": 0.5896873,
                "right": 0.5896873,
                "top": 0.35771814
            }
        },
        {
            "label": 3,
            "probability": 0.999,
            "rect": {
                "bottom": 0.35973856,
                "left": 0.5548663,
                "right": 0.5548663,
                "top": 0.35973856
            }
        },
        {
            "label": 7,
            "probability": 0.999,
            "rect": {
                "bottom": 0.39790216,
                "left": 0.569127,
                "right": 0.569127,
                "top": 0.39790216
            }
        }
    ]
}