{
    "created_at": "2018-09-06T14:46:22.681509",
    "file_name": "000000436010.jpg",
    "generator": "convert_to_region_cropper.py",
    "labels": [
        "position",
        "left_eye",
        "right_eye",
        "left_cheek",
        "right_cheek",
        "nose_base",
        "left_mouth",
        "right_mouth",
        "bottom_mouth"
    ],
    "regions": [
        {
            "label": 0,
            "probability": 0.999,
            "rect": {
                "bottom": 0.39453125,
                "left": 0.5703125,
                "right": 0.765625,
                "top": 0.15234375
            }
        },
        {
            "label": 1,
            "probability": 0.999,
            "rect": {
                "bottom": 0.28577176,
                "left": 0.68537045,
                "right": 0.68537045,
                "top": 0.28577176
            }
        },
        {
            "label": 4,
            "probability": 0.999,
            "rect": {
                "bottom": 0.30837193,
                "left": 0.7262933,
                "right": 0.7262933,
                "top": 0.30837193
            }
        }
    ]
}