{
    "created_at": "2018-09-06T14:46:10.846204",
    "file_name": "000000383035.jpg",
    "generator": "convert_to_region_cropper.py",
    "labels": [
        "position",
        "left_eye",
        "right_eye",
        "left_cheek",
        "right_cheek",
        "nose_base",
        "left_mouth",
        "right_mouth",
        "bottom_mouth"
    ],
    "regions": [
        {
            "label": 0,
            "probability": 0.999,
            "rect": {
                "bottom": 0.2421875,
                "left": 0.375,
                "right": 0.4765625,
                "top": 0.11328125
            }
        },
        {
            "label": 1,
            "probability": 0.999,
            "rect": {
                "bottom": 0.18118614,
                "left": 0.43864322,
                "right": 0.43864322,
                "top": 0.18118614
            }
        },
        {
            "label": 4,
            "probability": 0.999,
            "rect": {
                "bottom": 0.19274855,
                "left": 0.4596305,
                "right": 0.4596305,
                "top": 0.19274855
            }
        },
        {
            "label": 6,
            "probability": 0.999,
            "rect": {
                "bottom": 0.22043489,
                "left": 0.4394638,
                "right": 0.4394638,
                "top": 0.22043489
            }
        }
    ]
}