{
    "created_at": "2018-09-06T14:45:41.300008",
    "file_name": "000000254080.jpg",
    "generator": "convert_to_region_cropper.py",
    "labels": [
        "position",
        "left_eye",
        "right_eye",
        "left_cheek",
        "right_cheek",
        "nose_base",
        "left_mouth",
        "right_mouth",
        "bottom_mouth"
    ],
    "regions": [
        {
            "label": 0,
            "probability": 0.999,
            "rect": {
                "bottom": 0.40234375,
                "left": 0.77734375,
                "right": 0.890625,
                "top": 0.2578125
            }
        },
        {
            "label": 1,
            "probability": 0.999,
            "rect": {
                "bottom": 0.33943853,
                "left": 0.85189086,
                "right": 0.85189086,
                "top": 0.33943853
            }
        },
        {
            "label": 4,
            "probability": 0.999,
            "rect": {
                "bottom": 0.34936166,
                "left": 0.8728283,
                "right": 0.8728283,
                "top": 0.34936166
            }
        },
        {
            "label": 5,
            "probability": 0.999,
            "rect": {
                "bottom": 0.36186397,
                "left": 0.8467,
                "right": 0.8467,
                "top": 0.36186397
            }
        }
    ]
}