{
    "created_at": "2018-09-06T14:45:39.559400",
    "file_name": "000000245778.jpg",
    "generator": "convert_to_region_cropper.py",
    "labels": [
        "position",
        "left_eye",
        "right_eye",
        "left_cheek",
        "right_cheek",
        "nose_base",
        "left_mouth",
        "right_mouth",
        "bottom_mouth"
    ],
    "regions": [
        {
            "label": 0,
            "probability": 0.999,
            "rect": {
                "bottom": 0.36328125,
                "left": 0.38671875,
                "right": 0.53515625,
                "top": 0.17578125
            }
        },
        {
            "label": 2,
            "probability": 0.999,
            "rect": {
                "bottom": 0.27707666,
                "left": 0.44799605,
                "right": 0.44799605,
                "top": 0.27707666
            }
        },
        {
            "label": 3,
            "probability": 0.999,
            "rect": {
                "bottom": 0.28525302,
                "left": 0.41843662,
                "right": 0.41843662,
                "top": 0.28525302
            }
        },
        {
            "label": 7,
            "probability": 0.999,
            "rect": {
                "bottom": 0.33077055,
                "left": 0.44185138,
                "right": 0.44185138,
                "top": 0.33077055
            }
        }
    ]
}