{
    "created_at": "2018-09-06T14:45:02.740076",
    "file_name": "000000086926.jpg",
    "generator": "convert_to_region_cropper.py",
    "labels": [
        "position",
        "left_eye",
        "right_eye",
        "left_cheek",
        "right_cheek",
        "nose_base",
        "left_mouth",
        "right_mouth",
        "bottom_mouth"
    ],
    "regions": [
        {
            "label": 0,
            "probability": 0.999,
            "rect": {
                "bottom": 0.4765625,
                "left": 0.43359375,
                "right": 0.55859375,
                "top": 0.32421875
            }
        },
        {
            "label": 1,
            "probability": 0.999,
            "rect": {
                "bottom": 0.40359023,
                "left": 0.51681364,
                "right": 0.51681364,
                "top": 0.40359023
            }
        },
        {
            "label": 6,
            "probability": 0.999,
            "rect": {
                "bottom": 0.45396942,
                "left": 0.5135402,
                "right": 0.5135402,
                "top": 0.45396942
            }
        }
    ]
}