{
    "created_at": "2018-09-06T14:45:20.310127",
    "file_name": "000000162849.jpg",
    "generator": "convert_to_region_cropper.py",
    "labels": [
        "position",
        "left_eye",
        "right_eye",
        "left_cheek",
        "right_cheek",
        "nose_base",
        "left_mouth",
        "right_mouth",
        "bottom_mouth"
    ],
    "regions": [
        {
            "label": 0,
            "probability": 0.999,
            "rect": {
                "bottom": 0.30078125,
                "left": 0.63671875,
                "right": 0.82421875,
                "top": 0.06640625
            }
        },
        {
            "label": 1,
            "probability": 0.999,
            "rect": {
                "bottom": 0.2002271,
                "left": 0.7598073,
                "right": 0.7598073,
                "top": 0.2002271
            }
        },
        {
            "label": 4,
            "probability": 0.999,
            "rect": {
                "bottom": 0.21671923,
                "left": 0.8011346,
                "right": 0.8011346,
                "top": 0.21671923
            }
        },
        {
            "label": 6,
            "probability": 0.999,
            "rect": {
                "bottom": 0.27808762,
                "left": 0.76315606,
                "right": 0.76315606,
                "top": 0.27808762
            }
        }
    ]
}