{
    "created_at": "2018-09-06T14:45:03.783350",
    "file_name": "000000091908.jpg",
    "generator": "convert_to_region_cropper.py",
    "labels": [
        "position",
        "left_eye",
        "right_eye",
        "left_cheek",
        "right_cheek",
        "nose_base",
        "left_mouth",
        "right_mouth",
        "bottom_mouth"
    ],
    "regions": [
        {
            "label": 0,
            "probability": 0.999,
            "rect": {
                "bottom": 0.2265625,
                "left": 0.36328125,
                "right": 0.46875,
                "top": 0.09375
            }
        },
        {
            "label": 3,
            "probability": 0.999,
            "rect": {
                "bottom": 0.17947417,
                "left": 0.3977344,
                "right": 0.3977344,
                "top": 0.17947417
            }
        },
        {
            "label": 5,
            "probability": 0.999,
            "rect": {
                "bottom": 0.18648033,
                "left": 0.42380074,
                "right": 0.42380074,
                "top": 0.18648033
            }
        },
        {
            "label": 7,
            "probability": 0.999,
            "rect": {
                "bottom": 0.19782943,
                "left": 0.4045786,
                "right": 0.4045786,
                "top": 0.19782943
            }
        }
    ]
}