{
    "created_at": "2018-09-06T14:46:14.744679",
    "file_name": "000000402090.jpg",
    "generator": "convert_to_region_cropper.py",
    "labels": [
        "position",
        "left_eye",
        "right_eye",
        "left_cheek",
        "right_cheek",
        "nose_base",
        "left_mouth",
        "right_mouth",
        "bottom_mouth"
    ],
    "regions": [
        {
            "label": 0,
            "probability": 0.999,
            "rect": {
                "bottom": 0.3046875,
                "left": 0.58203125,
                "right": 0.78125,
                "top": 0.0546875
            }
        },
        {
            "label": 4,
            "probability": 0.999,
            "rect": {
                "bottom": 0.19290414,
                "left": 0.74722147,
                "right": 0.74722147,
                "top": 0.19290414
            }
        },
        {
            "label": 6,
            "probability": 0.999,
            "rect": {
                "bottom": 0.22632954,
                "left": 0.71270967,
                "right": 0.71270967,
                "top": 0.22632954
            }
        },
        {
            "label": 8,
            "probability": 0.999,
            "rect": {
                "bottom": 0.23890273,
                "left": 0.6823954,
                "right": 0.6823954,
                "top": 0.23890273
            }
        }
    ]
}