{
    "created_at": "2018-09-06T14:45:48.916014",
    "file_name": "000000288920.jpg",
    "generator": "convert_to_region_cropper.py",
    "labels": [
        "position",
        "left_eye",
        "right_eye",
        "left_cheek",
        "right_cheek",
        "nose_base",
        "left_mouth",
        "right_mouth",
        "bottom_mouth"
    ],
    "regions": [
        {
            "label": 0,
            "probability": 0.999,
            "rect": {
                "bottom": 0.48828125,
                "left": 0.28515625,
                "right": 0.4296875,
                "top": 0.3125
            }
        },
        {
            "label": 2,
            "probability": 0.999,
            "rect": {
                "bottom": 0.40562627,
                "left": 0.34418347,
                "right": 0.34418347,
                "top": 0.40562627
            }
        },
        {
            "label": 3,
            "probability": 0.999,
            "rect": {
                "bottom": 0.4297016,
                "left": 0.3264412,
                "right": 0.3264412,
                "top": 0.4297016
            }
        },
        {
            "label": 7,
            "probability": 0.999,
            "rect": {
                "bottom": 0.45306936,
                "left": 0.35003513,
                "right": 0.35003513,
                "top": 0.45306936
            }
        }
    ]
}