{
    "created_at": "2018-09-06T14:45:22.773179",
    "file_name": "000000174241.jpg",
    "generator": "convert_to_region_cropper.py",
    "labels": [
        "position",
        "left_eye",
        "right_eye",
        "left_cheek",
        "right_cheek",
        "nose_base",
        "left_mouth",
        "right_mouth",
        "bottom_mouth"
    ],
    "regions": [
        {
            "label": 0,
            "probability": 0.999,
            "rect": {
                "bottom": 0.2578125,
                "left": 0.515625,
                "right": 0.6171875,
                "top": 0.12890625
            }
        },
        {
            "label": 2,
            "probability": 0.999,
            "rect": {
                "bottom": 0.20039187,
                "left": 0.56125957,
                "right": 0.56125957,
                "top": 0.20039187
            }
        },
        {
            "label": 3,
            "probability": 0.999,
            "rect": {
                "bottom": 0.22063564,
                "left": 0.5621867,
                "right": 0.5621867,
                "top": 0.22063564
            }
        }
    ]
}