{
    "created_at": "2018-09-06T14:45:40.686603",
    "file_name": "000000251554.jpg",
    "generator": "convert_to_region_cropper.py",
    "labels": [
        "position",
        "left_eye",
        "right_eye",
        "left_cheek",
        "right_cheek",
        "nose_base",
        "left_mouth",
        "right_mouth",
        "bottom_mouth"
    ],
    "regions": [
        {
            "label": 0,
            "probability": 0.999,
            "rect": {
                "bottom": 0.46484375,
                "left": 0.67578125,
                "right": 0.80078125,
                "top": 0.30859375
            }
        },
        {
            "label": 6,
            "probability": 0.999,
            "rect": {
                "bottom": 0.4053281,
                "left": 0.7448632,
                "right": 0.7448632,
                "top": 0.4053281
            }
        },
        {
            "label": 8,
            "probability": 0.999,
            "rect": {
                "bottom": 0.44825965,
                "left": 0.7417658,
                "right": 0.7417658,
                "top": 0.44825965
            }
        }
    ]
}