{
    "created_at": "2018-09-06T14:45:07.218769",
    "file_name": "000000106204.jpg",
    "generator": "convert_to_region_cropper.py",
    "labels": [
        "position",
        "left_eye",
        "right_eye",
        "left_cheek",
        "right_cheek",
        "nose_base",
        "left_mouth",
        "right_mouth",
        "bottom_mouth"
    ],
    "regions": [
        {
            "label": 0,
            "probability": 0.999,
            "rect": {
                "bottom": 0.40234375,
                "left": 0.18359375,
                "right": 0.3125,
                "top": 0.24609375
            }
        },
        {
            "label": 1,
            "probability": 0.999,
            "rect": {
                "bottom": 0.33291218,
                "left": 0.27056852,
                "right": 0.27056852,
                "top": 0.33291218
            }
        },
        {
            "label": 2,
            "probability": 0.999,
            "rect": {
                "bottom": 0.33126178,
                "left": 0.23263867,
                "right": 0.23263867,
                "top": 0.33126178
            }
        },
        {
            "label": 3,
            "probability": 0.999,
            "rect": {
                "bottom": 0.35327208,
                "left": 0.23263869,
                "right": 0.23263869,
                "top": 0.35327208
            }
        }
    ]
}