{
    "created_at": "2018-09-06T14:45:06.571035",
    "file_name": "000000103216.jpg",
    "generator": "convert_to_region_cropper.py",
    "labels": [
        "position",
        "left_eye",
        "right_eye",
        "left_cheek",
        "right_cheek",
        "nose_base",
        "left_mouth",
        "right_mouth",
        "bottom_mouth"
    ],
    "regions": [
        {
            "label": 0,
            "probability": 0.999,
            "rect": {
                "bottom": 0.34375,
                "left": 0.36328125,
                "right": 0.48046875,
                "top": 0.19921875
            }
        },
        {
            "label": 2,
            "probability": 0.999,
            "rect": {
                "bottom": 0.28134575,
                "left": 0.40381023,
                "right": 0.40381023,
                "top": 0.28134575
            }
        },
        {
            "label": 5,
            "probability": 0.999,
            "rect": {
                "bottom": 0.30609038,
                "left": 0.4302016,
                "right": 0.4302016,
                "top": 0.30609038
            }
        },
        {
            "label": 8,
            "probability": 0.999,
            "rect": {
                "bottom": 0.318141,
                "left": 0.42702997,
                "right": 0.42702997,
                "top": 0.318141
            }
        }
    ]
}