{
    "created_at": "2018-09-06T14:45:27.581946",
    "file_name": "000000193903.jpg",
    "generator": "convert_to_region_cropper.py",
    "labels": [
        "position",
        "left_eye",
        "right_eye",
        "left_cheek",
        "right_cheek",
        "nose_base",
        "left_mouth",
        "right_mouth",
        "bottom_mouth"
    ],
    "regions": [
        {
            "label": 0,
            "probability": 0.999,
            "rect": {
                "bottom": 0.35546875,
                "left": 0.27734375,
                "right": 0.39453125,
                "top": 0.20703125
            }
        },
        {
            "label": 1,
            "probability": 0.999,
            "rect": {
                "bottom": 0.2930572,
                "left": 0.34638047,
                "right": 0.34638047,
                "top": 0.2930572
            }
        },
        {
            "label": 2,
            "probability": 0.999,
            "rect": {
                "bottom": 0.28654101,
                "left": 0.32011467,
                "right": 0.32011467,
                "top": 0.28654101
            }
        },
        {
            "label": 3,
            "probability": 0.999,
            "rect": {
                "bottom": 0.29476154,
                "left": 0.3017954,
                "right": 0.3017954,
                "top": 0.29476154
            }
        }
    ]
}