{
    "created_at": "2018-09-06T14:45:41.178364",
    "file_name": "000000253613.jpg",
    "generator": "convert_to_region_cropper.py",
    "labels": [
        "position",
        "left_eye",
        "right_eye",
        "left_cheek",
        "right_cheek",
        "nose_base",
        "left_mouth",
        "right_mouth",
        "bottom_mouth"
    ],
    "regions": [
        {
            "label": 0,
            "probability": 0.999,
            "rect": {
                "bottom": 0.46484375,
                "left": 0.6796875,
                "right": 0.8046875,
                "top": 0.30859375
            }
        },
        {
            "label": 1,
            "probability": 0.999,
            "rect": {
                "bottom": 0.39222962,
                "left": 0.75580364,
                "right": 0.75580364,
                "top": 0.39222962
            }
        },
        {
            "label": 4,
            "probability": 0.999,
            "rect": {
                "bottom": 0.39814022,
                "left": 0.7870802,
                "right": 0.7870802,
                "top": 0.39814022
            }
        },
        {
            "label": 5,
            "probability": 0.999,
            "rect": {
                "bottom": 0.41486257,
                "left": 0.7470587,
                "right": 0.7470587,
                "top": 0.41486257
            }
        }
    ]
}