{
    "created_at": "2018-09-06T14:46:37.511599",
    "file_name": "000000503645.jpg",
    "generator": "convert_to_region_cropper.py",
    "labels": [
        "position",
        "left_eye",
        "right_eye",
        "left_cheek",
        "right_cheek",
        "nose_base",
        "left_mouth",
        "right_mouth",
        "bottom_mouth"
    ],
    "regions": [
        {
            "label": 0,
            "probability": 0.999,
            "rect": {
                "bottom": 0.42578125,
                "left": 0.47265625,
                "right": 0.5703125,
                "top": 0.30078125
            }
        },
        {
            "label": 1,
            "probability": 0.999,
            "rect": {
                "bottom": 0.38063166,
                "left": 0.51920676,
                "right": 0.51920676,
                "top": 0.38063166
            }
        },
        {
            "label": 5,
            "probability": 0.999,
            "rect": {
                "bottom": 0.4038464,
                "left": 0.52970374,
                "right": 0.52970374,
                "top": 0.4038464
            }
        }
    ]
}