{
    "created_at": "2018-09-06T14:45:02.171846",
    "file_name": "000000084806.jpg",
    "generator": "convert_to_region_cropper.py",
    "labels": [
        "position",
        "left_eye",
        "right_eye",
        "left_cheek",
        "right_cheek",
        "nose_base",
        "left_mouth",
        "right_mouth",
        "bottom_mouth"
    ],
    "regions": [
        {
            "label": 0,
            "probability": 0.999,
            "rect": {
                "bottom": 0.390625,
                "left": 0.390625,
                "right": 0.59375,
                "top": 0.13671875
            }
        },
        {
            "label": 1,
            "probability": 0.999,
            "rect": {
                "bottom": 0.29319158,
                "left": 0.51690495,
                "right": 0.51690495,
                "top": 0.29319158
            }
        },
        {
            "label": 2,
            "probability": 0.999,
            "rect": {
                "bottom": 0.300416,
                "left": 0.47006518,
                "right": 0.47006518,
                "top": 0.300416
            }
        },
        {
            "label": 4,
            "probability": 0.999,
            "rect": {
                "bottom": 0.31176287,
                "left": 0.56206113,
                "right": 0.56206113,
                "top": 0.31176287
            }
        }
    ]
}