{
    "created_at": "2018-09-06T14:46:31.867456",
    "file_name": "000000477051.jpg",
    "generator": "convert_to_region_cropper.py",
    "labels": [
        "position",
        "left_eye",
        "right_eye",
        "left_cheek",
        "right_cheek",
        "nose_base",
        "left_mouth",
        "right_mouth",
        "bottom_mouth"
    ],
    "regions": [
        {
            "label": 0,
            "probability": 0.999,
            "rect": {
                "bottom": 0.25390625,
                "left": 0.44921875,
                "right": 0.65234375,
                "top": 0.00390625
            }
        },
        {
            "label": 1,
            "probability": 0.999,
            "rect": {
                "bottom": 0.1425302,
                "left": 0.57521397,
                "right": 0.57521397,
                "top": 0.1425302
            }
        },
        {
            "label": 4,
            "probability": 0.999,
            "rect": {
                "bottom": 0.17756346,
                "left": 0.5838796,
                "right": 0.5838796,
                "top": 0.17756346
            }
        },
        {
            "label": 5,
            "probability": 0.999,
            "rect": {
                "bottom": 0.19085914,
                "left": 0.5419335,
                "right": 0.5419335,
                "top": 0.19085914
            }
        }
    ]
}