{
    "created_at": "2018-09-06T14:45:14.757995",
    "file_name": "000000136516.jpg",
    "generator": "convert_to_region_cropper.py",
    "labels": [
        "position",
        "left_eye",
        "right_eye",
        "left_cheek",
        "right_cheek",
        "nose_base",
        "left_mouth",
        "right_mouth",
        "bottom_mouth"
    ],
    "regions": [
        {
            "label": 0,
            "probability": 0.999,
            "rect": {
                "bottom": 0.33984375,
                "left": 0.640625,
                "right": 0.75,
                "top": 0.203125
            }
        },
        {
            "label": 1,
            "probability": 0.999,
            "rect": {
                "bottom": 0.27670932,
                "left": 0.71151626,
                "right": 0.71151626,
                "top": 0.27670932
            }
        },
        {
            "label": 5,
            "probability": 0.999,
            "rect": {
                "bottom": 0.29883626,
                "left": 0.71147496,
                "right": 0.71147496,
                "top": 0.29883626
            }
        },
        {
            "label": 6,
            "probability": 0.999,
            "rect": {
                "bottom": 0.31319314,
                "left": 0.7173631,
                "right": 0.7173631,
                "top": 0.31319314
            }
        }
    ]
}