{
    "created_at": "2018-09-06T14:45:05.987938",
    "file_name": "000000100577.jpg",
    "generator": "convert_to_region_cropper.py",
    "labels": [
        "position",
        "left_eye",
        "right_eye",
        "left_cheek",
        "right_cheek",
        "nose_base",
        "left_mouth",
        "right_mouth",
        "bottom_mouth"
    ],
    "regions": [
        {
            "label": 0,
            "probability": 0.999,
            "rect": {
                "bottom": 0.21484375,
                "left": 0.328125,
                "right": 0.42578125,
                "top": 0.09375
            }
        },
        {
            "label": 2,
            "probability": 0.999,
            "rect": {
                "bottom": 0.15761508,
                "left": 0.36377257,
                "right": 0.36377257,
                "top": 0.15761508
            }
        },
        {
            "label": 3,
            "probability": 0.999,
            "rect": {
                "bottom": 0.16481546,
                "left": 0.34307715,
                "right": 0.34307715,
                "top": 0.16481546
            }
        }
    ]
}