{
    "created_at": "2018-09-06T14:46:34.925113",
    "file_name": "000000492013.jpg",
    "generator": "convert_to_region_cropper.py",
    "labels": [
        "position",
        "left_eye",
        "right_eye",
        "left_cheek",
        "right_cheek",
        "nose_base",
        "left_mouth",
        "right_mouth",
        "bottom_mouth"
    ],
    "regions": [
        {
            "label": 0,
            "probability": 0.999,
            "rect": {
                "bottom": 0.34375,
                "left": 0.45703125,
                "right": 0.56640625,
                "top": 0.20703125
            }
        },
        {
            "label": 2,
            "probability": 0.999,
            "rect": {
                "bottom": 0.2807453,
                "left": 0.5011275,
                "right": 0.5011275,
                "top": 0.2807453
            }
        },
        {
            "label": 3,
            "probability": 0.999,
            "rect": {
                "bottom": 0.29066813,
                "left": 0.4771307,
                "right": 0.4771307,
                "top": 0.29066813
            }
        },
        {
            "label": 7,
            "probability": 0.999,
            "rect": {
                "bottom": 0.3199706,
                "left": 0.4967952,
                "right": 0.4967952,
                "top": 0.3199706
            }
        }
    ]
}