{
    "created_at": "2018-09-06T14:46:30.688620",
    "file_name": "000000472844.jpg",
    "generator": "convert_to_region_cropper.py",
    "labels": [
        "position",
        "left_eye",
        "right_eye",
        "left_cheek",
        "right_cheek",
        "nose_base",
        "left_mouth",
        "right_mouth",
        "bottom_mouth"
    ],
    "regions": [
        {
            "label": 0,
            "probability": 0.999,
            "rect": {
                "bottom": 0.703125,
                "left": 0.68359375,
                "right": 0.83203125,
                "top": 0.515625
            }
        },
        {
            "label": 4,
            "probability": 0.999,
            "rect": {
                "bottom": 0.6244049,
                "left": 0.8023233,
                "right": 0.8023233,
                "top": 0.6244049
            }
        },
        {
            "label": 6,
            "probability": 0.999,
            "rect": {
                "bottom": 0.6602491,
                "left": 0.78342754,
                "right": 0.78342754,
                "top": 0.6602491
            }
        },
        {
            "label": 8,
            "probability": 0.999,
            "rect": {
                "bottom": 0.66961205,
                "left": 0.75960106,
                "right": 0.75960106,
                "top": 0.66961205
            }
        }
    ]
}