{
    "created_at": "2018-09-06T14:45:46.380922",
    "file_name": "000000277732.jpg",
    "generator": "convert_to_region_cropper.py",
    "labels": [
        "position",
        "left_eye",
        "right_eye",
        "left_cheek",
        "right_cheek",
        "nose_base",
        "left_mouth",
        "right_mouth",
        "bottom_mouth"
    ],
    "regions": [
        {
            "label": 0,
            "probability": 0.999,
            "rect": {
                "bottom": 0.69921875,
                "left": 0.4296875,
                "right": 0.5859375,
                "top": 0.5
            }
        },
        {
            "label": 2,
            "probability": 0.999,
            "rect": {
                "bottom": 0.606391,
                "left": 0.48779717,
                "right": 0.48779717,
                "top": 0.606391
            }
        },
        {
            "label": 3,
            "probability": 0.999,
            "rect": {
                "bottom": 0.6228219,
                "left": 0.45896816,
                "right": 0.45896816,
                "top": 0.6228219
            }
        },
        {
            "label": 5,
            "probability": 0.999,
            "rect": {
                "bottom": 0.64254767,
                "left": 0.49167472,
                "right": 0.49167472,
                "top": 0.64254767
            }
        }
    ]
}