{
    "created_at": "2018-09-06T14:46:51.469811",
    "file_name": "000000565107.jpg",
    "generator": "convert_to_region_cropper.py",
    "labels": [
        "position",
        "left_eye",
        "right_eye",
        "left_cheek",
        "right_cheek",
        "nose_base",
        "left_mouth",
        "right_mouth",
        "bottom_mouth"
    ],
    "regions": [
        {
            "label": 0,
            "probability": 0.999,
            "rect": {
                "bottom": 0.20703125,
                "left": 0.08984375,
                "right": 0.19921875,
                "top": 0.0703125
            }
        },
        {
            "label": 1,
            "probability": 0.999,
            "rect": {
                "bottom": 0.14720444,
                "left": 0.14341465,
                "right": 0.14341465,
                "top": 0.14720444
            }
        },
        {
            "label": 4,
            "probability": 0.999,
            "rect": {
                "bottom": 0.1502834,
                "left": 0.17547892,
                "right": 0.17547892,
                "top": 0.1502834
            }
        },
        {
            "label": 6,
            "probability": 0.999,
            "rect": {
                "bottom": 0.17636451,
                "left": 0.15964982,
                "right": 0.15964982,
                "top": 0.17636451
            }
        }
    ]
}