{
    "created_at": "2018-09-06T14:45:53.524898",
    "file_name": "000000308516.jpg",
    "generator": "convert_to_region_cropper.py",
    "labels": [
        "position",
        "left_eye",
        "right_eye",
        "left_cheek",
        "right_cheek",
        "nose_base",
        "left_mouth",
        "right_mouth",
        "bottom_mouth"
    ],
    "regions": [
        {
            "label": 0,
            "probability": 0.999,
            "rect": {
                "bottom": 0.19921875,
                "left": 0.3046875,
                "right": 0.3984375,
                "top": 0.078125
            }
        },
        {
            "label": 4,
            "probability": 0.999,
            "rect": {
                "bottom": 0.15691319,
                "left": 0.3869526,
                "right": 0.3869526,
                "top": 0.15691319
            }
        },
        {
            "label": 8,
            "probability": 0.999,
            "rect": {
                "bottom": 0.15767847,
                "left": 0.35394236,
                "right": 0.35394236,
                "top": 0.15767847
            }
        }
    ]
}