{
    "created_at": "2018-09-06T14:45:55.528254",
    "file_name": "000000317916.jpg",
    "generator": "convert_to_region_cropper.py",
    "labels": [
        "position",
        "left_eye",
        "right_eye",
        "left_cheek",
        "right_cheek",
        "nose_base",
        "left_mouth",
        "right_mouth",
        "bottom_mouth"
    ],
    "regions": [
        {
            "label": 0,
            "probability": 0.999,
            "rect": {
                "bottom": 0.3359375,
                "left": 0.23046875,
                "right": 0.359375,
                "top": 0.171875
            }
        },
        {
            "label": 2,
            "probability": 0.999,
            "rect": {
                "bottom": 0.2647216,
                "left": 0.29151824,
                "right": 0.29151824,
                "top": 0.2647216
            }
        },
        {
            "label": 3,
            "probability": 0.999,
            "rect": {
                "bottom": 0.2653635,
                "left": 0.26153365,
                "right": 0.26153365,
                "top": 0.2653635
            }
        },
        {
            "label": 7,
            "probability": 0.999,
            "rect": {
                "bottom": 0.30377445,
                "left": 0.28115252,
                "right": 0.28115252,
                "top": 0.30377445
            }
        }
    ]
}