{
    "created_at": "2018-09-06T14:45:17.274387",
    "file_name": "000000149173.jpg",
    "generator": "convert_to_region_cropper.py",
    "labels": [
        "position",
        "left_eye",
        "right_eye",
        "left_cheek",
        "right_cheek",
        "nose_base",
        "left_mouth",
        "right_mouth",
        "bottom_mouth"
    ],
    "regions": [
        {
            "label": 0,
            "probability": 0.999,
            "rect": {
                "bottom": 0.609375,
                "left": 0.7421875,
                "right": 0.87890625,
                "top": 0.44140625
            }
        },
        {
            "label": 1,
            "probability": 0.999,
            "rect": {
                "bottom": 0.53689533,
                "left": 0.82788515,
                "right": 0.82788515,
                "top": 0.53689533
            }
        },
        {
            "label": 4,
            "probability": 0.999,
            "rect": {
                "bottom": 0.55453867,
                "left": 0.8512568,
                "right": 0.8512568,
                "top": 0.55453867
            }
        }
    ]
}