{
    "created_at": "2018-09-06T14:45:35.505365",
    "file_name": "000000228200.jpg",
    "generator": "convert_to_region_cropper.py",
    "labels": [
        "position",
        "left_eye",
        "right_eye",
        "left_cheek",
        "right_cheek",
        "nose_base",
        "left_mouth",
        "right_mouth",
        "bottom_mouth"
    ],
    "regions": [
        {
            "label": 0,
            "probability": 0.999,
            "rect": {
                "bottom": 0.26953125,
                "left": 0.49609375,
                "right": 0.63671875,
                "top": 0.09375
            }
        },
        {
            "label": 1,
            "probability": 0.999,
            "rect": {
                "bottom": 0.18794423,
                "left": 0.586891,
                "right": 0.586891,
                "top": 0.18794423
            }
        },
        {
            "label": 4,
            "probability": 0.999,
            "rect": {
                "bottom": 0.20600897,
                "left": 0.6195425,
                "right": 0.6195425,
                "top": 0.20600897
            }
        },
        {
            "label": 6,
            "probability": 0.999,
            "rect": {
                "bottom": 0.22645243,
                "left": 0.5763069,
                "right": 0.5763069,
                "top": 0.22645243
            }
        }
    ]
}