{
    "created_at": "2018-09-06T14:46:48.143364",
    "file_name": "000000549086.jpg",
    "generator": "convert_to_region_cropper.py",
    "labels": [
        "position",
        "left_eye",
        "right_eye",
        "left_cheek",
        "right_cheek",
        "nose_base",
        "left_mouth",
        "right_mouth",
        "bottom_mouth"
    ],
    "regions": [
        {
            "label": 0,
            "probability": 0.999,
            "rect": {
                "bottom": 0.3515625,
                "left": 0.265625,
                "right": 0.46875,
                "top": 0.09765625
            }
        },
        {
            "label": 1,
            "probability": 0.999,
            "rect": {
                "bottom": 0.24090965,
                "left": 0.39376655,
                "right": 0.39376655,
                "top": 0.24090965
            }
        },
        {
            "label": 2,
            "probability": 0.999,
            "rect": {
                "bottom": 0.23293637,
                "left": 0.34582338,
                "right": 0.34582338,
                "top": 0.23293637
            }
        },
        {
            "label": 4,
            "probability": 0.999,
            "rect": {
                "bottom": 0.25198776,
                "left": 0.45374915,
                "right": 0.45374915,
                "top": 0.25198776
            }
        }
    ]
}