{
    "created_at": "2018-09-06T14:46:34.333634",
    "file_name": "000000489290.jpg",
    "generator": "convert_to_region_cropper.py",
    "labels": [
        "position",
        "left_eye",
        "right_eye",
        "left_cheek",
        "right_cheek",
        "nose_base",
        "left_mouth",
        "right_mouth",
        "bottom_mouth"
    ],
    "regions": [
        {
            "label": 0,
            "probability": 0.999,
            "rect": {
                "bottom": 0.40234375,
                "left": 0.32421875,
                "right": 0.46875,
                "top": 0.22265625
            }
        },
        {
            "label": 2,
            "probability": 0.999,
            "rect": {
                "bottom": 0.3227553,
                "left": 0.39370835,
                "right": 0.39370835,
                "top": 0.3227553
            }
        },
        {
            "label": 3,
            "probability": 0.999,
            "rect": {
                "bottom": 0.32956165,
                "left": 0.36693013,
                "right": 0.36693013,
                "top": 0.32956165
            }
        },
        {
            "label": 5,
            "probability": 0.999,
            "rect": {
                "bottom": 0.35811192,
                "left": 0.3929149,
                "right": 0.3929149,
                "top": 0.35811192
            }
        }
    ]
}