{
    "created_at": "2018-09-06T14:45:01.800920",
    "file_name": "000000082610.jpg",
    "generator": "convert_to_region_cropper.py",
    "labels": [
        "position",
        "left_eye",
        "right_eye",
        "left_cheek",
        "right_cheek",
        "nose_base",
        "left_mouth",
        "right_mouth",
        "bottom_mouth"
    ],
    "regions": [
        {
            "label": 0,
            "probability": 0.999,
            "rect": {
                "bottom": 0.63671875,
                "left": 0.37109375,
                "right": 0.7421875,
                "top": 0.171875
            }
        },
        {
            "label": 1,
            "probability": 0.999,
            "rect": {
                "bottom": 0.42267856,
                "left": 0.58518785,
                "right": 0.58518785,
                "top": 0.42267856
            }
        },
        {
            "label": 4,
            "probability": 0.999,
            "rect": {
                "bottom": 0.45917767,
                "left": 0.64616144,
                "right": 0.64616144,
                "top": 0.45917767
            }
        },
        {
            "label": 6,
            "probability": 0.999,
            "rect": {
                "bottom": 0.5421008,
                "left": 0.57779187,
                "right": 0.57779187,
                "top": 0.5421008
            }
        }
    ]
}