{
    "created_at": "2018-09-06T14:45:42.958500",
    "file_name": "000000261498.jpg",
    "generator": "convert_to_region_cropper.py",
    "labels": [
        "position",
        "left_eye",
        "right_eye",
        "left_cheek",
        "right_cheek",
        "nose_base",
        "left_mouth",
        "right_mouth",
        "bottom_mouth"
    ],
    "regions": [
        {
            "label": 0,
            "probability": 0.999,
            "rect": {
                "bottom": 0.63671875,
                "left": 0.0703125,
                "right": 0.66015625,
                "top": 0.0
            }
        },
        {
            "label": 2,
            "probability": 0.999,
            "rect": {
                "bottom": 0.28225634,
                "left": 0.2828481,
                "right": 0.2828481,
                "top": 0.28225634
            }
        },
        {
            "label": 3,
            "probability": 0.999,
            "rect": {
                "bottom": 0.37542495,
                "left": 0.17331143,
                "right": 0.17331143,
                "top": 0.37542495
            }
        },
        {
            "label": 7,
            "probability": 0.999,
            "rect": {
                "bottom": 0.4572801,
                "left": 0.3187516,
                "right": 0.3187516,
                "top": 0.4572801
            }
        }
    ]
}