{
    "created_at": "2018-09-06T14:44:59.434922",
    "file_name": "000000072627.jpg",
    "generator": "convert_to_region_cropper.py",
    "labels": [
        "position",
        "left_eye",
        "right_eye",
        "left_cheek",
        "right_cheek",
        "nose_base",
        "left_mouth",
        "right_mouth",
        "bottom_mouth"
    ],
    "regions": [
        {
            "label": 0,
            "probability": 0.999,
            "rect": {
                "bottom": 0.32421875,
                "left": 0.34375,
                "right": 0.5703125,
                "top": 0.0390625
            }
        },
        {
            "label": 1,
            "probability": 0.999,
            "rect": {
                "bottom": 0.19407193,
                "left": 0.4909279,
                "right": 0.4909279,
                "top": 0.19407193
            }
        },
        {
            "label": 5,
            "probability": 0.999,
            "rect": {
                "bottom": 0.23355623,
                "left": 0.45545965,
                "right": 0.45545965,
                "top": 0.23355623
            }
        },
        {
            "label": 6,
            "probability": 0.999,
            "rect": {
                "bottom": 0.2523187,
                "left": 0.4874783,
                "right": 0.4874783,
                "top": 0.2523187
            }
        }
    ]
}