{
    "created_at": "2018-09-06T14:46:09.308619",
    "file_name": "000000376507.jpg",
    "generator": "convert_to_region_cropper.py",
    "labels": [
        "position",
        "left_eye",
        "right_eye",
        "left_cheek",
        "right_cheek",
        "nose_base",
        "left_mouth",
        "right_mouth",
        "bottom_mouth"
    ],
    "regions": [
        {
            "label": 0,
            "probability": 0.999,
            "rect": {
                "bottom": 0.5078125,
                "left": 0.484375,
                "right": 0.63671875,
                "top": 0.3203125
            }
        },
        {
            "label": 1,
            "probability": 0.999,
            "rect": {
                "bottom": 0.42161834,
                "left": 0.5857253,
                "right": 0.5857253,
                "top": 0.42161834
            }
        },
        {
            "label": 4,
            "probability": 0.999,
            "rect": {
                "bottom": 0.4445829,
                "left": 0.6123186,
                "right": 0.6123186,
                "top": 0.4445829
            }
        },
        {
            "label": 6,
            "probability": 0.999,
            "rect": {
                "bottom": 0.4768232,
                "left": 0.5784139,
                "right": 0.5784139,
                "top": 0.4768232
            }
        }
    ]
}