{
    "created_at": "2018-09-06T14:46:13.077119",
    "file_name": "000000394057.jpg",
    "generator": "convert_to_region_cropper.py",
    "labels": [
        "position",
        "left_eye",
        "right_eye",
        "left_cheek",
        "right_cheek",
        "nose_base",
        "left_mouth",
        "right_mouth",
        "bottom_mouth"
    ],
    "regions": [
        {
            "label": 0,
            "probability": 0.999,
            "rect": {
                "bottom": 0.86328125,
                "left": 0.703125,
                "right": 0.8359375,
                "top": 0.6953125
            }
        },
        {
            "label": 1,
            "probability": 0.999,
            "rect": {
                "bottom": 0.7868034,
                "left": 0.78395706,
                "right": 0.78395706,
                "top": 0.7868034
            }
        },
        {
            "label": 4,
            "probability": 0.999,
            "rect": {
                "bottom": 0.8021673,
                "left": 0.8106342,
                "right": 0.8106342,
                "top": 0.8021673
            }
        },
        {
            "label": 6,
            "probability": 0.999,
            "rect": {
                "bottom": 0.84089607,
                "left": 0.78178585,
                "right": 0.78178585,
                "top": 0.84089607
            }
        }
    ]
}