{
    "created_at": "2018-09-06T14:44:57.707664",
    "file_name": "000000065492.jpg",
    "generator": "convert_to_region_cropper.py",
    "labels": [
        "position",
        "left_eye",
        "right_eye",
        "left_cheek",
        "right_cheek",
        "nose_base",
        "left_mouth",
        "right_mouth",
        "bottom_mouth"
    ],
    "regions": [
        {
            "label": 0,
            "probability": 0.999,
            "rect": {
                "bottom": 0.2265625,
                "left": 0.3046875,
                "right": 0.421875,
                "top": 0.08203125
            }
        },
        {
            "label": 1,
            "probability": 0.999,
            "rect": {
                "bottom": 0.15988514,
                "left": 0.37667242,
                "right": 0.37667242,
                "top": 0.15988514
            }
        },
        {
            "label": 2,
            "probability": 0.999,
            "rect": {
                "bottom": 0.16110376,
                "left": 0.34369865,
                "right": 0.34369865,
                "top": 0.16110376
            }
        }
    ]
}