{
    "created_at": "2018-09-06T14:46:40.052884",
    "file_name": "000000515162.jpg",
    "generator": "convert_to_region_cropper.py",
    "labels": [
        "position",
        "left_eye",
        "right_eye",
        "left_cheek",
        "right_cheek",
        "nose_base",
        "left_mouth",
        "right_mouth",
        "bottom_mouth"
    ],
    "regions": [
        {
            "label": 0,
            "probability": 0.999,
            "rect": {
                "bottom": 0.84765625,
                "left": 0.1640625,
                "right": 0.76171875,
                "top": 0.1015625
            }
        },
        {
            "label": 1,
            "probability": 0.999,
            "rect": {
                "bottom": 0.53180945,
                "left": 0.56530184,
                "right": 0.56530184,
                "top": 0.53180945
            }
        },
        {
            "label": 4,
            "probability": 0.999,
            "rect": {
                "bottom": 0.6135465,
                "left": 0.66712546,
                "right": 0.66712546,
                "top": 0.6135465
            }
        },
        {
            "label": 8,
            "probability": 0.999,
            "rect": {
                "bottom": 0.79672414,
                "left": 0.4229413,
                "right": 0.4229413,
                "top": 0.79672414
            }
        }
    ]
}