{
    "created_at": "2018-09-06T14:45:31.589827",
    "file_name": "000000210882.jpg",
    "generator": "convert_to_region_cropper.py",
    "labels": [
        "position",
        "left_eye",
        "right_eye",
        "left_cheek",
        "right_cheek",
        "nose_base",
        "left_mouth",
        "right_mouth",
        "bottom_mouth"
    ],
    "regions": [
        {
            "label": 0,
            "probability": 0.999,
            "rect": {
                "bottom": 0.2890625,
                "left": 0.83203125,
                "right": 0.92578125,
                "top": 0.16796875
            }
        },
        {
            "label": 1,
            "probability": 0.999,
            "rect": {
                "bottom": 0.23289062,
                "left": 0.89797467,
                "right": 0.89797467,
                "top": 0.23289062
            }
        },
        {
            "label": 2,
            "probability": 0.999,
            "rect": {
                "bottom": 0.2328906,
                "left": 0.86445606,
                "right": 0.86445606,
                "top": 0.2328906
            }
        }
    ]
}