{
    "created_at": "2018-09-06T14:45:17.138200",
    "file_name": "000000148355.jpg",
    "generator": "convert_to_region_cropper.py",
    "labels": [
        "position",
        "left_eye",
        "right_eye",
        "left_cheek",
        "right_cheek",
        "nose_base",
        "left_mouth",
        "right_mouth",
        "bottom_mouth"
    ],
    "regions": [
        {
            "label": 0,
            "probability": 0.999,
            "rect": {
                "bottom": 0.265625,
                "left": 0.015625,
                "right": 0.12890625,
                "top": 0.12109375
            }
        },
        {
            "label": 1,
            "probability": 0.999,
            "rect": {
                "bottom": 0.19713627,
                "left": 0.08753599,
                "right": 0.08753599,
                "top": 0.19713627
            }
        },
        {
            "label": 4,
            "probability": 0.999,
            "rect": {
                "bottom": 0.20691012,
                "left": 0.10488357,
                "right": 0.10488357,
                "top": 0.20691012
            }
        },
        {
            "label": 6,
            "probability": 0.999,
            "rect": {
                "bottom": 0.23913802,
                "left": 0.09014546,
                "right": 0.09014546,
                "top": 0.23913802
            }
        }
    ]
}