{
    "created_at": "2018-09-06T14:46:01.526760",
    "file_name": "000000343233.jpg",
    "generator": "convert_to_region_cropper.py",
    "labels": [
        "position",
        "left_eye",
        "right_eye",
        "left_cheek",
        "right_cheek",
        "nose_base",
        "left_mouth",
        "right_mouth",
        "bottom_mouth"
    ],
    "regions": [
        {
            "label": 0,
            "probability": 0.999,
            "rect": {
                "bottom": 0.48046875,
                "left": 0.58203125,
                "right": 0.8828125,
                "top": 0.10546875
            }
        },
        {
            "label": 1,
            "probability": 0.999,
            "rect": {
                "bottom": 0.30688813,
                "left": 0.7682785,
                "right": 0.7682785,
                "top": 0.30688813
            }
        },
        {
            "label": 4,
            "probability": 0.999,
            "rect": {
                "bottom": 0.34407172,
                "left": 0.8500468,
                "right": 0.8500468,
                "top": 0.34407172
            }
        }
    ]
}