{
    "created_at": "2018-09-06T14:45:13.514607",
    "file_name": "000000131738.jpg",
    "generator": "convert_to_region_cropper.py",
    "labels": [
        "position",
        "left_eye",
        "right_eye",
        "left_cheek",
        "right_cheek",
        "nose_base",
        "left_mouth",
        "right_mouth",
        "bottom_mouth"
    ],
    "regions": [
        {
            "label": 0,
            "probability": 0.999,
            "rect": {
                "bottom": 0.5,
                "left": 0.37109375,
                "right": 0.48046875,
                "top": 0.36328125
            }
        },
        {
            "label": 1,
            "probability": 0.999,
            "rect": {
                "bottom": 0.4398691,
                "left": 0.44036108,
                "right": 0.44036108,
                "top": 0.4398691
            }
        },
        {
            "label": 2,
            "probability": 0.999,
            "rect": {
                "bottom": 0.43978012,
                "left": 0.41628417,
                "right": 0.41628417,
                "top": 0.43978012
            }
        },
        {
            "label": 3,
            "probability": 0.999,
            "rect": {
                "bottom": 0.4506233,
                "left": 0.39441866,
                "right": 0.39441866,
                "top": 0.4506233
            }
        }
    ]
}