{
    "created_at": "2018-09-06T14:46:50.030907",
    "file_name": "000000558537.jpg",
    "generator": "convert_to_region_cropper.py",
    "labels": [
        "position",
        "left_eye",
        "right_eye",
        "left_cheek",
        "right_cheek",
        "nose_base",
        "left_mouth",
        "right_mouth",
        "bottom_mouth"
    ],
    "regions": [
        {
            "label": 0,
            "probability": 0.999,
            "rect": {
                "bottom": 0.44140625,
                "left": 0.3203125,
                "right": 0.6015625,
                "top": 0.08984375
            }
        },
        {
            "label": 3,
            "probability": 0.999,
            "rect": {
                "bottom": 0.30619746,
                "left": 0.36736712,
                "right": 0.36736712,
                "top": 0.30619746
            }
        },
        {
            "label": 5,
            "probability": 0.999,
            "rect": {
                "bottom": 0.34673187,
                "left": 0.46315637,
                "right": 0.46315637,
                "top": 0.34673187
            }
        },
        {
            "label": 7,
            "probability": 0.999,
            "rect": {
                "bottom": 0.37879393,
                "left": 0.41397858,
                "right": 0.41397858,
                "top": 0.37879393
            }
        }
    ]
}