{
    "created_at": "2018-09-06T14:45:06.047453",
    "file_name": "000000100805.jpg",
    "generator": "convert_to_region_cropper.py",
    "labels": [
        "position",
        "left_eye",
        "right_eye",
        "left_cheek",
        "right_cheek",
        "nose_base",
        "left_mouth",
        "right_mouth",
        "bottom_mouth"
    ],
    "regions": [
        {
            "label": 0,
            "probability": 0.999,
            "rect": {
                "bottom": 0.77734375,
                "left": 0.03125,
                "right": 0.12109375,
                "top": 0.6640625
            }
        },
        {
            "label": 2,
            "probability": 0.999,
            "rect": {
                "bottom": 0.73255265,
                "left": 0.059378214,
                "right": 0.059378214,
                "top": 0.73255265
            }
        },
        {
            "label": 4,
            "probability": 0.999,
            "rect": {
                "bottom": 0.7390003,
                "left": 0.097224295,
                "right": 0.097224295,
                "top": 0.7390003
            }
        }
    ]
}