{
    "created_at": "2018-09-06T14:45:03.805982",
    "file_name": "000000091959.jpg",
    "generator": "convert_to_region_cropper.py",
    "labels": [
        "position",
        "left_eye",
        "right_eye",
        "left_cheek",
        "right_cheek",
        "nose_base",
        "left_mouth",
        "right_mouth",
        "bottom_mouth"
    ],
    "regions": [
        {
            "label": 0,
            "probability": 0.999,
            "rect": {
                "bottom": 0.5859375,
                "left": 0.328125,
                "right": 0.453125,
                "top": 0.4296875
            }
        },
        {
            "label": 1,
            "probability": 0.999,
            "rect": {
                "bottom": 0.51375943,
                "left": 0.41149768,
                "right": 0.41149768,
                "top": 0.51375943
            }
        },
        {
            "label": 2,
            "probability": 0.999,
            "rect": {
                "bottom": 0.5116357,
                "left": 0.38308376,
                "right": 0.38308376,
                "top": 0.5116357
            }
        },
        {
            "label": 5,
            "probability": 0.999,
            "rect": {
                "bottom": 0.54489017,
                "left": 0.38980493,
                "right": 0.38980493,
                "top": 0.54489017
            }
        }
    ]
}