{
    "created_at": "2018-09-06T14:46:13.623838",
    "file_name": "000000396348.jpg",
    "generator": "convert_to_region_cropper.py",
    "labels": [
        "position",
        "left_eye",
        "right_eye",
        "left_cheek",
        "right_cheek",
        "nose_base",
        "left_mouth",
        "right_mouth",
        "bottom_mouth"
    ],
    "regions": [
        {
            "label": 0,
            "probability": 0.999,
            "rect": {
                "bottom": 0.35546875,
                "left": 0.01171875,
                "right": 0.25390625,
                "top": 0.0546875
            }
        },
        {
            "label": 2,
            "probability": 0.999,
            "rect": {
                "bottom": 0.21614091,
                "left": 0.10031182,
                "right": 0.10031182,
                "top": 0.21614091
            }
        },
        {
            "label": 3,
            "probability": 0.999,
            "rect": {
                "bottom": 0.23260185,
                "left": 0.04501166,
                "right": 0.04501166,
                "top": 0.23260185
            }
        },
        {
            "label": 5,
            "probability": 0.999,
            "rect": {
                "bottom": 0.2725489,
                "left": 0.1365176,
                "right": 0.1365176,
                "top": 0.2725489
            }
        }
    ]
}