{
    "created_at": "2018-09-06T14:45:01.200923",
    "file_name": "000000080028.jpg",
    "generator": "convert_to_region_cropper.py",
    "labels": [
        "position",
        "left_eye",
        "right_eye",
        "left_cheek",
        "right_cheek",
        "nose_base",
        "left_mouth",
        "right_mouth",
        "bottom_mouth"
    ],
    "regions": [
        {
            "label": 0,
            "probability": 0.999,
            "rect": {
                "bottom": 0.4296875,
                "left": 0.1328125,
                "right": 0.25390625,
                "top": 0.28125
            }
        },
        {
            "label": 1,
            "probability": 0.999,
            "rect": {
                "bottom": 0.3681458,
                "left": 0.20262155,
                "right": 0.20262155,
                "top": 0.3681458
            }
        },
        {
            "label": 2,
            "probability": 0.999,
            "rect": {
                "bottom": 0.359527,
                "left": 0.18357603,
                "right": 0.18357603,
                "top": 0.359527
            }
        },
        {
            "label": 3,
            "probability": 0.999,
            "rect": {
                "bottom": 0.36445093,
                "left": 0.16210423,
                "right": 0.16210423,
                "top": 0.36445093
            }
        }
    ]
}