{
    "created_at": "2018-09-06T14:44:59.111670",
    "file_name": "000000070690.jpg",
    "generator": "convert_to_region_cropper.py",
    "labels": [
        "position",
        "left_eye",
        "right_eye",
        "left_cheek",
        "right_cheek",
        "nose_base",
        "left_mouth",
        "right_mouth",
        "bottom_mouth"
    ],
    "regions": [
        {
            "label": 0,
            "probability": 0.999,
            "rect": {
                "bottom": 0.4765625,
                "left": 0.40625,
                "right": 0.52734375,
                "top": 0.32421875
            }
        },
        {
            "label": 1,
            "probability": 0.999,
            "rect": {
                "bottom": 0.40749997,
                "left": 0.4881226,
                "right": 0.4881226,
                "top": 0.40749997
            }
        },
        {
            "label": 4,
            "probability": 0.999,
            "rect": {
                "bottom": 0.42122632,
                "left": 0.5060974,
                "right": 0.5060974,
                "top": 0.42122632
            }
        },
        {
            "label": 6,
            "probability": 0.999,
            "rect": {
                "bottom": 0.45698965,
                "left": 0.48381028,
                "right": 0.48381028,
                "top": 0.45698965
            }
        }
    ]
}