{
    "created_at": "2018-09-06T14:45:22.795590",
    "file_name": "000000174259.jpg",
    "generator": "convert_to_region_cropper.py",
    "labels": [
        "position",
        "left_eye",
        "right_eye",
        "left_cheek",
        "right_cheek",
        "nose_base",
        "left_mouth",
        "right_mouth",
        "bottom_mouth"
    ],
    "regions": [
        {
            "label": 0,
            "probability": 0.999,
            "rect": {
                "bottom": 0.5078125,
                "left": 0.6171875,
                "right": 0.75,
                "top": 0.34375
            }
        },
        {
            "label": 1,
            "probability": 0.999,
            "rect": {
                "bottom": 0.43172413,
                "left": 0.706657,
                "right": 0.706657,
                "top": 0.43172413
            }
        },
        {
            "label": 4,
            "probability": 0.999,
            "rect": {
                "bottom": 0.45313597,
                "left": 0.7301047,
                "right": 0.7301047,
                "top": 0.45313597
            }
        },
        {
            "label": 6,
            "probability": 0.999,
            "rect": {
                "bottom": 0.47196612,
                "left": 0.70757604,
                "right": 0.70757604,
                "top": 0.47196612
            }
        }
    ]
}