{
    "created_at": "2018-09-06T14:46:22.483027",
    "file_name": "000000435064.jpg",
    "generator": "convert_to_region_cropper.py",
    "labels": [
        "position",
        "left_eye",
        "right_eye",
        "left_cheek",
        "right_cheek",
        "nose_base",
        "left_mouth",
        "right_mouth",
        "bottom_mouth"
    ],
    "regions": [
        {
            "label": 0,
            "probability": 0.999,
            "rect": {
                "bottom": 0.23828125,
                "left": 0.12890625,
                "right": 0.2734375,
                "top": 0.0546875
            }
        },
        {
            "label": 2,
            "probability": 0.999,
            "rect": {
                "bottom": 0.15456356,
                "left": 0.19456346,
                "right": 0.19456346,
                "top": 0.15456356
            }
        },
        {
            "label": 3,
            "probability": 0.999,
            "rect": {
                "bottom": 0.15889394,
                "left": 0.16113645,
                "right": 0.16113645,
                "top": 0.15889394
            }
        },
        {
            "label": 7,
            "probability": 0.999,
            "rect": {
                "bottom": 0.20084712,
                "left": 0.17984498,
                "right": 0.17984498,
                "top": 0.20084712
            }
        }
    ]
}