{
    "created_at": "2018-09-06T14:45:51.901735",
    "file_name": "000000301495.jpg",
    "generator": "convert_to_region_cropper.py",
    "labels": [
        "position",
        "left_eye",
        "right_eye",
        "left_cheek",
        "right_cheek",
        "nose_base",
        "left_mouth",
        "right_mouth",
        "bottom_mouth"
    ],
    "regions": [
        {
            "label": 0,
            "probability": 0.999,
            "rect": {
                "bottom": 0.37109375,
                "left": 0.390625,
                "right": 0.5078125,
                "top": 0.22265625
            }
        },
        {
            "label": 1,
            "probability": 0.999,
            "rect": {
                "bottom": 0.3053152,
                "left": 0.45733288,
                "right": 0.45733288,
                "top": 0.3053152
            }
        },
        {
            "label": 2,
            "probability": 0.999,
            "rect": {
                "bottom": 0.3024924,
                "left": 0.43067205,
                "right": 0.43067205,
                "top": 0.3024924
            }
        },
        {
            "label": 3,
            "probability": 0.999,
            "rect": {
                "bottom": 0.32218197,
                "left": 0.41747203,
                "right": 0.41747203,
                "top": 0.32218197
            }
        }
    ]
}