{
    "created_at": "2018-09-06T14:46:45.351953",
    "file_name": "000000537612.jpg",
    "generator": "convert_to_region_cropper.py",
    "labels": [
        "position",
        "left_eye",
        "right_eye",
        "left_cheek",
        "right_cheek",
        "nose_base",
        "left_mouth",
        "right_mouth",
        "bottom_mouth"
    ],
    "regions": [
        {
            "label": 0,
            "probability": 0.999,
            "rect": {
                "bottom": 0.29296875,
                "left": 0.42578125,
                "right": 0.53515625,
                "top": 0.15625
            }
        },
        {
            "label": 2,
            "probability": 0.999,
            "rect": {
                "bottom": 0.23170024,
                "left": 0.46633142,
                "right": 0.46633142,
                "top": 0.23170024
            }
        },
        {
            "label": 3,
            "probability": 0.999,
            "rect": {
                "bottom": 0.2521507,
                "left": 0.45059043,
                "right": 0.45059043,
                "top": 0.2521507
            }
        }
    ]
}