{
    "created_at": "2018-09-06T14:46:05.912140",
    "file_name": "000000361744.jpg",
    "generator": "convert_to_region_cropper.py",
    "labels": [
        "position",
        "left_eye",
        "right_eye",
        "left_cheek",
        "right_cheek",
        "nose_base",
        "left_mouth",
        "right_mouth",
        "bottom_mouth"
    ],
    "regions": [
        {
            "label": 0,
            "probability": 0.999,
            "rect": {
                "bottom": 0.44140625,
                "left": 0.28515625,
                "right": 0.3984375,
                "top": 0.30078125
            }
        },
        {
            "label": 1,
            "probability": 0.999,
            "rect": {
                "bottom": 0.37550816,
                "left": 0.35496786,
                "right": 0.35496786,
                "top": 0.37550816
            }
        },
        {
            "label": 2,
            "probability": 0.999,
            "rect": {
                "bottom": 0.3765462,
                "left": 0.33489668,
                "right": 0.33489668,
                "top": 0.3765462
            }
        },
        {
            "label": 8,
            "probability": 0.999,
            "rect": {
                "bottom": 0.42269066,
                "left": 0.3429416,
                "right": 0.3429416,
                "top": 0.42269066
            }
        }
    ]
}