{
    "created_at": "2018-09-06T14:46:38.054925",
    "file_name": "000000506281.jpg",
    "generator": "convert_to_region_cropper.py",
    "labels": [
        "position",
        "left_eye",
        "right_eye",
        "left_cheek",
        "right_cheek",
        "nose_base",
        "left_mouth",
        "right_mouth",
        "bottom_mouth"
    ],
    "regions": [
        {
            "label": 0,
            "probability": 0.999,
            "rect": {
                "bottom": 0.60546875,
                "left": 0.265625,
                "right": 0.6953125,
                "top": 0.0703125
            }
        },
        {
            "label": 2,
            "probability": 0.999,
            "rect": {
                "bottom": 0.35550892,
                "left": 0.42416003,
                "right": 0.42416003,
                "top": 0.35550892
            }
        },
        {
            "label": 3,
            "probability": 0.999,
            "rect": {
                "bottom": 0.41679636,
                "left": 0.3516384,
                "right": 0.3516384,
                "top": 0.41679636
            }
        },
        {
            "label": 7,
            "probability": 0.999,
            "rect": {
                "bottom": 0.5172059,
                "left": 0.457346,
                "right": 0.457346,
                "top": 0.5172059
            }
        }
    ]
}