{
    "created_at": "2018-09-06T14:45:26.175654",
    "file_name": "000000188500.jpg",
    "generator": "convert_to_region_cropper.py",
    "labels": [
        "position",
        "left_eye",
        "right_eye",
        "left_cheek",
        "right_cheek",
        "nose_base",
        "left_mouth",
        "right_mouth",
        "bottom_mouth"
    ],
    "regions": [
        {
            "label": 0,
            "probability": 0.999,
            "rect": {
                "bottom": 0.2421875,
                "left": 0.62109375,
                "right": 0.73046875,
                "top": 0.10546875
            }
        },
        {
            "label": 1,
            "probability": 0.999,
            "rect": {
                "bottom": 0.1813362,
                "left": 0.6743333,
                "right": 0.6743333,
                "top": 0.1813362
            }
        },
        {
            "label": 4,
            "probability": 0.999,
            "rect": {
                "bottom": 0.18300304,
                "left": 0.70074373,
                "right": 0.70074373,
                "top": 0.18300304
            }
        },
        {
            "label": 6,
            "probability": 0.999,
            "rect": {
                "bottom": 0.20773034,
                "left": 0.6848075,
                "right": 0.6848075,
                "top": 0.20773034
            }
        }
    ]
}