{
    "created_at": "2018-09-06T14:46:14.694640",
    "file_name": "000000401915.jpg",
    "generator": "convert_to_region_cropper.py",
    "labels": [
        "position",
        "left_eye",
        "right_eye",
        "left_cheek",
        "right_cheek",
        "nose_base",
        "left_mouth",
        "right_mouth",
        "bottom_mouth"
    ],
    "regions": [
        {
            "label": 0,
            "probability": 0.999,
            "rect": {
                "bottom": 0.41015625,
                "left": 0.640625,
                "right": 0.80078125,
                "top": 0.20703125
            }
        },
        {
            "label": 1,
            "probability": 0.999,
            "rect": {
                "bottom": 0.31578177,
                "left": 0.74086094,
                "right": 0.74086094,
                "top": 0.31578177
            }
        },
        {
            "label": 2,
            "probability": 0.999,
            "rect": {
                "bottom": 0.3153641,
                "left": 0.70608103,
                "right": 0.70608103,
                "top": 0.3153641
            }
        },
        {
            "label": 4,
            "probability": 0.999,
            "rect": {
                "bottom": 0.33766568,
                "left": 0.7702332,
                "right": 0.7702332,
                "top": 0.33766568
            }
        }
    ]
}