{
    "created_at": "2018-09-06T14:46:50.761472",
    "file_name": "000000561799.jpg",
    "generator": "convert_to_region_cropper.py",
    "labels": [
        "position",
        "left_eye",
        "right_eye",
        "left_cheek",
        "right_cheek",
        "nose_base",
        "left_mouth",
        "right_mouth",
        "bottom_mouth"
    ],
    "regions": [
        {
            "label": 0,
            "probability": 0.999,
            "rect": {
                "bottom": 0.68359375,
                "left": 0.359375,
                "right": 0.45703125,
                "top": 0.55859375
            }
        },
        {
            "label": 1,
            "probability": 0.999,
            "rect": {
                "bottom": 0.6232062,
                "left": 0.4240204,
                "right": 0.4240204,
                "top": 0.6232062
            }
        },
        {
            "label": 4,
            "probability": 0.999,
            "rect": {
                "bottom": 0.64337665,
                "left": 0.43746388,
                "right": 0.43746388,
                "top": 0.64337665
            }
        },
        {
            "label": 6,
            "probability": 0.999,
            "rect": {
                "bottom": 0.6583563,
                "left": 0.42336276,
                "right": 0.42336276,
                "top": 0.6583563
            }
        }
    ]
}