{
    "created_at": "2018-09-06T14:46:02.447528",
    "file_name": "000000347053.jpg",
    "generator": "convert_to_region_cropper.py",
    "labels": [
        "position",
        "left_eye",
        "right_eye",
        "left_cheek",
        "right_cheek",
        "nose_base",
        "left_mouth",
        "right_mouth",
        "bottom_mouth"
    ],
    "regions": [
        {
            "label": 0,
            "probability": 0.999,
            "rect": {
                "bottom": 0.453125,
                "left": 0.40234375,
                "right": 0.53515625,
                "top": 0.28515625
            }
        },
        {
            "label": 1,
            "probability": 0.999,
            "rect": {
                "bottom": 0.37428695,
                "left": 0.48888114,
                "right": 0.48888114,
                "top": 0.37428695
            }
        },
        {
            "label": 4,
            "probability": 0.999,
            "rect": {
                "bottom": 0.38810915,
                "left": 0.5061163,
                "right": 0.5061163,
                "top": 0.38810915
            }
        }
    ]
}