{
    "created_at": "2018-09-06T14:46:05.070456",
    "file_name": "000000358341.jpg",
    "generator": "convert_to_region_cropper.py",
    "labels": [
        "position",
        "left_eye",
        "right_eye",
        "left_cheek",
        "right_cheek",
        "nose_base",
        "left_mouth",
        "right_mouth",
        "bottom_mouth"
    ],
    "regions": [
        {
            "label": 0,
            "probability": 0.999,
            "rect": {
                "bottom": 0.19921875,
                "left": 0.328125,
                "right": 0.42578125,
                "top": 0.078125
            }
        },
        {
            "label": 3,
            "probability": 0.999,
            "rect": {
                "bottom": 0.15932505,
                "left": 0.35876527,
                "right": 0.35876527,
                "top": 0.15932505
            }
        },
        {
            "label": 5,
            "probability": 0.999,
            "rect": {
                "bottom": 0.16555284,
                "left": 0.37762955,
                "right": 0.37762955,
                "top": 0.16555284
            }
        },
        {
            "label": 7,
            "probability": 0.999,
            "rect": {
                "bottom": 0.18217066,
                "left": 0.36648402,
                "right": 0.36648402,
                "top": 0.18217066
            }
        }
    ]
}