{
    "created_at": "2018-09-06T14:45:55.333620",
    "file_name": "000000317046.jpg",
    "generator": "convert_to_region_cropper.py",
    "labels": [
        "position",
        "left_eye",
        "right_eye",
        "left_cheek",
        "right_cheek",
        "nose_base",
        "left_mouth",
        "right_mouth",
        "bottom_mouth"
    ],
    "regions": [
        {
            "label": 0,
            "probability": 0.999,
            "rect": {
                "bottom": 0.37890625,
                "left": 0.359375,
                "right": 0.55859375,
                "top": 0.1328125
            }
        },
        {
            "label": 1,
            "probability": 0.999,
            "rect": {
                "bottom": 0.27219313,
                "left": 0.4672506,
                "right": 0.4672506,
                "top": 0.27219313
            }
        },
        {
            "label": 4,
            "probability": 0.999,
            "rect": {
                "bottom": 0.28769642,
                "left": 0.51082677,
                "right": 0.51082677,
                "top": 0.28769642
            }
        }
    ]
}