{
    "created_at": "2018-09-06T14:44:58.550457",
    "file_name": "000000068839.jpg",
    "generator": "convert_to_region_cropper.py",
    "labels": [
        "position",
        "left_eye",
        "right_eye",
        "left_cheek",
        "right_cheek",
        "nose_base",
        "left_mouth",
        "right_mouth",
        "bottom_mouth"
    ],
    "regions": [
        {
            "label": 0,
            "probability": 0.999,
            "rect": {
                "bottom": 0.3203125,
                "left": 0.3828125,
                "right": 0.484375,
                "top": 0.19140625
            }
        },
        {
            "label": 1,
            "probability": 0.999,
            "rect": {
                "bottom": 0.2625372,
                "left": 0.45241207,
                "right": 0.45241207,
                "top": 0.2625372
            }
        },
        {
            "label": 4,
            "probability": 0.999,
            "rect": {
                "bottom": 0.27639025,
                "left": 0.4541307,
                "right": 0.4541307,
                "top": 0.27639025
            }
        },
        {
            "label": 5,
            "probability": 0.999,
            "rect": {
                "bottom": 0.27844745,
                "left": 0.435406,
                "right": 0.435406,
                "top": 0.27844745
            }
        }
    ]
}