{
    "created_at": "2018-09-06T14:45:08.898980",
    "file_name": "000000113151.jpg",
    "generator": "convert_to_region_cropper.py",
    "labels": [
        "position",
        "left_eye",
        "right_eye",
        "left_cheek",
        "right_cheek",
        "nose_base",
        "left_mouth",
        "right_mouth",
        "bottom_mouth"
    ],
    "regions": [
        {
            "label": 0,
            "probability": 0.999,
            "rect": {
                "bottom": 0.13671875,
                "left": 0.3046875,
                "right": 0.40625,
                "top": 0.01171875
            }
        },
        {
            "label": 1,
            "probability": 0.999,
            "rect": {
                "bottom": 0.078766055,
                "left": 0.36892632,
                "right": 0.36892632,
                "top": 0.078766055
            }
        },
        {
            "label": 4,
            "probability": 0.999,
            "rect": {
                "bottom": 0.08331456,
                "left": 0.3869653,
                "right": 0.3869653,
                "top": 0.08331456
            }
        }
    ]
}