{
    "created_at": "2018-09-06T14:45:19.868409",
    "file_name": "000000160613.jpg",
    "generator": "convert_to_region_cropper.py",
    "labels": [
        "position",
        "left_eye",
        "right_eye",
        "left_cheek",
        "right_cheek",
        "nose_base",
        "left_mouth",
        "right_mouth",
        "bottom_mouth"
    ],
    "regions": [
        {
            "label": 0,
            "probability": 0.999,
            "rect": {
                "bottom": 0.2421875,
                "left": 0.390625,
                "right": 0.50390625,
                "top": 0.1015625
            }
        },
        {
            "label": 1,
            "probability": 0.999,
            "rect": {
                "bottom": 0.18192056,
                "left": 0.46245053,
                "right": 0.46245053,
                "top": 0.18192056
            }
        },
        {
            "label": 2,
            "probability": 0.999,
            "rect": {
                "bottom": 0.17904116,
                "left": 0.4332059,
                "right": 0.4332059,
                "top": 0.17904116
            }
        },
        {
            "label": 5,
            "probability": 0.999,
            "rect": {
                "bottom": 0.20520645,
                "left": 0.45517966,
                "right": 0.45517966,
                "top": 0.20520645
            }
        }
    ]
}