{
    "created_at": "2018-09-06T14:45:14.643909",
    "file_name": "000000136198.jpg",
    "generator": "convert_to_region_cropper.py",
    "labels": [
        "position",
        "left_eye",
        "right_eye",
        "left_cheek",
        "right_cheek",
        "nose_base",
        "left_mouth",
        "right_mouth",
        "bottom_mouth"
    ],
    "regions": [
        {
            "label": 0,
            "probability": 0.999,
            "rect": {
                "bottom": 0.53515625,
                "left": 0.15625,
                "right": 0.29296875,
                "top": 0.3671875
            }
        },
        {
            "label": 2,
            "probability": 0.999,
            "rect": {
                "bottom": 0.4587787,
                "left": 0.21502455,
                "right": 0.21502455,
                "top": 0.4587787
            }
        },
        {
            "label": 3,
            "probability": 0.999,
            "rect": {
                "bottom": 0.48718718,
                "left": 0.19677925,
                "right": 0.19677925,
                "top": 0.48718718
            }
        }
    ]
}