{
    "created_at": "2018-09-06T14:45:06.427309",
    "file_name": "000000102606.jpg",
    "generator": "convert_to_region_cropper.py",
    "labels": [
        "position",
        "left_eye",
        "right_eye",
        "left_cheek",
        "right_cheek",
        "nose_base",
        "left_mouth",
        "right_mouth",
        "bottom_mouth"
    ],
    "regions": [
        {
            "label": 0,
            "probability": 0.999,
            "rect": {
                "bottom": 0.34765625,
                "left": 0.484375,
                "right": 0.5859375,
                "top": 0.22265625
            }
        },
        {
            "label": 2,
            "probability": 0.999,
            "rect": {
                "bottom": 0.29612055,
                "left": 0.5328173,
                "right": 0.5328173,
                "top": 0.29612055
            }
        },
        {
            "label": 3,
            "probability": 0.999,
            "rect": {
                "bottom": 0.29292634,
                "left": 0.5119213,
                "right": 0.5119213,
                "top": 0.29292634
            }
        },
        {
            "label": 5,
            "probability": 0.999,
            "rect": {
                "bottom": 0.319713,
                "left": 0.5230162,
                "right": 0.5230162,
                "top": 0.319713
            }
        }
    ]
}