{
    "created_at": "2018-09-06T14:45:30.918858",
    "file_name": "000000207891.jpg",
    "generator": "convert_to_region_cropper.py",
    "labels": [
        "position",
        "left_eye",
        "right_eye",
        "left_cheek",
        "right_cheek",
        "nose_base",
        "left_mouth",
        "right_mouth",
        "bottom_mouth"
    ],
    "regions": [
        {
            "label": 0,
            "probability": 0.999,
            "rect": {
                "bottom": 0.28515625,
                "left": 0.32421875,
                "right": 0.43359375,
                "top": 0.15234375
            }
        },
        {
            "label": 1,
            "probability": 0.999,
            "rect": {
                "bottom": 0.22430514,
                "left": 0.38897923,
                "right": 0.38897923,
                "top": 0.22430514
            }
        },
        {
            "label": 4,
            "probability": 0.999,
            "rect": {
                "bottom": 0.2376376,
                "left": 0.4067072,
                "right": 0.4067072,
                "top": 0.2376376
            }
        }
    ]
}