{
    "created_at": "2018-09-06T14:45:12.316077",
    "file_name": "000000127230.jpg",
    "generator": "convert_to_region_cropper.py",
    "labels": [
        "position",
        "left_eye",
        "right_eye",
        "left_cheek",
        "right_cheek",
        "nose_base",
        "left_mouth",
        "right_mouth",
        "bottom_mouth"
    ],
    "regions": [
        {
            "label": 0,
            "probability": 0.999,
            "rect": {
                "bottom": 0.47265625,
                "left": 0.5625,
                "right": 0.65234375,
                "top": 0.359375
            }
        },
        {
            "label": 4,
            "probability": 0.999,
            "rect": {
                "bottom": 0.43212092,
                "left": 0.623995,
                "right": 0.623995,
                "top": 0.43212092
            }
        },
        {
            "label": 7,
            "probability": 0.999,
            "rect": {
                "bottom": 0.44383973,
                "left": 0.5880265,
                "right": 0.5880265,
                "top": 0.44383973
            }
        },
        {
            "label": 8,
            "probability": 0.999,
            "rect": {
                "bottom": 0.4516522,
                "left": 0.6036515,
                "right": 0.6036515,
                "top": 0.4516522
            }
        }
    ]
}