{
    "created_at": "2018-09-06T14:44:51.956103",
    "file_name": "000000042445.jpg",
    "generator": "convert_to_region_cropper.py",
    "labels": [
        "position",
        "left_eye",
        "right_eye",
        "left_cheek",
        "right_cheek",
        "nose_base",
        "left_mouth",
        "right_mouth",
        "bottom_mouth"
    ],
    "regions": [
        {
            "label": 0,
            "probability": 0.999,
            "rect": {
                "bottom": 0.296875,
                "left": 0.44140625,
                "right": 0.546875,
                "top": 0.1640625
            }
        },
        {
            "label": 1,
            "probability": 0.999,
            "rect": {
                "bottom": 0.23634167,
                "left": 0.5031817,
                "right": 0.5031817,
                "top": 0.23634167
            }
        },
        {
            "label": 5,
            "probability": 0.999,
            "rect": {
                "bottom": 0.2644784,
                "left": 0.50288403,
                "right": 0.50288403,
                "top": 0.2644784
            }
        },
        {
            "label": 0,
            "probability": 0.999,
            "rect": {
                "bottom": 0.36328125,
                "left": 0.86328125,
                "right": 0.953125,
                "top": 0.25
            }
        }
    ]
}