{
    "created_at": "2018-09-06T14:45:00.014787",
    "file_name": "000000075058.jpg",
    "generator": "convert_to_region_cropper.py",
    "labels": [
        "position",
        "left_eye",
        "right_eye",
        "left_cheek",
        "right_cheek",
        "nose_base",
        "left_mouth",
        "right_mouth",
        "bottom_mouth"
    ],
    "regions": [
        {
            "label": 0,
            "probability": 0.999,
            "rect": {
                "bottom": 0.125,
                "left": 0.0,
                "right": 0.125,
                "top": 0.0
            }
        },
        {
            "label": 1,
            "probability": 0.999,
            "rect": {
                "bottom": 0.050701857,
                "left": 0.08109379,
                "right": 0.08109379,
                "top": 0.050701857
            }
        },
        {
            "label": 4,
            "probability": 0.999,
            "rect": {
                "bottom": 0.06910455,
                "left": 0.10325108,
                "right": 0.10325108,
                "top": 0.06910455
            }
        },
        {
            "label": 6,
            "probability": 0.999,
            "rect": {
                "bottom": 0.09546181,
                "left": 0.078373216,
                "right": 0.078373216,
                "top": 0.09546181
            }
        }
    ]
}