{
    "created_at": "2018-09-06T14:45:04.159131",
    "file_name": "000000093602.jpg",
    "generator": "convert_to_region_cropper.py",
    "labels": [
        "position",
        "left_eye",
        "right_eye",
        "left_cheek",
        "right_cheek",
        "nose_base",
        "left_mouth",
        "right_mouth",
        "bottom_mouth"
    ],
    "regions": [
        {
            "label": 0,
            "probability": 0.999,
            "rect": {
                "bottom": 0.33984375,
                "left": 0.52734375,
                "right": 0.625,
                "top": 0.22265625
            }
        },
        {
            "label": 4,
            "probability": 0.999,
            "rect": {
                "bottom": 0.3025292,
                "left": 0.60107684,
                "right": 0.60107684,
                "top": 0.3025292
            }
        },
        {
            "label": 6,
            "probability": 0.999,
            "rect": {
                "bottom": 0.32211334,
                "left": 0.58424497,
                "right": 0.58424497,
                "top": 0.32211334
            }
        },
        {
            "label": 8,
            "probability": 0.999,
            "rect": {
                "bottom": 0.3331626,
                "left": 0.56679755,
                "right": 0.56679755,
                "top": 0.3331626
            }
        }
    ]
}