{
    "created_at": "2018-09-06T14:45:26.532524",
    "file_name": "000000189832.jpg",
    "generator": "convert_to_region_cropper.py",
    "labels": [
        "position",
        "left_eye",
        "right_eye",
        "left_cheek",
        "right_cheek",
        "nose_base",
        "left_mouth",
        "right_mouth",
        "bottom_mouth"
    ],
    "regions": [
        {
            "label": 0,
            "probability": 0.999,
            "rect": {
                "bottom": 0.3125,
                "left": 0.6875,
                "right": 0.7890625,
                "top": 0.18359375
            }
        },
        {
            "label": 1,
            "probability": 0.999,
            "rect": {
                "bottom": 0.25347152,
                "left": 0.7509403,
                "right": 0.7509403,
                "top": 0.25347152
            }
        },
        {
            "label": 4,
            "probability": 0.999,
            "rect": {
                "bottom": 0.26179013,
                "left": 0.77440935,
                "right": 0.77440935,
                "top": 0.26179013
            }
        },
        {
            "label": 6,
            "probability": 0.999,
            "rect": {
                "bottom": 0.28377366,
                "left": 0.7566157,
                "right": 0.7566157,
                "top": 0.28377366
            }
        }
    ]
}