{
    "created_at": "2018-09-06T14:44:52.431943",
    "file_name": "000000044480.jpg",
    "generator": "convert_to_region_cropper.py",
    "labels": [
        "position",
        "left_eye",
        "right_eye",
        "left_cheek",
        "right_cheek",
        "nose_base",
        "left_mouth",
        "right_mouth",
        "bottom_mouth"
    ],
    "regions": [
        {
            "label": 0,
            "probability": 0.999,
            "rect": {
                "bottom": 0.1640625,
                "left": 0.4609375,
                "right": 0.55078125,
                "top": 0.05078125
            }
        },
        {
            "label": 3,
            "probability": 0.999,
            "rect": {
                "bottom": 0.12907058,
                "left": 0.4917556,
                "right": 0.4917556,
                "top": 0.12907058
            }
        },
        {
            "label": 0,
            "probability": 0.999,
            "rect": {
                "bottom": 0.23046875,
                "left": 0.19140625,
                "right": 0.2890625,
                "top": 0.10546875
            }
        },
        {
            "label": 3,
            "probability": 0.999,
            "rect": {
                "bottom": 0.1889281,
                "left": 0.2143501,
                "right": 0.2143501,
                "top": 0.1889281
            }
        }
    ]
}