{
    "created_at": "2018-09-06T14:45:53.083599",
    "file_name": "000000306859.jpg",
    "generator": "convert_to_region_cropper.py",
    "labels": [
        "position",
        "left_eye",
        "right_eye",
        "left_cheek",
        "right_cheek",
        "nose_base",
        "left_mouth",
        "right_mouth",
        "bottom_mouth"
    ],
    "regions": [
        {
            "label": 0,
            "probability": 0.999,
            "rect": {
                "bottom": 0.3046875,
                "left": 0.4140625,
                "right": 0.55859375,
                "top": 0.125
            }
        },
        {
            "label": 1,
            "probability": 0.999,
            "rect": {
                "bottom": 0.21941225,
                "left": 0.49991018,
                "right": 0.49991018,
                "top": 0.21941225
            }
        },
        {
            "label": 4,
            "probability": 0.999,
            "rect": {
                "bottom": 0.242253,
                "left": 0.5316608,
                "right": 0.5316608,
                "top": 0.242253
            }
        },
        {
            "label": 6,
            "probability": 0.999,
            "rect": {
                "bottom": 0.26997098,
                "left": 0.5106796,
                "right": 0.5106796,
                "top": 0.26997098
            }
        }
    ]
}