{
    "created_at": "2018-09-06T14:45:23.063898",
    "file_name": "000000175663.jpg",
    "generator": "convert_to_region_cropper.py",
    "labels": [
        "position",
        "left_eye",
        "right_eye",
        "left_cheek",
        "right_cheek",
        "nose_base",
        "left_mouth",
        "right_mouth",
        "bottom_mouth"
    ],
    "regions": [
        {
            "label": 0,
            "probability": 0.999,
            "rect": {
                "bottom": 0.78125,
                "left": 0.37109375,
                "right": 0.8515625,
                "top": 0.1796875
            }
        },
        {
            "label": 2,
            "probability": 0.999,
            "rect": {
                "bottom": 0.5607212,
                "left": 0.56836826,
                "right": 0.56836826,
                "top": 0.5607212
            }
        },
        {
            "label": 5,
            "probability": 0.999,
            "rect": {
                "bottom": 0.62093735,
                "left": 0.5714469,
                "right": 0.5714469,
                "top": 0.62093735
            }
        },
        {
            "label": 8,
            "probability": 0.999,
            "rect": {
                "bottom": 0.6696671,
                "left": 0.56716585,
                "right": 0.56716585,
                "top": 0.6696671
            }
        }
    ]
}