{
    "created_at": "2018-09-06T14:46:03.715577",
    "file_name": "000000352547.jpg",
    "generator": "convert_to_region_cropper.py",
    "labels": [
        "position",
        "left_eye",
        "right_eye",
        "left_cheek",
        "right_cheek",
        "nose_base",
        "left_mouth",
        "right_mouth",
        "bottom_mouth"
    ],
    "regions": [
        {
            "label": 0,
            "probability": 0.999,
            "rect": {
                "bottom": 0.5234375,
                "left": 0.0,
                "right": 0.125,
                "top": 0.3671875
            }
        },
        {
            "label": 1,
            "probability": 0.999,
            "rect": {
                "bottom": 0.45126235,
                "left": 0.08066992,
                "right": 0.08066992,
                "top": 0.45126235
            }
        },
        {
            "label": 4,
            "probability": 0.999,
            "rect": {
                "bottom": 0.4680423,
                "left": 0.109776825,
                "right": 0.109776825,
                "top": 0.4680423
            }
        },
        {
            "label": 6,
            "probability": 0.999,
            "rect": {
                "bottom": 0.48707443,
                "left": 0.08218262,
                "right": 0.08218262,
                "top": 0.48707443
            }
        }
    ]
}