{
    "created_at": "2018-09-06T14:45:00.498628",
    "file_name": "000000077191.jpg",
    "generator": "convert_to_region_cropper.py",
    "labels": [
        "position",
        "left_eye",
        "right_eye",
        "left_cheek",
        "right_cheek",
        "nose_base",
        "left_mouth",
        "right_mouth",
        "bottom_mouth"
    ],
    "regions": [
        {
            "label": 0,
            "probability": 0.999,
            "rect": {
                "bottom": 0.41796875,
                "left": 0.58984375,
                "right": 0.79296875,
                "top": 0.1640625
            }
        },
        {
            "label": 2,
            "probability": 0.999,
            "rect": {
                "bottom": 0.30021155,
                "left": 0.6699657,
                "right": 0.6699657,
                "top": 0.30021155
            }
        },
        {
            "label": 3,
            "probability": 0.999,
            "rect": {
                "bottom": 0.32986987,
                "left": 0.6365109,
                "right": 0.6365109,
                "top": 0.32986987
            }
        }
    ]
}