{
    "created_at": "2018-09-06T14:45:05.172121",
    "file_name": "000000097444.jpg",
    "generator": "convert_to_region_cropper.py",
    "labels": [
        "position",
        "left_eye",
        "right_eye",
        "left_cheek",
        "right_cheek",
        "nose_base",
        "left_mouth",
        "right_mouth",
        "bottom_mouth"
    ],
    "regions": [
        {
            "label": 0,
            "probability": 0.999,
            "rect": {
                "bottom": 0.61328125,
                "left": 0.234375,
                "right": 0.39453125,
                "top": 0.41015625
            }
        },
        {
            "label": 2,
            "probability": 0.999,
            "rect": {
                "bottom": 0.5249653,
                "left": 0.2972054,
                "right": 0.2972054,
                "top": 0.5249653
            }
        },
        {
            "label": 3,
            "probability": 0.999,
            "rect": {
                "bottom": 0.53080124,
                "left": 0.25784874,
                "right": 0.25784874,
                "top": 0.53080124
            }
        }
    ]
}