{
    "created_at": "2018-09-06T14:46:40.999181",
    "file_name": "000000518783.jpg",
    "generator": "convert_to_region_cropper.py",
    "labels": [
        "position",
        "left_eye",
        "right_eye",
        "left_cheek",
        "right_cheek",
        "nose_base",
        "left_mouth",
        "right_mouth",
        "bottom_mouth"
    ],
    "regions": [
        {
            "label": 0,
            "probability": 0.999,
            "rect": {
                "bottom": 0.33203125,
                "left": 0.421875,
                "right": 0.51953125,
                "top": 0.2109375
            }
        },
        {
            "label": 2,
            "probability": 0.999,
            "rect": {
                "bottom": 0.27421272,
                "left": 0.46831474,
                "right": 0.46831474,
                "top": 0.27421272
            }
        },
        {
            "label": 3,
            "probability": 0.999,
            "rect": {
                "bottom": 0.28149354,
                "left": 0.44732383,
                "right": 0.44732383,
                "top": 0.28149354
            }
        }
    ]
}