{
    "created_at": "2018-09-06T14:46:53.280372",
    "file_name": "000000573045.jpg",
    "generator": "convert_to_region_cropper.py",
    "labels": [
        "position",
        "left_eye",
        "right_eye",
        "left_cheek",
        "right_cheek",
        "nose_base",
        "left_mouth",
        "right_mouth",
        "bottom_mouth"
    ],
    "regions": [
        {
            "label": 0,
            "probability": 0.999,
            "rect": {
                "bottom": 0.33203125,
                "left": 0.57421875,
                "right": 0.74609375,
                "top": 0.11328125
            }
        },
        {
            "label": 1,
            "probability": 0.999,
            "rect": {
                "bottom": 0.22756386,
                "left": 0.6713807,
                "right": 0.6713807,
                "top": 0.22756386
            }
        },
        {
            "label": 5,
            "probability": 0.999,
            "rect": {
                "bottom": 0.27264956,
                "left": 0.66684836,
                "right": 0.66684836,
                "top": 0.27264956
            }
        }
    ]
}