{
    "created_at": "2018-09-06T14:46:21.478900",
    "file_name": "000000430698.jpg",
    "generator": "convert_to_region_cropper.py",
    "labels": [
        "position",
        "left_eye",
        "right_eye",
        "left_cheek",
        "right_cheek",
        "nose_base",
        "left_mouth",
        "right_mouth",
        "bottom_mouth"
    ],
    "regions": [
        {
            "label": 0,
            "probability": 0.999,
            "rect": {
                "bottom": 0.4609375,
                "left": 0.34765625,
                "right": 0.4375,
                "top": 0.34765625
            }
        },
        {
            "label": 1,
            "probability": 0.999,
            "rect": {
                "bottom": 0.40901032,
                "left": 0.40655485,
                "right": 0.40655485,
                "top": 0.40901032
            }
        },
        {
            "label": 4,
            "probability": 0.999,
            "rect": {
                "bottom": 0.42229408,
                "left": 0.41104063,
                "right": 0.41104063,
                "top": 0.42229408
            }
        }
    ]
}