{
    "created_at": "2018-09-06T14:45:38.880633",
    "file_name": "000000242708.jpg",
    "generator": "convert_to_region_cropper.py",
    "labels": [
        "position",
        "left_eye",
        "right_eye",
        "left_cheek",
        "right_cheek",
        "nose_base",
        "left_mouth",
        "right_mouth",
        "bottom_mouth"
    ],
    "regions": [
        {
            "label": 0,
            "probability": 0.999,
            "rect": {
                "bottom": 0.234375,
                "left": 0.66796875,
                "right": 0.83203125,
                "top": 0.02734375
            }
        },
        {
            "label": 1,
            "probability": 0.999,
            "rect": {
                "bottom": 0.13496867,
                "left": 0.7671313,
                "right": 0.7671313,
                "top": 0.13496867
            }
        },
        {
            "label": 2,
            "probability": 0.999,
            "rect": {
                "bottom": 0.14719266,
                "left": 0.73008734,
                "right": 0.73008734,
                "top": 0.14719266
            }
        },
        {
            "label": 4,
            "probability": 0.999,
            "rect": {
                "bottom": 0.12638983,
                "left": 0.81514263,
                "right": 0.81514263,
                "top": 0.12638983
            }
        }
    ]
}