{
    "created_at": "2018-09-06T14:45:07.338668",
    "file_name": "000000106706.jpg",
    "generator": "convert_to_region_cropper.py",
    "labels": [
        "position",
        "left_eye",
        "right_eye",
        "left_cheek",
        "right_cheek",
        "nose_base",
        "left_mouth",
        "right_mouth",
        "bottom_mouth"
    ],
    "regions": [
        {
            "label": 0,
            "probability": 0.999,
            "rect": {
                "bottom": 0.74609375,
                "left": 0.4296875,
                "right": 0.62890625,
                "top": 0.49609375
            }
        },
        {
            "label": 2,
            "probability": 0.999,
            "rect": {
                "bottom": 0.63294184,
                "left": 0.50759476,
                "right": 0.50759476,
                "top": 0.63294184
            }
        },
        {
            "label": 3,
            "probability": 0.999,
            "rect": {
                "bottom": 0.6570728,
                "left": 0.47054642,
                "right": 0.47054642,
                "top": 0.6570728
            }
        },
        {
            "label": 7,
            "probability": 0.999,
            "rect": {
                "bottom": 0.69646066,
                "left": 0.5048639,
                "right": 0.5048639,
                "top": 0.69646066
            }
        }
    ]
}