{
    "created_at": "2018-09-06T14:46:23.681276",
    "file_name": "000000440578.jpg",
    "generator": "convert_to_region_cropper.py",
    "labels": [
        "position",
        "left_eye",
        "right_eye",
        "left_cheek",
        "right_cheek",
        "nose_base",
        "left_mouth",
        "right_mouth",
        "bottom_mouth"
    ],
    "regions": [
        {
            "label": 0,
            "probability": 0.999,
            "rect": {
                "bottom": 0.26171875,
                "left": 0.55078125,
                "right": 0.69140625,
                "top": 0.0859375
            }
        },
        {
            "label": 4,
            "probability": 0.999,
            "rect": {
                "bottom": 0.20327616,
                "left": 0.65343386,
                "right": 0.65343386,
                "top": 0.20327616
            }
        },
        {
            "label": 6,
            "probability": 0.999,
            "rect": {
                "bottom": 0.23198819,
                "left": 0.6327376,
                "right": 0.6327376,
                "top": 0.23198819
            }
        },
        {
            "label": 8,
            "probability": 0.999,
            "rect": {
                "bottom": 0.23621154,
                "left": 0.6158335,
                "right": 0.6158335,
                "top": 0.23621154
            }
        }
    ]
}