{
    "created_at": "2018-09-06T14:45:08.888407",
    "file_name": "000000113099.jpg",
    "generator": "convert_to_region_cropper.py",
    "labels": [
        "position",
        "left_eye",
        "right_eye",
        "left_cheek",
        "right_cheek",
        "nose_base",
        "left_mouth",
        "right_mouth",
        "bottom_mouth"
    ],
    "regions": [
        {
            "label": 0,
            "probability": 0.999,
            "rect": {
                "bottom": 0.3359375,
                "left": 0.29296875,
                "right": 0.484375,
                "top": 0.09765625
            }
        },
        {
            "label": 1,
            "probability": 0.999,
            "rect": {
                "bottom": 0.22470222,
                "left": 0.41944644,
                "right": 0.41944644,
                "top": 0.22470222
            }
        },
        {
            "label": 4,
            "probability": 0.999,
            "rect": {
                "bottom": 0.24459514,
                "left": 0.45198992,
                "right": 0.45198992,
                "top": 0.24459514
            }
        }
    ]
}