{
    "created_at": "2018-09-06T14:45:17.446672",
    "file_name": "000000149719.jpg",
    "generator": "convert_to_region_cropper.py",
    "labels": [
        "position",
        "left_eye",
        "right_eye",
        "left_cheek",
        "right_cheek",
        "nose_base",
        "left_mouth",
        "right_mouth",
        "bottom_mouth"
    ],
    "regions": [
        {
            "label": 0,
            "probability": 0.999,
            "rect": {
                "bottom": 0.2578125,
                "left": 0.30078125,
                "right": 0.4140625,
                "top": 0.1171875
            }
        },
        {
            "label": 1,
            "probability": 0.999,
            "rect": {
                "bottom": 0.19374509,
                "left": 0.372882,
                "right": 0.372882,
                "top": 0.19374509
            }
        },
        {
            "label": 2,
            "probability": 0.999,
            "rect": {
                "bottom": 0.19583033,
                "left": 0.34128386,
                "right": 0.34128386,
                "top": 0.19583033
            }
        },
        {
            "label": 3,
            "probability": 0.999,
            "rect": {
                "bottom": 0.19664164,
                "left": 0.3200831,
                "right": 0.3200831,
                "top": 0.19664164
            }
        }
    ]
}