{
    "created_at": "2018-09-06T14:45:17.336546",
    "file_name": "000000149436.jpg",
    "generator": "convert_to_region_cropper.py",
    "labels": [
        "position",
        "left_eye",
        "right_eye",
        "left_cheek",
        "right_cheek",
        "nose_base",
        "left_mouth",
        "right_mouth",
        "bottom_mouth"
    ],
    "regions": [
        {
            "label": 0,
            "probability": 0.999,
            "rect": {
                "bottom": 0.34375,
                "left": 0.40234375,
                "right": 0.50390625,
                "top": 0.21875
            }
        },
        {
            "label": 1,
            "probability": 0.999,
            "rect": {
                "bottom": 0.2891973,
                "left": 0.4709601,
                "right": 0.4709601,
                "top": 0.2891973
            }
        },
        {
            "label": 6,
            "probability": 0.999,
            "rect": {
                "bottom": 0.2961935,
                "left": 0.46444106,
                "right": 0.46444106,
                "top": 0.2961935
            }
        },
        {
            "label": 8,
            "probability": 0.999,
            "rect": {
                "bottom": 0.30857083,
                "left": 0.45431343,
                "right": 0.45431343,
                "top": 0.30857083
            }
        }
    ]
}