{
    "created_at": "2018-09-06T14:45:53.642416",
    "file_name": "000000309017.jpg",
    "generator": "convert_to_region_cropper.py",
    "labels": [
        "position",
        "left_eye",
        "right_eye",
        "left_cheek",
        "right_cheek",
        "nose_base",
        "left_mouth",
        "right_mouth",
        "bottom_mouth"
    ],
    "regions": [
        {
            "label": 0,
            "probability": 0.999,
            "rect": {
                "bottom": 0.26953125,
                "left": 0.2109375,
                "right": 0.328125,
                "top": 0.12109375
            }
        },
        {
            "label": 1,
            "probability": 0.999,
            "rect": {
                "bottom": 0.2037431,
                "left": 0.2905433,
                "right": 0.2905433,
                "top": 0.2037431
            }
        },
        {
            "label": 4,
            "probability": 0.999,
            "rect": {
                "bottom": 0.21351089,
                "left": 0.31349388,
                "right": 0.31349388,
                "top": 0.21351089
            }
        },
        {
            "label": 6,
            "probability": 0.999,
            "rect": {
                "bottom": 0.2471998,
                "left": 0.30326623,
                "right": 0.30326623,
                "top": 0.2471998
            }
        }
    ]
}