{
    "created_at": "2018-09-06T14:46:02.706638",
    "file_name": "000000348346.jpg",
    "generator": "convert_to_region_cropper.py",
    "labels": [
        "position",
        "left_eye",
        "right_eye",
        "left_cheek",
        "right_cheek",
        "nose_base",
        "left_mouth",
        "right_mouth",
        "bottom_mouth"
    ],
    "regions": [
        {
            "label": 0,
            "probability": 0.999,
            "rect": {
                "bottom": 0.28515625,
                "left": 0.14453125,
                "right": 0.2421875,
                "top": 0.1640625
            }
        },
        {
            "label": 1,
            "probability": 0.999,
            "rect": {
                "bottom": 0.22969653,
                "left": 0.20198718,
                "right": 0.20198718,
                "top": 0.22969653
            }
        },
        {
            "label": 3,
            "probability": 0.999,
            "rect": {
                "bottom": 0.24026756,
                "left": 0.16646498,
                "right": 0.16646498,
                "top": 0.24026756
            }
        }
    ]
}