{
    "created_at": "2018-09-06T14:45:25.083539",
    "file_name": "000000184249.jpg",
    "generator": "convert_to_region_cropper.py",
    "labels": [
        "position",
        "left_eye",
        "right_eye",
        "left_cheek",
        "right_cheek",
        "nose_base",
        "left_mouth",
        "right_mouth",
        "bottom_mouth"
    ],
    "regions": [
        {
            "label": 0,
            "probability": 0.999,
            "rect": {
                "bottom": 0.33203125,
                "left": 0.5078125,
                "right": 0.62890625,
                "top": 0.1796875
            }
        },
        {
            "label": 1,
            "probability": 0.999,
            "rect": {
                "bottom": 0.26665834,
                "left": 0.5831015,
                "right": 0.5831015,
                "top": 0.26665834
            }
        },
        {
            "label": 2,
            "probability": 0.999,
            "rect": {
                "bottom": 0.26255882,
                "left": 0.5537999,
                "right": 0.5537999,
                "top": 0.26255882
            }
        }
    ]
}