{
    "created_at": "2018-09-06T14:46:45.676926",
    "file_name": "000000539027.jpg",
    "generator": "convert_to_region_cropper.py",
    "labels": [
        "position",
        "left_eye",
        "right_eye",
        "left_cheek",
        "right_cheek",
        "nose_base",
        "left_mouth",
        "right_mouth",
        "bottom_mouth"
    ],
    "regions": [
        {
            "label": 0,
            "probability": 0.999,
            "rect": {
                "bottom": 0.7109375,
                "left": 0.09375,
                "right": 0.23046875,
                "top": 0.54296875
            }
        },
        {
            "label": 2,
            "probability": 0.999,
            "rect": {
                "bottom": 0.6333972,
                "left": 0.14926192,
                "right": 0.14926192,
                "top": 0.6333972
            }
        },
        {
            "label": 3,
            "probability": 0.999,
            "rect": {
                "bottom": 0.6474246,
                "left": 0.11681416,
                "right": 0.11681416,
                "top": 0.6474246
            }
        },
        {
            "label": 7,
            "probability": 0.999,
            "rect": {
                "bottom": 0.6830369,
                "left": 0.1282013,
                "right": 0.1282013,
                "top": 0.6830369
            }
        }
    ]
}