{
    "created_at": "2018-09-06T14:46:37.768328",
    "file_name": "000000504806.jpg",
    "generator": "convert_to_region_cropper.py",
    "labels": [
        "position",
        "left_eye",
        "right_eye",
        "left_cheek",
        "right_cheek",
        "nose_base",
        "left_mouth",
        "right_mouth",
        "bottom_mouth"
    ],
    "regions": [
        {
            "label": 0,
            "probability": 0.999,
            "rect": {
                "bottom": 0.11328125,
                "left": 0.30078125,
                "right": 0.40234375,
                "top": 0.0
            }
        },
        {
            "label": 1,
            "probability": 0.999,
            "rect": {
                "bottom": 0.051479027,
                "left": 0.36838022,
                "right": 0.36838022,
                "top": 0.051479027
            }
        },
        {
            "label": 4,
            "probability": 0.999,
            "rect": {
                "bottom": 0.07074637,
                "left": 0.37255868,
                "right": 0.37255868,
                "top": 0.07074637
            }
        }
    ]
}