{
    "created_at": "2018-09-06T14:45:36.050755",
    "file_name": "000000230651.jpg",
    "generator": "convert_to_region_cropper.py",
    "labels": [
        "position",
        "left_eye",
        "right_eye",
        "left_cheek",
        "right_cheek",
        "nose_base",
        "left_mouth",
        "right_mouth",
        "bottom_mouth"
    ],
    "regions": [
        {
            "label": 0,
            "probability": 0.999,
            "rect": {
                "bottom": 0.296875,
                "left": 0.4765625,
                "right": 0.671875,
                "top": 0.05078125
            }
        },
        {
            "label": 1,
            "probability": 0.999,
            "rect": {
                "bottom": 0.17980538,
                "left": 0.6058442,
                "right": 0.6058442,
                "top": 0.17980538
            }
        },
        {
            "label": 4,
            "probability": 0.999,
            "rect": {
                "bottom": 0.1937946,
                "left": 0.6427197,
                "right": 0.6427197,
                "top": 0.1937946
            }
        },
        {
            "label": 5,
            "probability": 0.999,
            "rect": {
                "bottom": 0.22871976,
                "left": 0.5755425,
                "right": 0.5755425,
                "top": 0.22871976
            }
        }
    ]
}