{
    "created_at": "2018-09-06T14:46:18.851196",
    "file_name": "000000419637.jpg",
    "generator": "convert_to_region_cropper.py",
    "labels": [
        "position",
        "left_eye",
        "right_eye",
        "left_cheek",
        "right_cheek",
        "nose_base",
        "left_mouth",
        "right_mouth",
        "bottom_mouth"
    ],
    "regions": [
        {
            "label": 0,
            "probability": 0.999,
            "rect": {
                "bottom": 0.4765625,
                "left": 0.26171875,
                "right": 0.5625,
                "top": 0.09765625
            }
        },
        {
            "label": 4,
            "probability": 0.999,
            "rect": {
                "bottom": 0.35843152,
                "left": 0.47308674,
                "right": 0.47308674,
                "top": 0.35843152
            }
        },
        {
            "label": 7,
            "probability": 0.999,
            "rect": {
                "bottom": 0.41469216,
                "left": 0.3763313,
                "right": 0.3763313,
                "top": 0.41469216
            }
        },
        {
            "label": 8,
            "probability": 0.999,
            "rect": {
                "bottom": 0.4302431,
                "left": 0.41486055,
                "right": 0.41486055,
                "top": 0.4302431
            }
        }
    ]
}