{
    "created_at": "2018-09-06T14:46:37.364914",
    "file_name": "000000502819.jpg",
    "generator": "convert_to_region_cropper.py",
    "labels": [
        "position",
        "left_eye",
        "right_eye",
        "left_cheek",
        "right_cheek",
        "nose_base",
        "left_mouth",
        "right_mouth",
        "bottom_mouth"
    ],
    "regions": [
        {
            "label": 0,
            "probability": 0.999,
            "rect": {
                "bottom": 0.19140625,
                "left": 0.62109375,
                "right": 0.7421875,
                "top": 0.0390625
            }
        },
        {
            "label": 1,
            "probability": 0.999,
            "rect": {
                "bottom": 0.12559721,
                "left": 0.6850992,
                "right": 0.6850992,
                "top": 0.12559721
            }
        },
        {
            "label": 4,
            "probability": 0.999,
            "rect": {
                "bottom": 0.12776496,
                "left": 0.71159977,
                "right": 0.71159977,
                "top": 0.12776496
            }
        }
    ]
}