{
    "created_at": "2018-09-06T14:45:35.525092",
    "file_name": "000000228368.jpg",
    "generator": "convert_to_region_cropper.py",
    "labels": [
        "position",
        "left_eye",
        "right_eye",
        "left_cheek",
        "right_cheek",
        "nose_base",
        "left_mouth",
        "right_mouth",
        "bottom_mouth"
    ],
    "regions": [
        {
            "label": 0,
            "probability": 0.999,
            "rect": {
                "bottom": 0.5625,
                "left": 0.31640625,
                "right": 0.81640625,
                "top": 0.0
            }
        },
        {
            "label": 1,
            "probability": 0.999,
            "rect": {
                "bottom": 0.2723355,
                "left": 0.614116,
                "right": 0.614116,
                "top": 0.2723355
            }
        },
        {
            "label": 2,
            "probability": 0.999,
            "rect": {
                "bottom": 0.2638501,
                "left": 0.46178564,
                "right": 0.46178564,
                "top": 0.2638501
            }
        },
        {
            "label": 7,
            "probability": 0.999,
            "rect": {
                "bottom": 0.38976055,
                "left": 0.43925175,
                "right": 0.43925175,
                "top": 0.38976055
            }
        }
    ]
}