{
    "created_at": "2018-09-06T14:45:16.792519",
    "file_name": "000000146882.jpg",
    "generator": "convert_to_region_cropper.py",
    "labels": [
        "position",
        "left_eye",
        "right_eye",
        "left_cheek",
        "right_cheek",
        "nose_base",
        "left_mouth",
        "right_mouth",
        "bottom_mouth"
    ],
    "regions": [
        {
            "label": 0,
            "probability": 0.999,
            "rect": {
                "bottom": 0.3515625,
                "left": 0.30078125,
                "right": 0.46875,
                "top": 0.140625
            }
        },
        {
            "label": 1,
            "probability": 0.999,
            "rect": {
                "bottom": 0.25537843,
                "left": 0.40260625,
                "right": 0.40260625,
                "top": 0.25537843
            }
        },
        {
            "label": 2,
            "probability": 0.999,
            "rect": {
                "bottom": 0.254983,
                "left": 0.36091658,
                "right": 0.36091658,
                "top": 0.254983
            }
        },
        {
            "label": 7,
            "probability": 0.999,
            "rect": {
                "bottom": 0.29818973,
                "left": 0.36220422,
                "right": 0.36220422,
                "top": 0.29818973
            }
        }
    ]
}