{
    "created_at": "2018-09-06T14:46:42.266006",
    "file_name": "000000524261.jpg",
    "generator": "convert_to_region_cropper.py",
    "labels": [
        "position",
        "left_eye",
        "right_eye",
        "left_cheek",
        "right_cheek",
        "nose_base",
        "left_mouth",
        "right_mouth",
        "bottom_mouth"
    ],
    "regions": [
        {
            "label": 0,
            "probability": 0.999,
            "rect": {
                "bottom": 0.359375,
                "left": 0.2578125,
                "right": 0.37890625,
                "top": 0.20703125
            }
        },
        {
            "label": 1,
            "probability": 0.999,
            "rect": {
                "bottom": 0.28518265,
                "left": 0.33605927,
                "right": 0.33605927,
                "top": 0.28518265
            }
        },
        {
            "label": 2,
            "probability": 0.999,
            "rect": {
                "bottom": 0.2995886,
                "left": 0.2979514,
                "right": 0.2979514,
                "top": 0.2995886
            }
        },
        {
            "label": 4,
            "probability": 0.999,
            "rect": {
                "bottom": 0.2988744,
                "left": 0.3478016,
                "right": 0.3478016,
                "top": 0.2988744
            }
        }
    ]
}