{
    "created_at": "2018-09-06T14:46:04.162190",
    "file_name": "000000354245.jpg",
    "generator": "convert_to_region_cropper.py",
    "labels": [
        "position",
        "left_eye",
        "right_eye",
        "left_cheek",
        "right_cheek",
        "nose_base",
        "left_mouth",
        "right_mouth",
        "bottom_mouth"
    ],
    "regions": [
        {
            "label": 0,
            "probability": 0.999,
            "rect": {
                "bottom": 0.38671875,
                "left": 0.58203125,
                "right": 0.82421875,
                "top": 0.08203125
            }
        },
        {
            "label": 3,
            "probability": 0.999,
            "rect": {
                "bottom": 0.25687623,
                "left": 0.6649075,
                "right": 0.6649075,
                "top": 0.25687623
            }
        },
        {
            "label": 5,
            "probability": 0.999,
            "rect": {
                "bottom": 0.29957718,
                "left": 0.6959005,
                "right": 0.6959005,
                "top": 0.29957718
            }
        }
    ]
}