{
    "created_at": "2018-09-06T14:45:40.526606",
    "file_name": "000000250968.jpg",
    "generator": "convert_to_region_cropper.py",
    "labels": [
        "position",
        "left_eye",
        "right_eye",
        "left_cheek",
        "right_cheek",
        "nose_base",
        "left_mouth",
        "right_mouth",
        "bottom_mouth"
    ],
    "regions": [
        {
            "label": 0,
            "probability": 0.999,
            "rect": {
                "bottom": 0.37890625,
                "left": 0.1875,
                "right": 0.34375,
                "top": 0.18359375
            }
        },
        {
            "label": 1,
            "probability": 0.999,
            "rect": {
                "bottom": 0.2905049,
                "left": 0.28852463,
                "right": 0.28852463,
                "top": 0.2905049
            }
        },
        {
            "label": 2,
            "probability": 0.999,
            "rect": {
                "bottom": 0.2886023,
                "left": 0.25723287,
                "right": 0.25723287,
                "top": 0.2886023
            }
        },
        {
            "label": 3,
            "probability": 0.999,
            "rect": {
                "bottom": 0.29885632,
                "left": 0.22623129,
                "right": 0.22623129,
                "top": 0.29885632
            }
        }
    ]
}