{
    "created_at": "2018-09-06T15:34:12.883704",
    "file_name": "000000372577.jpg",
    "generator": "convert_to_region_cropper.py",
    "labels": [
        "position",
        "left_eye",
        "right_eye",
        "left_cheek",
        "right_cheek",
        "nose_base",
        "left_mouth",
        "right_mouth",
        "bottom_mouth"
    ],
    "regions": [
        {
            "label": 0,
            "probability": 0.999,
            "rect": {
                "bottom": 0.296875,
                "left": 0.5,
                "right": 0.60546875,
                "top": 0.1640625
            }
        },
        {
            "label": 1,
            "probability": 0.999,
            "rect": {
                "bottom": 0.23862699,
                "left": 0.5745665,
                "right": 0.5745665,
                "top": 0.23862699
            }
        },
        {
            "label": 5,
            "probability": 0.999,
            "rect": {
                "bottom": 0.25815824,
                "left": 0.5589415,
                "right": 0.5589415,
                "top": 0.25815824
            }
        },
        {
            "label": 6,
            "probability": 0.999,
            "rect": {
                "bottom": 0.27243778,
                "left": 0.5750966,
                "right": 0.5750966,
                "top": 0.27243778
            }
        }
    ]
}