{
    "created_at": "2018-09-06T15:34:10.579419",
    "file_name": "000000096493.jpg",
    "generator": "convert_to_region_cropper.py",
    "labels": [
        "position",
        "left_eye",
        "right_eye",
        "left_cheek",
        "right_cheek",
        "nose_base",
        "left_mouth",
        "right_mouth",
        "bottom_mouth"
    ],
    "regions": [
        {
            "label": 0,
            "probability": 0.999,
            "rect": {
                "bottom": 0.3125,
                "left": 0.38671875,
                "right": 0.62890625,
                "top": 0.00390625
            }
        },
        {
            "label": 1,
            "probability": 0.999,
            "rect": {
                "bottom": 0.17137992,
                "left": 0.54190373,
                "right": 0.54190373,
                "top": 0.17137992
            }
        },
        {
            "label": 2,
            "probability": 0.999,
            "rect": {
                "bottom": 0.17022836,
                "left": 0.47437894,
                "right": 0.47437894,
                "top": 0.17022836
            }
        },
        {
            "label": 4,
            "probability": 0.999,
            "rect": {
                "bottom": 0.19429745,
                "left": 0.62136644,
                "right": 0.62136644,
                "top": 0.19429745
            }
        }
    ]
}