{
    "created_at": "2018-09-06T15:34:10.634461",
    "file_name": "000000102356.jpg",
    "generator": "convert_to_region_cropper.py",
    "labels": [
        "position",
        "left_eye",
        "right_eye",
        "left_cheek",
        "right_cheek",
        "nose_base",
        "left_mouth",
        "right_mouth",
        "bottom_mouth"
    ],
    "regions": [
        {
            "label": 0,
            "probability": 0.999,
            "rect": {
                "bottom": 0.203125,
                "left": 0.6171875,
                "right": 0.73828125,
                "top": 0.05078125
            }
        },
        {
            "label": 1,
            "probability": 0.999,
            "rect": {
                "bottom": 0.13036206,
                "left": 0.705068,
                "right": 0.705068,
                "top": 0.13036206
            }
        },
        {
            "label": 4,
            "probability": 0.999,
            "rect": {
                "bottom": 0.14513081,
                "left": 0.71242815,
                "right": 0.71242815,
                "top": 0.14513081
            }
        },
        {
            "label": 5,
            "probability": 0.999,
            "rect": {
                "bottom": 0.15147172,
                "left": 0.68329126,
                "right": 0.68329126,
                "top": 0.15147172
            }
        }
    ]
}