{
    "created_at": "2018-09-06T15:34:12.032944",
    "file_name": "000000281414.jpg",
    "generator": "convert_to_region_cropper.py",
    "labels": [
        "position",
        "left_eye",
        "right_eye",
        "left_cheek",
        "right_cheek",
        "nose_base",
        "left_mouth",
        "right_mouth",
        "bottom_mouth"
    ],
    "regions": [
        {
            "label": 0,
            "probability": 0.999,
            "rect": {
                "bottom": 0.359375,
                "left": 0.375,
                "right": 0.51953125,
                "top": 0.1796875
            }
        },
        {
            "label": 1,
            "probability": 0.999,
            "rect": {
                "bottom": 0.28714326,
                "left": 0.4650372,
                "right": 0.4650372,
                "top": 0.28714326
            }
        },
        {
            "label": 2,
            "probability": 0.999,
            "rect": {
                "bottom": 0.27947298,
                "left": 0.43073925,
                "right": 0.43073925,
                "top": 0.27947298
            }
        },
        {
            "label": 3,
            "probability": 0.999,
            "rect": {
                "bottom": 0.28110352,
                "left": 0.4028495,
                "right": 0.4028495,
                "top": 0.28110352
            }
        }
    ]
}