{
    "created_at": "2018-09-06T15:34:14.463221",
    "file_name": "000000562243.jpg",
    "generator": "convert_to_region_cropper.py",
    "labels": [
        "position",
        "left_eye",
        "right_eye",
        "left_cheek",
        "right_cheek",
        "nose_base",
        "left_mouth",
        "right_mouth",
        "bottom_mouth"
    ],
    "regions": [
        {
            "label": 0,
            "probability": 0.999,
            "rect": {
                "bottom": 0.4765625,
                "left": 0.39453125,
                "right": 0.69921875,
                "top": 0.09765625
            }
        },
        {
            "label": 2,
            "probability": 0.999,
            "rect": {
                "bottom": 0.29542112,
                "left": 0.50644106,
                "right": 0.50644106,
                "top": 0.29542112
            }
        },
        {
            "label": 3,
            "probability": 0.999,
            "rect": {
                "bottom": 0.34183288,
                "left": 0.4455983,
                "right": 0.4455983,
                "top": 0.34183288
            }
        },
        {
            "label": 5,
            "probability": 0.999,
            "rect": {
                "bottom": 0.35835245,
                "left": 0.5666693,
                "right": 0.5666693,
                "top": 0.35835245
            }
        }
    ]
}