{
    "created_at": "2018-09-06T15:34:11.320212",
    "file_name": "000000190307.jpg",
    "generator": "convert_to_region_cropper.py",
    "labels": [
        "position",
        "left_eye",
        "right_eye",
        "left_cheek",
        "right_cheek",
        "nose_base",
        "left_mouth",
        "right_mouth",
        "bottom_mouth"
    ],
    "regions": [
        {
            "label": 0,
            "probability": 0.999,
            "rect": {
                "bottom": 0.15625,
                "left": 0.53515625,
                "right": 0.6328125,
                "top": 0.03125
            }
        },
        {
            "label": 1,
            "probability": 0.999,
            "rect": {
                "bottom": 0.10217219,
                "left": 0.6009696,
                "right": 0.6009696,
                "top": 0.10217219
            }
        },
        {
            "label": 3,
            "probability": 0.999,
            "rect": {
                "bottom": 0.10887172,
                "left": 0.548678,
                "right": 0.548678,
                "top": 0.10887172
            }
        },
        {
            "label": 7,
            "probability": 0.999,
            "rect": {
                "bottom": 0.12875232,
                "left": 0.572883,
                "right": 0.572883,
                "top": 0.12875232
            }
        }
    ]
}