{
    "created_at": "2018-09-06T15:34:12.823419",
    "file_name": "000000366711.jpg",
    "generator": "convert_to_region_cropper.py",
    "labels": [
        "position",
        "left_eye",
        "right_eye",
        "left_cheek",
        "right_cheek",
        "nose_base",
        "left_mouth",
        "right_mouth",
        "bottom_mouth"
    ],
    "regions": [
        {
            "label": 0,
            "probability": 0.999,
            "rect": {
                "bottom": 0.31640625,
                "left": 0.3828125,
                "right": 0.5234375,
                "top": 0.140625
            }
        },
        {
            "label": 1,
            "probability": 0.999,
            "rect": {
                "bottom": 0.23742294,
                "left": 0.48126873,
                "right": 0.48126873,
                "top": 0.23742294
            }
        },
        {
            "label": 2,
            "probability": 0.999,
            "rect": {
                "bottom": 0.24006028,
                "left": 0.44243178,
                "right": 0.44243178,
                "top": 0.24006028
            }
        },
        {
            "label": 4,
            "probability": 0.999,
            "rect": {
                "bottom": 0.2522313,
                "left": 0.50476885,
                "right": 0.50476885,
                "top": 0.2522313
            }
        }
    ]
}