{
    "created_at": "2018-09-06T15:34:13.499650",
    "file_name": "000000443969.jpg",
    "generator": "convert_to_region_cropper.py",
    "labels": [
        "position",
        "left_eye",
        "right_eye",
        "left_cheek",
        "right_cheek",
        "nose_base",
        "left_mouth",
        "right_mouth",
        "bottom_mouth"
    ],
    "regions": [
        {
            "label": 0,
            "probability": 0.999,
            "rect": {
                "bottom": 0.32421875,
                "left": 0.43359375,
                "right": 0.546875,
                "top": 0.18359375
            }
        },
        {
            "label": 1,
            "probability": 0.999,
            "rect": {
                "bottom": 0.25812367,
                "left": 0.5036339,
                "right": 0.5036339,
                "top": 0.25812367
            }
        },
        {
            "label": 2,
            "probability": 0.999,
            "rect": {
                "bottom": 0.26015458,
                "left": 0.47490877,
                "right": 0.47490877,
                "top": 0.26015458
            }
        }
    ]
}